case_id,HHID,fs_j01,fs_j01_oth,fs_j02a,fs_j02b,fs_j02c,fs_j02d,fs_j02e,fs_j02f,fs_02filter,fs_j02h,fs_j02i,fs_j02j,fs_j02k,fs_j02l,fs_j02m,fs_j03a,fs_j03b,fs_j03c,fs_j03d,fs_j03e,fs_j03f,fs_j03filter,fs_j03g,fs_j03h,fs_j03i,fs_j03j,fs_j03k,fs_j03l
101201230097,2270b653f44c4f5dbe4a62d0f32f5813,NCHENI,,1,LARGE BASKET,,SMOKED,,60000,NO,,,,,,,1,LARGE BASKET,,SMOKED,,90000,NO,,,,,,
102011240055,73dde2e9798343728bb0a59b77323d16,USIPA,,6,OTHER (SPECIFY),10 LITRE PAIL,FRESH,,8000,NO,,,,,,,12,OTHER (SPECIFY),5L BUCKET,SUN-DRIED,,6000,NO,,,,,,
102011240076,1449dd2a736f4260b3a5c00c48c01665,USIPA,,0,,,,,,,,,,,,,20,LARGE BASKET,,FRESH,,15000,NO,,,,,,
102011240157,d31225b52319469d945b0fb99de742d0,AGGREGATED,,10,SMALL BASKET,,FRESH,,7000,NO,,,,,,,5,SMALL BASKET,,FRESH,,8000,NO,,,,,,
102011240191,ff1c536c23f74272b538ba40cb8a017c,AGGREGATED,,12,OTHER (SPECIFY),10 LITRE PAIL,FRESH,,10000,NO,,,,,,,72,OTHER (SPECIFY),10 LITRE PAIL,SUN-DRIED,,15000,NO,,,,,,
102011240230,39389dfff68249caab22583818a8e325,USIPA,,3,OTHER (SPECIFY),10 LITRE PAIL,FRESH,,10000,NO,,,,,,,126,OTHER (SPECIFY),HEAPS,SUN-DRIED,,500,NO,,,,,,
102011240234,9d0ee37f03cd4e94a15a4f7d2b2bc218,USIPA,,10,OTHER (SPECIFY),10 LITRE PAIL,FRESH,,7000,NO,,,,,,,10,OTHER (SPECIFY),10 LITRE PAIL,FRESH,,10000,NO,,,,,,
102011250035,e28eae3004dc4ac3b73b01a90e63460a,USIPA,,0,,,,,,,,,,,,,0,,,,,,NO,,,,,,
102011270158,56504e358a454e228f77dab5602f635e,USIPA,,6,SMALL BASKET,,FRESH,,3000,NO,,,,,,,4,SMALL BASKET,,FRESH,,3500,NO,,,,,,
102011280005,77304548243442a1a80d6f0aca549184,USIPA,,5,SMALL BASKET,,FRESH,,2000,NO,,,,,,,5,SMALL BASKET,,FRESH,,5000,NO,,,,,,
102011280030,6680c605758841ddbe900ef0d8f78cbe,USIPA,,7,OTHER (SPECIFY),10 LITRE PAIL,FRESH,,12000,NO,,,,,,,560,OTHER (SPECIFY),HEAP,SUN-DRIED,,200,NO,,,,,,
102011280108,ffd5c8f049f14814af1112b4cba8a886,NCHENI,,0,,,,,,,,,,,,,0,,,,,,NO,,,,,,
102031310144,bd08c9d072c74aa483eebcbf185de1cc,USIPA,,0,,,,,,,,,,,,,5,SMALL BASKET,,FRESH,,3000,NO,,,,,,
102031310144,bd08c9d072c74aa483eebcbf185de1cc,CHAMBO,,0,,,,,,,,,,,,,4,LARGE BASKET,,FRESH,,30000,NO,,,,,,
102031310144,bd08c9d072c74aa483eebcbf185de1cc,MLAMBA,,0,,,,,,,,,,,,,16,SMALL BASKET,,FRESH,,10000,NO,,,,,,
102031340149,fd3fde4884b849f88371920162c589a6,AGGREGATED,,0,,,,,,,,,,,,,2,SMALL BASKET,,FRESH,,10000,NO,,,,,,
102031340186,b16818be1135482e9e3da5ee403698f0,AGGREGATED,,6,SMALL BASKET,,FRESH,,10000,NO,,,,,,,6,SMALL BASKET,,FRESH,,15000,NO,,,,,,
102031350113,aa64297c5a144e4cb978a10ba2317e93,USIPA,,120,OTHER (SPECIFY),5L BUCKET,SUN-DRIED,,1250,NO,,,,,,,360,OTHER (SPECIFY),5L BUCKET,SUN-DRIED,,3000,NO,,,,,,
102041360030,92c84f1ce8c54a3783edccfb56b0a081,USIPA,,8,OTHER (SPECIFY),10 LITRE PAIL,FRESH,,6000,NO,,,,,,,16,OTHER (SPECIFY),5L BUCKET,SUN-DRIED,,4500,NO,,,,,,
102041360136,eae3f62eed2940a0a5bbe2a495410803,OTHER,NONE,0,,,,,,,,,,,,,0,,,,,,NO,,,,,,
102041360162,7c2fe5a29b1b4351a4c347dde9f16f5c,CHAMBO,,30,PIECE,,FRESH,,1000,NO,,,,,,,360,PIECE,,FRESH,,1500,NO,,,,,,
102041360172,e6ac4fab7d95444ea0f6da2a4942b2bf,USIPA,,15,OTHER (SPECIFY),10 LITRE PAIL,FRESH,,10000,NO,,,,,,,30,OTHER (SPECIFY),5L BUCKET,SUN-DRIED,,8000,NO,,,,,,
102041360174,e4f7cfdc75d844a3b86abf1a518e0104,AGGREGATED,,0,,,,,,,,,,,,,0,,,,,,NO,,,,,,
102041360188,6568506810014f82bebe97eb14691591,USIPA,,10,OTHER (SPECIFY),10 LITRE PAIL,FRESH,,10000,NO,,,,,,,20,OTHER (SPECIFY),5L BUCKET,SUN-DRIED,,8000,NO,,,,,,
102041360190,918832af615e47c88b9ddc52dbde8314,OTHER,NONE,0,,,,,,,,,,,,,0,,,,,,NO,,,,,,
102041360193,213f1a85e1b84ac4903f704a13b195b6,USIPA,,4,OTHER (SPECIFY),10 LITRE PAIL,FRESH,,8000,NO,,,,,,,8,OTHER (SPECIFY),5L BUCKET,SUN-DRIED,,6500,NO,,,,,,
102041370048,5ce81c46158047c9ab84d9bb4d4afc7b,OTHER,MASUKUBUNJU,0,,,,,,,,,,,,,0,,,,,,NO,,,,,,
102041380207,0742aa43ddcb4f36a7289331d93a24ad,OTHER,NONE,0,,,,,,,,,,,,,0,,,,,,NO,,,,,,
102041390006,899b06a1598e42308e88166a1b3b66d8,AGGREGATED,,50,LARGE BASKET,,FRESH,,10000,NO,,,,,,,50,LARGE BASKET,,FRESH,,15000,NO,,,,,,
102051410106,17bceed3525a4ea59d90db5a75a7fa9d,USIPA,,2,LARGE BASKET,,SMOKED,,14000,NO,,,,,,,40,LARGE BASKET,,SMOKED,,26000,NO,,,,,,
102051410136,f1ce8161e4004670a8edf9f48ae59ed1,CHAMBO,,0,,,,,,,,,,,,,10,SMALL BASKET,,FRESH,,10000,NO,,,,,,
102051410136,f1ce8161e4004670a8edf9f48ae59ed1,USIPA,,0,,,,,,,,,,,,,360,LARGE BASKET,,FRESH,,5500,NO,,,,,,
102051410136,f1ce8161e4004670a8edf9f48ae59ed1,NCHENI,,0,,,,,,,,,,,,,7,LARGE BASKET,,FRESH,,9000,NO,,,,,,
102051410136,f1ce8161e4004670a8edf9f48ae59ed1,OTHER,KAMPANGO,0,,,,,,,,,,,,,30,LARGE BASKET,,FRESH,,3500,NO,,,,,,
102051410186,13bfa8ac242f4ce3b8f823be3e7daf9d,NCHENI,,0,,,,,,,,,,,,,0,,,,,,NO,,,,,,
102051410196,f5759c2a258644598a43fd1c6a26b424,NCHENI,,5,LARGE BASKET,,FRESH,,20000,YES,5,LARGE BASKET,,SMOKED,,20000,5,LARGE BASKET,,SMOKED,,45000,NO,,,,,,
102201430307,e9e09d1f25f045a2977e121c85cd8299,NCHENI,,7,LARGE BASKET,,ICED,,15000,NO,,,,,,,7,LARGE BASKET,,ICED,,26000,NO,,,,,,
102201460042,165210a5cec9462990d6f144094ceb9d,USIPA,,10,LARGE BASKET,,FRESH,,10000,NO,,,,,,,10,LARGE BASKET,,FRESH,,5000,NO,,,,,,
102201460103,c9d941818fb345438335e3c8a73347f0,AGGREGATED,,6,OTHER (SPECIFY),10 LITRE PAIL,SMOKED,,14000,NO,,,,,,,6,OTHER (SPECIFY),10 LITRE PAIL,SMOKED,,20000,NO,,,,,,
102201460206,4e417471acac4e86953bec6695c5aa55,USIPA,,6,OTHER (SPECIFY),10 LITRE PAIL,FRESH,,12000,NO,,,,,,,360,OTHER (SPECIFY),HEAP,SUN-DRIED,,250,NO,,,,,,
102201460261,70010aa27e9b49e8b844f52a8fc6ee7d,USIPA,,15,OTHER (SPECIFY),10 LITRE PAIL,FRESH,,18000,NO,,,,,,,15,OTHER (SPECIFY),10 LITRE PAIL,FRESH,,20000,NO,,,,,,
102201460330,14651bc65d6f4bdf86aaea33c334ab1e,USIPA,,12,OTHER (SPECIFY),10 LITRE PAIL,FRESH,,12000,NO,,,,,,,24,OTHER (SPECIFY),5L BUCKET,SUN-DRIED,,8000,NO,,,,,,
102201470009,7beb3da18c044ad39125c5cb2b5af5f7,USIPA,,2,SMALL BASKET,,FRESH,,9000,NO,,,,,,,2,SMALL BASKET,,FRESH,,11000,NO,,,,,,
103021520043,4a615fd4975e43baad72dbf120a5a3b4,UTAKA,,0,,,,,,,,,,,,,20,LARGE BASKET,,FRESH,,11000,NO,,,,,,
103021520121,ca477b192b344b6da709672368794576,USIPA,,0,,,,,,,,,,,,,1,LARGE BASKET,,FRESH,,30000,NO,,,,,,
103031530002,59b73b407a99406483debac0d7bb5a17,USIPA,,1,SMALL BASKET,,FRESH,,2000,NO,,,,,,,1,SMALL BASKET,,FRESH,,3500,NO,,,,,,
103041550180,63d5301b943a433da5d50baa505766aa,USIPA,,2,SMALL BASKET,,FRESH,,8000,NO,,,,,,,2,SMALL BASKET,,FRESH,,10000,NO,,,,,,
103041550229,2bbd8db25e7240a2bbd5997d053dab37,USIPA,,0,,,,,,,,,,,,,0,,,,,,NO,,,,,,
103051560008,826f18cfb28f46b38a961caee38658c8,UTAKA,,8,SMALL BASKET,,FRESH,,400000,NO,,,,,,,2,SMALL BASKET,,FRESH,,50000,NO,,,,,,
103051560014,c65b0436b3c74579a404d06664b6a048,CHAMBO,,0,,,,,,,,,,,,,0,,,,,,NO,,,,,,
103051560023,485dde2f65804638887630db88e8d60d,UTAKA,,6,5 KG BAG,,FRESH,,3000,NO,,,,,,,6,5 KG BAG,,SUN-DRIED,,4000,YES,6,5 KG BAG,,SMOKED,,5000
103051560029,9e2b74583ee74f159721f71160ae0cf3,CHAMBO,,0,,,,,,,,,,,,,4,5 KG BAG,,FRESH,,13000,NO,,,,,,
103051560034,9f6ed8b2a26547da9e9864b87f12c00f,UTAKA,,0,,,,,,,,,,,,,4,5 KG BAG,,FRESH,,3000,NO,,,,,,
103051560036,d61354615e084362a9297bebbe6266a5,UTAKA,,6,5 KG BAG,,FRESH,,4000,NO,,,,,,,6,5 KG BAG,,SUN-DRIED,,6000,YES,6,5 KG BAG,,SMOKED,,7000
103051560121,dade4852b38646408924eabdff8e9155,UTAKA,,0,,,,,,,,,,,,,1,10 KG BAG,,FRESH,,5000,NO,,,,,,
103051560124,ab73a5cba3ea4c39b51a134a3995c356,UTAKA,,0,,,,,,,,,,,,,1,SMALL BASKET,,FRESH,,7000,NO,,,,,,
103051560127,f986187c2e5e460fb5e1a6e0637c8ea5,USIPA,,0,,,,,,,,,,,,,18,5 KG BAG,,FRESH,,5000,NO,,,,,,
103061570005,c683ba6225d24cbebdb0b6dc1e8881e4,NCHENI,,1,SMALL BASKET,,FRESH,,3000,YES,0,,,,,,1,SMALL BASKET,,FRESH,,3000,YES,4,SMALL BASKET,,SMOKED,,7000
103061570040,6e7ecbbd6d7443399057e2e66f7889b3,OTHER,BATALA,0,,,,,,,,,,,,,60,PIECE,,FRESH,,300,NO,,,,,,
103061570199,95621fcb6a2e4500a79a407436ef8146,USIPA,,1,5 KG BAG,,SUN-DRIED,,4000,NO,,,,,,,1,5 KG BAG,,SUN-DRIED,,6000,NO,,,,,,
103061570203,3a350102d7ec42edadeec08e1f8555e9,OTHER,BATALA,1,10 KG BAG,,FRESH,,4000,NO,,,,,,,1,10 KG BAG,,FRESH,,6000,NO,,,,,,
103071590131,311fdbae1e814acaa952ab564c9f8460,OTHER,NO FISH TRADING,0,,,,,,,,,,,,,0,,,,,,NO,,,,,,
103071590137,2ce10fc6386840e6855ee3010a428ec2,UTAKA,,0,,,,,,,,,,,,,0,,,,,,NO,,,,,,
103071590145,ba5dcfc6f42e46f987ec987db024fd16,UTAKA,,2,10 KG BAG,,FRESH,,10000,NO,,,,,,,2,10 KG BAG,,FRESH,,10000,NO,,,,,,
103071590169,56f929979a924f0dbf18f8b87bdf1cbd,UTAKA,,0,,,,,,,,,,,,,3,5 KG BAG,,FRESH,,2000,NO,,,,,,
103071590172,dc6bcfce915647c9bed0e4ccd5e21a23,UTAKA,,0,,,,,,,,,,,,,0,,,,,,NO,,,,,,
103071590219,6c6c3cc87562426aa6b2f0de01dc4b85,UTAKA,,1,5 KG BAG,,SUN-DRIED,,6000,NO,,,,,,,1,5 KG BAG,,SUN-DRIED,,13000,NO,,,,,,
103071590219,6c6c3cc87562426aa6b2f0de01dc4b85,USIPA,,1,5 KG BAG,,SUN-DRIED,,7500,NO,,,,,,,1,5 KG BAG,,SUN-DRIED,,15000,NO,,,,,,
103081600079,b374bcac7d0d43b8a2ea386d84f7cc1c,USIPA,,6,OTHER (SPECIFY),5L BUCKET,FRESH,,2500,NO,,,,,,,6,OTHER (SPECIFY),5L BUCKET,FRESH,,3500,NO,,,,,,
103091620003,966a8f7369614dae9c2747caa722153a,USIPA,,10,SMALL BASKET,,FRESH,,3500,NO,,,,,,,10,SMALL BASKET,,FRESH,,5500,NO,,,,,,
103091620007,896fbdd3a1314a62ba6abe213695d5c4,USIPA,,4,SMALL BASKET,,FRESH,,2000,NO,,,,,,,4,SMALL BASKET,,FRESH,,3000,NO,,,,,,
103091620011,a715151846fc48d2867c9079374ce2c8,USIPA,,20,SMALL BASKET,,FRESH,,3000,NO,,,,,,,20,SMALL BASKET,,FRESH,,4500,NO,,,,,,
103091620012,44b58a80f2394709b5d320523950e675,OTHER,NO FISHING TRADING ACTIVITIES DURING LOW SEASON WAS DONE,0,,,,,,,,,,,,,0,,,,,,NO,,,,,,
103091620014,e5ef30cd32f842f99e81b66256283285,OTHER,NO FISH TRADING ACTIVITIES DONE,0,,,,,,,,,,,,,0,,,,,,NO,,,,,,
103091620017,7bdeb0713a3a4be3adbd57b9d856c8ae,UTAKA,,2,SMALL BASKET,,SMOKED,,3000,NO,,,,,,,2,SMALL BASKET,,SMOKED,,5000,NO,,,,,,
103091620022,441a7583bdfa46bab21f95056eb32d95,NCHENI,,1,SMALL BASKET,,SUN-DRIED,,2000,NO,,,,,,,1,SMALL BASKET,,SMOKED,,3000,NO,,,,,,
103091620025,ddd3d5fe5f564353a0e26cd8d6382e64,UTAKA,,5,OTHER (SPECIFY),5L BUCKET,FRESH,,4000,NO,,,,,,,5,OTHER (SPECIFY),5L BUCKET,SMOKED,,7000,NO,,,,,,
103091620025,ddd3d5fe5f564353a0e26cd8d6382e64,USIPA,,10,OTHER (SPECIFY),5L BUCKET,FRESH,,4000,NO,,,,,,,10,OTHER (SPECIFY),5L BUCKET,SUN-DRIED,,5000,NO,,,,,,
103091620072,09b3c4f6c90d4a11bae782b23e1e09df,USIPA,,9,LARGE BASKET,,SUN-DRIED,,3000,NO,,,,,,,9,SMALL BASKET,,SUN-DRIED,,4000,NO,,,,,,
103091620078,82a903b5201b4ad59bf79a87749d1e14,USIPA,,0,,,,,,,,,,,,,0,,,,,,NO,,,,,,
103091620098,17f873e1c4a44d02a3ac76944fb536f6,USIPA,,3,SMALL BASKET,,FRESH,,3000,NO,,,,,,,3000,SMALL BASKET,,FRESH,,3500,NO,,,,,,
103121640003,891f1b2de1ff4503bac4f3c38e2b6a67,USIPA,,10,SMALL BASKET,,FRESH,,1500,NO,,,,,,,10,SMALL BASKET,,SUN-DRIED,,1800,NO,,,,,,
103121640021,022aae14b41d46488caa895611177b7b,USIPA,,13,SMALL BASKET,,FRESH,,4500,NO,,,,,,,13,SMALL BASKET,,FRESH,,6000,NO,,,,,,
103121640028,9cb397625ab94955bdc911e682c5f4b0,OTHER,NO FISH TRADING WAS DONE IN LOW SEASON,0,,,,,,,,,,,,,0,,,,,,NO,,,,,,
103121640031,cdbb743f058e44b7b07d5ca1fd259661,OTHER,NO FISH TRADING DONE,0,,,,,,,,,,,,,0,,,,,,NO,,,,,,
103121640035,25202b0dc90640c78a0fe39a634041bf,USIPA,,7,SMALL BASKET,,FRESH,,1500,NO,,,,,,,5,SMALL BASKET,,FRESH,,4000,NO,,,,,,
103121640052,55ef8142719f4a908c8fcaec40cbc879,USIPA,,20,OTHER (SPECIFY),5L BUCKET,SUN-DRIED,,2500,NO,,,,,,,25,OTHER (SPECIFY),5L BUCKET,SUN-DRIED,,4000,NO,,,,,,
103121640052,55ef8142719f4a908c8fcaec40cbc879,UTAKA,,15,OTHER (SPECIFY),5L BUCKET,SUN-DRIED,,3000,NO,,,,,,,15,OTHER (SPECIFY),5L BUCKET,SMOKED,,5000,NO,,,,,,
103121640053,e541cfb3d3904973b73d26dfa086688b,USIPA,,10,OTHER (SPECIFY),5L BUCKET,SMOKED,,4500,NO,,,,,,,60000,OTHER (SPECIFY),4 BASIN LARGE,SMOKED,,15000,NO,,,,,,
103121640053,e541cfb3d3904973b73d26dfa086688b,UTAKA,,6,OTHER (SPECIFY),5L BUCKET,SMOKED,,3000,NO,,,,,,,36000,OTHER (SPECIFY),5L BUCKET,SMOKED,,6000,NO,,,,,,
103121640062,4e809b335b844db28d06a96d374f87f2,USIPA,,40,SMALL BASKET,,FRESH,,3000,NO,,,,,,,10,SMALL BASKET,,FRESH,,3000,NO,,,,,,
103121640067,baae54b6d8fc453c856acbdc577bd9a2,UTAKA,,12,LARGE BASKET,,SUN-DRIED,,3,NO,,,,,,,3,SMALL BASKET,,SUN-DRIED,,3000,NO,,,,,,
103121640081,9569dcb935024d28b6d4d042bf28b865,USIPA,,20,SMALL BASKET,,FRESH,,3500,NO,,,,,,,10,SMALL BASKET,,OTHER (SPECIFY),wa muluuli,4500,NO,,,,,,
103121640082,8af31ea03b1f4d19823e846ee669cbf6,USIPA,,0,,,,,,,,,,,,,0,,,,,,NO,,,,,,
103121650179,cba0fa54bfa74ada8d6382d8aab3fae7,CHAMBO,,0,,,,,,,,,,,,,1,LARGE BASKET,,FRESH,,80000,NO,,,,,,
103121650471,d8d67896703b4e9482c723dc3e2cc370,USIPA,,20,KILOGRAM,,SUN-DRIED,,35000,NO,,,,,,,20,KILOGRAM,,SUN-DRIED,,40000,NO,,,,,,
103121650471,d8d67896703b4e9482c723dc3e2cc370,UTAKA,,5,KILOGRAM,,SUN-DRIED,,5000,NO,,,,,,,5,KILOGRAM,,SUN-DRIED,,6500,NO,,,,,,
103121660089,ce97d4fe0ebb4eee8c921539ed3c178d,OTHER,NO FISHINH DONE,0,,,,,,,,,,,,,0,,,,,,NO,,,,,,
103201680072,987b4bd27aa442968db466205a1e3536,NCHENI,,1,LARGE BASKET,,FRESH,,60000,NO,,,,,,,1,LARGE BASKET,,FRESH,,75000,NO,,,,,,
103201680072,987b4bd27aa442968db466205a1e3536,USIPA,,1,LARGE BASKET,,FRESH,,60000,NO,,,,,,,1,LARGE BASKET,,FRESH,,75000,NO,,,,,,
103201680072,987b4bd27aa442968db466205a1e3536,MLAMBA,,15,PIECE,,FRESH,,2000,NO,,,,,,,15,PIECE,,FRESH,,3000,NO,,,,,,
103201680086,4ff89dca92af45b684af7220cedd61ba,USIPA,,1,LARGE BASKET,,FRESH,,40000,NO,,,,,,,1,LARGE BASKET,,FRESH,,55000,NO,,,,,,
103201680136,1e7ca8bed2e7408ca2ecbbd9888a357a,USIPA,,3,SMALL BASKET,,FRESH,,3500,NO,,,,,,,3,SMALL BASKET,,FRESH,,4500,NO,,,,,,
104041780137,c99c252d0f00467aa85701cf5642b95a,UTAKA,,0,,,,,,,,,,,,,8,LARGE BASKET,,FRESH,,8000,NO,,,,,,
104071820287,691e7b5b0d364ba88eb7fd5cc92dd08c,OTHER,MASKUHUNJU,2,LARGE BASKET,,SMOKED,,7000,NO,,,,,,,2,LARGE BASKET,,SMOKED,,8000,NO,,,,,,
104201890128,4c55c9d701b247ceb85adc68fb6f7955,CHAMBO,,24,LARGE BASKET,,FRESH,,18000,NO,,,,,,,24,LARGE BASKET,,FRESH,,28000,NO,,,,,,
105041980029,2e0b88f7cb60435a8d92895d33ac50c4,OTHER,KAZUNI,0,,,,,,,,,,,,,0,,,,,,NO,,,,,,
105082070130,48a751d5b7814dc7963fe031235b7e1f,NCHENI,,0,,,,,,,,,,,,,0,,,,,,NO,,,,,,
105082070130,48a751d5b7814dc7963fe031235b7e1f,UTAKA,,0,,,,,,,,,,,,,0,,,,,,NO,,,,,,
106012110004,d44fc041d3cf42928b460ca5e04ead07,USIPA,,1,SMALL BASKET,,SUN-DRIED,,7000,NO,,,,,,,7000,SMALL BASKET,,SUN-DRIED,,7000,NO,,,,,,
106012110035,555df629fecb46188e9ac0d9c6604c15,NCHENI,,0,,,,,,,,,,,,,0,,,,,,NO,,,,,,
106012110048,342472e366f946749694e1d4073060b9,USIPA,,2,LARGE BASKET,,FRESH,,15000,NO,,,,,,,15000,LARGE BASKET,,FRESH,,15000,NO,,,,,,
106012110053,543cc1d9ba2441ada5fcb314ba212923,UTAKA,,0,,,,,,,,,,,,,20000,LARGE BASKET,,FRESH,,20000,NO,,,,,,
106012110070,db8d62f269ce4087b6888253bfe2c32b,NCHENI,,0,,,,,,,,,,,,,144,SMALL BASKET,,FRESH,,10000,NO,,,,,,
106012110077,c8a435b803704218b05c556b00cfddb4,UTAKA,,1,LARGE BASKET,,FRESH,,30000,NO,,,,,,,24,LARGE BASKET,,SUN-DRIED,,52500,NO,,,,,,
106012110077,c8a435b803704218b05c556b00cfddb4,USIPA,,1,LARGE BASKET,,FRESH,,25000,NO,,,,,,,24,LARGE BASKET,,SUN-DRIED,,49000,NO,,,,,,
106012110078,f7c465a554084ab4a81239bb6dbb1e4d,USIPA,,0,,,,,,,,,,,,,20,LARGE BASKET,,FRESH,,20000,NO,,,,,,
106012110078,f7c465a554084ab4a81239bb6dbb1e4d,OTHER,BATALA,0,,,,,,,,,,,,,5,PIECE,,FRESH,,350,NO,,,,,,
106012110094,71d995caf65841f08abada272723506d,UTAKA,,0,,,,,,,,,,,,,6,10 KG BAG,,FRESH,,7500,NO,,,,,,
106012110109,d4f329c6aab0471a8b64d42108bbf047,UTAKA,,0,,,,,,,,,,,,,2,10 KG BAG,,FRESH,,4500,NO,,,,,,
106012110360,8b8846595c544806a0848e62b383f1a3,OTHER,JAMISON,0,,,,,,,,,,,,,2,SMALL BASKET,,SUN-DRIED,,20000,NO,,,,,,
106012110398,0eb1bca745c64cf0b7c6a3f44598e6de,NCHENI,,0,,,,,,,,,,,,,6,10 KG BAG,,FRESH,,3500,NO,,,,,,
106012110398,0eb1bca745c64cf0b7c6a3f44598e6de,UTAKA,,0,,,,,,,,,,,,,12,10 KG BAG,,FRESH,,6500,NO,,,,,,
106012110432,bd8f8975d684493d8129ce8b7c1f8d5d,NCHENI,,0,,,,,,,,,,,,,60,10 KG BAG,,SUN-DRIED,,6000,NO,,,,,,
106012110432,bd8f8975d684493d8129ce8b7c1f8d5d,UTAKA,,0,,,,,,,,,,,,,0,,,,,,NO,,,,,,
106012120009,504b66d8aad24789be957a3d3ff3bd0c,USIPA,,0,,,,,,,,,,,,,0,,,,,,NO,,,,,,
106012120030,05bf82dd81ff46bd8b6939b1198d3cc9,USIPA,,0,,,,,,,,,,,,,0,,,,,,NO,,,,,,
106012120040,c6618cc94bad4c4f94f1bdea292492ad,UTAKA,,0,,,,,,,,,,,,,0,,,,,,NO,,,,,,
106012120044,0be0747c8c6b45ab805f47e59f7e7dcf,USIPA,,90,KILOGRAM,,SUN-DRIED,,27000,NO,,,,,,,90,KILOGRAM,,SUN-DRIED,,50600,NO,,,,,,
106012120104,6be3950e67f949b3ba53e41510beb3f8,UTAKA,,0,,,,,,,,,,,,,0,,,,,,NO,,,,,,
106012120152,aa136f9bff0e4b0f97b0689ac633ee3c,UTAKA,,45000,OTHER (SPECIFY),BOAT,FRESH,,90000,NO,,,,,,,50,SMALL BASKET,,FRESH,,90000,NO,,,,,,
106012120165,a330bee74902463c83da3a42a11eeb61,UTAKA,,50,SMALL BASKET,,FRESH,,4500,NO,,,,,,,100,SMALL BASKET,,SUN-DRIED,,4500,NO,,,,,,
106012120237,24f8736697264da0987209d6be9228f2,NCHENI,,0,,,,,,,,,,,,,0,,,,,,NO,,,,,,
106012120242,9c7dca1046d247c6a16cc488615aa027,USIPA,,102000,SMALL BASKET,,FRESH,,3000,NO,,,,,,,70000,SMALL BASKET,,FRESH,,3000,NO,,,,,,
106012120242,9c7dca1046d247c6a16cc488615aa027,UTAKA,,128000,SMALL BASKET,,FRESH,,3000,NO,,,,,,,60000,SMALL BASKET,,FRESH,,0,NO,,,,,,
107392250104,9aae346102d540c28a8ba2beca80553b,USIPA,,1,5 KG BAG,,SUN-DRIED,,6000,NO,,,,,,,4,5 KG BAG,,SUN-DRIED,,7000,NO,,,,,,
107402300081,fc9c183b2b754a91b1984e5de92dbc44,OTHER,NO FISH TRADING DURING THIS PERIOD,0,,,,,,,,,,,,,0,,,,,,NO,,,,,,
201012370054,3498e3e819d442fb918936d1ceeedbf1,UTAKA,,1,10 KG BAG,,SUN-DRIED,,3000,NO,,,,,,,1,10 KG BAG,,SUN-DRIED,,6000,NO,,,,,,
201012370054,3498e3e819d442fb918936d1ceeedbf1,USIPA,,1,10 KG BAG,,SUN-DRIED,,5000,NO,,,,,,,1,10 KG BAG,,SUN-DRIED,,8000,NO,,,,,,
201012370067,f55ac8afe5ca4cc48b52bb7a62e639a3,NCHENI,,1,LARGE BASKET,,SMOKED,,50000,NO,,,,,,,1,LARGE BASKET,,SMOKED,,90000,NO,,,,,,
201042400156,46a5daaf62c248da97fcc10129e832b6,USIPA,,3,OTHER (SPECIFY),"3,   5.LITRE BUCKET",SUN-DRIED,,4000,NO,,,,,,,18000,OTHER (SPECIFY),3 BUCKETS,SUN-DRIED,,6000,NO,,,,,,
201042400340,2939e73be2d142bc9c40bb14c40ec65f,USIPA,,2,SMALL BASKET,,SUN-DRIED,,9000,NO,,,,,,,2,SMALL BASKET,,SUN-DRIED,,4500,NO,,,,,,
201062420249,c129d18d85e045fca1289a32706eba8e,USIPA,,1,5 KG BAG,,SUN-DRIED,,3000,NO,,,,,,,1,5 KG BAG,,SUN-DRIED,,6000,NO,,,,,,
201062420249,c129d18d85e045fca1289a32706eba8e,UTAKA,,1,5 KG BAG,,SUN-DRIED,,3500,NO,,,,,,,1,5 KG BAG,,SUN-DRIED,,7000,NO,,,,,,
201062420307,905312d7c13647c1be0f0f6e151bb0f7,USIPA,,1,5 KG BAG,,SUN-DRIED,,3000,NO,,,,,,,1,5 KG BAG,,SUN-DRIED,,7000,YES,2,5 KG BAG,,SUN-DRIED,,3500
201132480069,9537c2af38204504b3ab3ba33d3a1873,OTHER,MAKELELE,60,KILOGRAM,,FRESH,,20000,NO,,,,,,,60,KILOGRAM,,FRESH,,40000,NO,,,,,,
201202510452,33562022c89342cdb15d85e78156605f,CHAMBO,,7,LARGE BASKET,,FRESH,,75000,NO,,,,,,,30,LARGE BASKET,,FRESH,,105000,NO,,,,,,
201202510452,33562022c89342cdb15d85e78156605f,NCHENI,,12,LARGE BASKET,,FRESH,,25000,NO,,,,,,,400000,LARGE BASKET,,FRESH,,40000,NO,,,,,,
201232570069,caa7c5e39df04ccea53bcfdc1c46e556,USIPA,,1,5 KG BAG,,SUN-DRIED,,3000,NO,,,,,,,1,5 KG BAG,,SUN-DRIED,,3500,NO,,,,,,
202012610034,1a66dc2cc2f443e9bf44d36163d02efe,MATEMBA,,0,,,,,,,,,,,,,0,,,,,,NO,,,,,,
202012610047,829cfd6017e042bfbd03078497083042,MLAMBA,,0,,,,,,,,,,,,,40,PIECE,,FRESH,,20000,NO,,,,,,
202012610085,af553d7e86654519b98e08efbe6c72ed,NCHENI,,0,,,,,,,,,,,,,0,,,,,,NO,,,,,,
202012610111,a82df73a7ae247ab951a3bcb06d153db,USIPA,,0,,,,,,,,,,,,,0,,,,,,NO,,,,,,
202012610288,26adc41013a94298b69eb3598e8dad22,USIPA,,5,OTHER (SPECIFY),90 KGS BAG,SUN-DRIED,,100000,NO,,,,,,,5,OTHER (SPECIFY),90 KG BGS,SUN-DRIED,,200000,YES,400000,OTHER (SPECIFY),90 kgs Bags,SUN-DRIED,,200000
202012610405,9d70f67249c746d7b8ea515f7c63645b,MLAMBA,,7,DOZEN / BUNDLE,,FRESH,,19000,NO,,,,,,,1,DOZEN / BUNDLE,,ICED,,20000,NO,,,,,,
202012610405,9d70f67249c746d7b8ea515f7c63645b,CHAMBO,,2,LARGE BASKET,,FRESH,,30000,NO,,,,,,,3,DOZEN / BUNDLE,,ICED,,80000,NO,,,,,,
202012620127,2681a23aa5b94cdba2a4c85af24ea49d,USIPA,,2,SMALL BASKET,,SUN-DRIED,,10000,NO,,,,,,,11,DOZEN / BUNDLE,,SUN-DRIED,,200,NO,,,,,,
202012630048,cfaf93d4cc23462bbbaeafca87f9d7b9,CHAMBO,,0,,,,,,,,,,,,,0,,,,,,NO,,,,,,
202012630183,dd9fd89a14db4172b564ba88586476e0,USIPA,,1,SMALL BASKET,,SUN-DRIED,,2500,NO,,,,,,,3000,SMALL BASKET,,SUN-DRIED,,3000,NO,,,,,,
202012640015,eabe542e016e4f9092ac9982b486ce99,UTAKA,,1,SMALL BASKET,,SUN-DRIED,,4500,NO,,,,,,,1,SMALL BASKET,,SUN-DRIED,,6000,NO,,,,,,
202012640209,338025b7ebba4cde9ee471f5a3750a6f,UTAKA,,0,,,,,,,,,,,,,0,,,,,,NO,,,,,,
202012640248,2e467500122f43dbb03b768163ece17b,UTAKA,,0,,,,,,,,,,,,,0,,,,,,NO,,,,,,
202012640252,1961dbf9c3a947129d725cac98bf73b1,MLAMBA,,0,,,,,,,,,,,,,0,,,,,,NO,,,,,,
202012640296,6449d264804649feb5879bc9104b10c3,UTAKA,,0,,,,,,,,,,,,,0,,,,,,NO,,,,,,
202012650096,c674acba1a3146e5931d27264639035c,UTAKA,,0,,,,,,,,,,,,,0,,,,,,NO,,,,,,
202022680278,11288a6789824f339732eb04da0eb8e7,MLAMBA,,0,,,,,,,,,,,,,0,,,,,,NO,,,,,,
202032690164,0cefcd136f374aaf9ae3823df18e3f25,OTHER,NONE,0,,,,,,,,,,,,,0,,,,,,NO,,,,,,
202032690233,aea3dd3b707145e2aab3a7588bd1fdd6,MLAMBA,,0,,,,,,,,,,,,,0,,,,,,NO,,,,,,
202032690349,7d782d8a2d9840f5aa81f257e9b66344,OTHER,MBABA,2,DOZEN / BUNDLE,,FRESH,,4500,NO,,,,,,,2,DOZEN / BUNDLE,,FRESH,,7000,NO,,,,,,
202042700038,ad2716ee75784ef79a82fbeaa12d796c,MLAMBA,,0,,,,,,,,,,,,,0,,,,,,NO,,,,,,
202042700041,4e0ae39c3acd40b08221882ec4771e8d,CHAMBO,,0,,,,,,,,,,,,,0,,,,,,NO,,,,,,
202042700118,eb7f8207ec0341fba18c0e5adef3c9c8,MLAMBA,,2,SMALL BASKET,,FRESH,,8000,NO,,,,,,,12,SMALL BASKET,,FRESH,,5000,NO,,,,,,
202042700118,eb7f8207ec0341fba18c0e5adef3c9c8,MATEMBA,,4,SMALL BASKET,,FRESH,,4000,NO,,,,,,,2,SMALL BASKET,,FRESH,,4000,NO,,,,,,
202042710177,c6735b6c1436494b9a2502bcf7ac4fd5,MLAMBA,,0,,,,,,,,,,,,,0,,,,,,NO,,,,,,
202052730008,2c5791e971bd45a2ab323acc8524ba15,MATEMBA,,0,,,,,,,,,,,,,0,,,,,,NO,,,,,,
202062740428,05663c5cc5c44c769182e787c00935a0,NCHENI,,70000,LARGE BASKET,,SMOKED,,20000,NO,,,,,,,50000,LARGE BASKET,,SMOKED,,50000,NO,,,,,,
202062750140,a198f2580cf54e13bbfa68311ced3656,USIPA,,10000,SMALL BASKET,,FRESH,,150,NO,,,,,,,16000,SMALL BASKET,,SUN-DRIED,,12000,NO,,,,,,
202062760073,8dd4a2c502924f25b03154276d68d9cb,USIPA,,5000,10 KG BAG,,FRESH,,1500,NO,,,,,,,3000,10 KG BAG,,FRESH,,2000,NO,,,,,,
202062760073,8dd4a2c502924f25b03154276d68d9cb,NCHENI,,6000,10 KG BAG,,FRESH,,2000,NO,,,,,,,4000,10 KG BAG,,FRESH,,1500,NO,,,,,,
202062770118,ec1dae3c2e444e05bf87d07242528189,MATEMBA,,0,,,,,,,,,,,,,0,,,,,,NO,,,,,,
202062770286,dcb807759a7f4f09bdd082ddddc9bc24,NCHENI,,0,,,,,,,,,,,,,0,,,,,,NO,,,,,,
202062790306,6ab88b8c4aa44dd5b9738190d085d919,OTHER,DID NOT BUY OR SALE ANY FISH DURING LOW SEASON TO AVOID LOSSES SINCE FISH WAS NOT EASILY AVAILABLE,0,,,,,,,,,,,,,0,,,,,,NO,,,,,,
203022860074,ed522656705840c19c8ef5494a82406a,UTAKA,,0,,,,,,,,,,,,,0,,,,,,NO,,,,,,
203042940004,d59071446e4d43169d8fcab95585a1b7,USIPA,,0,,,,,,,,,,,,,0,,,,,,NO,,,,,,
203042940018,cc4df7980e71436bbbeba2f7dbf32434,USIPA,,0,,,,,,,,,,,,,0,,,,,,NO,,,,,,
203063000058,49bc806a98134d20b716d6e39a4fdf97,UTAKA,,1,SMALL BASKET,,SUN-DRIED,,20000,NO,,,,,,,5000,DOZEN / BUNDLE,,SUN-DRIED,,250,NO,,,,,,
203073010043,15a741ae6324401288ab1c09f6e94197,MATEMBA,,0,,,,,,,,,,,,,0,,,,,,NO,,,,,,
203073010095,28edae89a19944829e6156a16565d79b,USIPA,,30000,SMALL BASKET,,SUN-DRIED,,3000,NO,,,,,,,36000,SMALL BASKET,,SUN-DRIED,,3600,NO,,,,,,
204013060229,c1dd7f37d3d1487f9fffe745272d8ae3,USIPA,,2,SMALL BASKET,,SUN-DRIED,,200,NO,,,,,,,2,SMALL BASKET,,SUN-DRIED,,200,NO,,,,,,
204023070117,4f319e8063934b4a9054ec39f51fbcbc,USIPA,,0,,,,,,,,,,,,,0,,,,,,NO,,,,,,
204023070135,a62ed6d6a7404335b8fd4144ea563f7f,USIPA,,0,,,,,,,,,,,,,0,,,,,,NO,,,,,,
204023070153,3ea4ce31d527493ba684dd02cc71cc7c,MLAMBA,,0,,,,,,,,,,,,,0,,,,,,NO,,,,,,
204043140113,f37e017d40b04262b9f04baf2707f967,USIPA,,6,SMALL BASKET,,SUN-DRIED,,1500,NO,,,,,,,6,SMALL BASKET,,SUN-DRIED,,1500,NO,,,,,,
205013260076,1e316d1748cd43f4a233a47227605b48,OTHER,DID NOT DO ANY FISHING ACTIVITY,0,,,,,,,,,,,,,0,,,,,,NO,,,,,,
205013280943,baf974ca5ded4c0cbf31b8a14950bf31,CHAMBO,,4,DOZEN / BUNDLE,,FRESH,,5000,NO,,,,,,,4,PIECE,,FRESH,,1500,NO,,,,,,
205013280943,baf974ca5ded4c0cbf31b8a14950bf31,OTHER,SAPUWA,20,DOZEN / BUNDLE,,FRESH,,3000,NO,,,,,,,15,PIECE,,FRESH,,500,NO,,,,,,
205013280943,baf974ca5ded4c0cbf31b8a14950bf31,NCHENI,,10,DOZEN / BUNDLE,,FRESH,,7000,NO,,,,,,,40,PIECE,,FRESH,,500,NO,,,,,,
205023290221,1e8162bd07cb47c2b6052f710da869ff,OTHER,NKHOLOKOLO,500,DOZEN / BUNDLE,,FRESH,,200,NO,,,,,,,7000,DOZEN / BUNDLE,,FRESH,,200,NO,,,,,,
205043350070,fd697fb8b25443b59da36ca122d337a9,OTHER,MPASA,0,,,,,,,,,,,,,0,,,,,,NO,,,,,,
205053360219,5754b076f97e48c48fd86455ae881c91,CHAMBO,,0,,,,,,,,,,,,,3,DOZEN / BUNDLE,,FRESH,,12000,NO,,,,,,
205053370039,8b81dd0a679948b880b66a1f598c45a0,NCHENI,,3,LARGE BASKET,,FRESH,,30000,NO,,,,,,,45000,LARGE BASKET,,FRESH,,45000,NO,,,,,,
205053370057,5c6184ef621c4f14ba30fa29cd13147a,CHAMBO,,2,DOZEN / BUNDLE,,FRESH,,3000,NO,,,,,,,1,DOZEN / BUNDLE,,FRESH,,3000,NO,,,,,,
205063380099,043b0614c80041e7bb86224e331c7834,NCHENI,,2,SMALL BASKET,,FRESH,,3000,NO,,,,,,,12000,SMALL BASKET,,FRESH,,3000,NO,,,,,,
205063380124,b22f72637bb147e1a837a25a35160eb9,UTAKA,,1,DOZEN / BUNDLE,,FRESH,,600,NO,,,,,,,1,DOZEN / BUNDLE,,SMOKED,,1000,NO,,,,,,
205063380157,1f52142bf553415ebfeddd7d91bb2675,NCHENI,,0,,,,,,,,,,,,,4,SMALL BASKET,,FRESH,,2000,NO,,,,,,
205073400131,8ceb91f645784a15b6b4b660f9eca9fc,MATEMBA,,1,SMALL BASKET,,OTHER (SPECIFY),flied,16000,NO,,,,,,,1,SMALL BASKET,,OTHER (SPECIFY),flied,23000,NO,,,,,,
205073430141,1d3c6e020a134f6cb2f74711ceb9c5dc,NCHENI,,1,LARGE BASKET,,SUN-DRIED,,20000,NO,,,,,,,1,LARGE BASKET,,SUN-DRIED,,40000,NO,,,,,,
205213480093,83c41f6877454a1cab4bc0bc10e774a2,USIPA,,5,SMALL BASKET,,SUN-DRIED,,1000,NO,,,,,,,1,SMALL BASKET,,SUN-DRIED,,1000,NO,,,,,,
206053620027,2028a47b8a6d45efb6152a515c5cf0a4,OTHER,MINGWI,0,,,,,,,,,,,,,300,OTHER (SPECIFY),KHOFI,FRESH,,300,NO,,,,,,
206083670202,55d5d9da934c457f8d87fa50fceee8fb,USIPA,,1,SMALL BASKET,,SUN-DRIED,,3000,NO,,,,,,,1,SMALL BASKET,,SUN-DRIED,,3900,NO,,,,,,
206093710094,7ce47bc9fca74b2392b3b51f4d49bf38,MATEMBA,,6,LARGE BASKET,,FRESH,,7000,NO,,,,,,,6,LARGE BASKET,,FRESH,,10000,NO,,,,,,
206163790366,47606658b55940f1a420bd7b64c65f2d,MAKAKANI,,0,,,,,,,,,,,,,0,,,,,,NO,,,,,,
207023890200,9e44309522e94691845bf0f2f15041d3,MLAMBA,,1000,SMALL BASKET,,FRESH,,2000,NO,,,,,,,6000,SMALL BASKET,,FRESH,,500,NO,,,,,,
207033920187,fbf0e0e5c6f2434bb8820033f44c5e14,CHAMBO,,25000,LARGE BASKET,,FRESH,,25000,NO,,,,,,,42,PIECE,,FRESH,,700,NO,,,,,,
207074000179,6477f55c73e44a80a8b6c57d530a8ad9,MLAMBA,,0,,,,,,,,,,,,,5,PIECE,,FRESH,,100,NO,,,,,,
207074010032,b128cc944a5d4d6f80785919fde72513,OTHER,BEREBETE,1,SMALL BASKET,,SUN-DRIED,,3500,NO,,,,,,,3500,SMALL BASKET,,SUN-DRIED,,250,NO,,,,,,
207074010118,007e60d0bf334854b312ccb2409eed7f,OTHER,BEREBETE,1,SMALL BASKET,,SUN-DRIED,,3000,NO,,,,,,,1,SMALL BASKET,,SUN-DRIED,,3000,NO,,,,,,
207074010142,d5762b677bd8479fb15446ade5c22d04,MATEMBA,,0,,,,,,,,,,,,,0,,,,,,NO,,,,,,
207124050150,429b493db415475dbd88d0f4af3c054e,UTAKA,,50,PIECE,,SUN-DRIED,,70,NO,,,,,,,40,PIECE,,SUN-DRIED,,50,NO,,,,,,
207204060054,363805e62cbf41b2980a5763f4a6e1fa,UTAKA,,1,OTHER (SPECIFY),50 KG BAG,SUN-DRIED,,70000,NO,,,,,,,1,OTHER (SPECIFY),50 KG BAG,SUN-DRIED,,100000,NO,,,,,,
207204060054,363805e62cbf41b2980a5763f4a6e1fa,USIPA,,1,OTHER (SPECIFY),50 KG BAG,SUN-DRIED,,120000,NO,,,,,,,1,OTHER (SPECIFY),50 KG BAG,SUN-DRIED,,120000,NO,,,,,,
207204060187,afa03f7d108b4edf82d4164831a15722,NCHENI,,15,DOZEN / BUNDLE,,SMOKED,,800,NO,,,,,,,10,DOZEN / BUNDLE,,SMOKED,,1500,NO,,,,,,
207204060187,afa03f7d108b4edf82d4164831a15722,USIPA,,2,SMALL BASKET,,SMOKED,,4000,NO,,,,,,,6000,SMALL BASKET,,SMOKED,,300,NO,,,,,,
207204060187,afa03f7d108b4edf82d4164831a15722,CHAMBO,,20,DOZEN / BUNDLE,,SMOKED,,4000,NO,,,,,,,10,DOZEN / BUNDLE,,SMOKED,,1500,NO,,,,,,
207204060187,afa03f7d108b4edf82d4164831a15722,UTAKA,,3,SMALL BASKET,,SMOKED,,5000,NO,,,,,,,7000,SMALL BASKET,,SMOKED,,300,NO,,,,,,
208014080044,bb27fb51c9d34cbaa5e7f6d3756799b6,OTHER,BAKAYAWO,3,SMALL BASKET,,SUN-DRIED,,900,NO,,,,,,,3,SMALL BASKET,,SUN-DRIED,,2500,NO,,,,,,
208014110193,e0dc887544b04796adaa020454652032,OTHER,NONE,0,,,,,,,,,,,,,0,,,,,,NO,,,,,,
208034140003,2a41076421b44f979e43636d9728424d,OTHER,NO FISHING,0,,,,,,,,,,,,,0,,,,,,NO,,,,,,
209024310071,f11db0ef282945f89d7223fb20282d29,UTAKA,,2,SMALL BASKET,,SMOKED,,4500,NO,,,,,,,1,SMALL BASKET,,SMOKED,,6500,NO,,,,,,
209024310071,f11db0ef282945f89d7223fb20282d29,USIPA,,3,SMALL BASKET,,SUN-DRIED,,4200,NO,,,,,,,1,SMALL BASKET,,SUN-DRIED,,6000,NO,,,,,,
209054380122,0153f47bc58a4036acb8cf0f16309dd2,OTHER,NONE,0,,,,,,,,,,,,,0,,,,,,NO,,,,,,
209074400045,813cdddc94cc42c3aca0d1c5d3e10374,USIPA,,1,OTHER (SPECIFY),GABA PAIL,SUN-DRIED,,500,NO,,,,,,,0,,,,,,NO,,,,,,
209074400120,324309d1cc404b92995f7c327f824740,OTHER,NONE,0,,,,,,,,,,,,,0,,,,,,NO,,,,,,
209094440120,0b6a41558a064562be0fd38e85190cf3,NCHENI,,2,DOZEN / BUNDLE,,SMOKED,,1000,NO,,,,,,,2,DOZEN / BUNDLE,,SMOKED,,2500,NO,,,,,,
209094440120,0b6a41558a064562be0fd38e85190cf3,UTAKA,,3,5 KG BAG,,SMOKED,,5000,NO,,,,,,,3,5 KG BAG,,SMOKED,,7000,NO,,,,,,
209104480147,b2a4b91793424016b53eab4f8765ec6a,OTHER,NONE,0,,,,,,,,,,,,,0,,,,,,NO,,,,,,
210404530056,246f24d6868f4d65bf0ac9a4d82f1edd,USIPA,,0,,,,,,,,,,,,,0,,,,,,NO,,,,,,
210524560148,c4abd3112d7947b5a91ee7c1e1116157,OTHER,ORECHROMIS SPECIES FRIM MOZAMBIQUE,80000,LARGE BASKET,,FRESH,,6000,NO,,,,,,,140000,LARGE BASKET,,ICED,,125000,NO,,,,,,
210744700137,71dc023e07af49178e0456b4e18015a3,OTHER,NONE,0,,,,,,,,,,,,,0,,,,,,NO,,,,,,
210814760094,d382e45049974e5baf0d325a38906db6,NCHENI,,30000,PIECE,,SUN-DRIED,,1000,NO,,,,,,,20000,PIECE,,SUN-DRIED,,1000,NO,,,,,,
210834770069,2a1005333abc4ac1ad79c0051f7b04ae,USIPA,,2,SMALL BASKET,,FRESH,,2500,NO,,,,,,,2,SMALL BASKET,,FRESH,,4000,NO,,,,,,
210834770069,2a1005333abc4ac1ad79c0051f7b04ae,NCHENI,,10,DOZEN / BUNDLE,,FRESH,,500,NO,,,,,,,10,DOZEN / BUNDLE,,FRESH,,800,NO,,,,,,
210854780182,16fda3533fea49ca95e32bb02d73263d,MATEMBA,,5,KILOGRAM,,OTHER (SPECIFY),heap,1000,NO,,,,,,,1500,OTHER (SPECIFY),HEAP,OTHER (SPECIFY),heap,1500,NO,,,,,,
301014850160,cf4572ae99184feba6dc86dec75e5902,USIPA,,25,KILOGRAM,,SUN-DRIED,,30000,NO,,,,,,,20,KILOGRAM,,SUN-DRIED,,40000,NO,,,,,,
301014850221,404755a1aa2d4f9894ebd315a4b73e6e,NCHENI,,0,,,,,,,,,,,,,1,LARGE BASKET,,FRESH,,16000,NO,,,,,,
301024880157,89346232f7d3434b8116a01d71d1711e,MAKUMBA,,0,,,,,,,,,,,,,2,SMALL BASKET,,FRESH,,7000,NO,,,,,,
301064980151,ab89e2398c05431bb43a27f0c25e1673,USIPA,,10,KILOGRAM,,SUN-DRIED,,4000,NO,,,,,,,10,KILOGRAM,,SUN-DRIED,,6500,NO,,,,,,
301074990182,11dc07ba4130498cb6a9d3c441d607e9,USIPA,,1,LARGE BASKET,,FRESH,,50000,NO,,,,,,,1,LARGE BASKET,,FRESH,,25000,NO,,,,,,
302055150051,16e35e4959c84fc8af67fd4ba15caff7,MLAMBA,,0,,,,,,,,,,,,,0,,,,,,NO,,,,,,
302055150051,16e35e4959c84fc8af67fd4ba15caff7,CHAMBO,,0,,,,,,,,,,,,,0,,,,,,NO,,,,,,
302055150125,3fba9c5ad9d647f5a2f28a15225959ec,AGGREGATED,,0,,,,,,,,,,,,,0,,,,,,NO,,,,,,
302055150128,7044c86dce354b30a1bb45b557dc15f4,MAKUMBA,,10,DOZEN / BUNDLE,,FRESH,,600,NO,,,,,,,10,DOZEN / BUNDLE,,FRESH,,600,NO,,,,,,
302055150128,7044c86dce354b30a1bb45b557dc15f4,MLAMBA,,1,SMALL BASKET,,FRESH,,4000,NO,,,,,,,1,SMALL BASKET,,FRESH,,4000,NO,,,,,,
302075180078,c178cbc635764835bb997e37264afa99,MATEMBA,,3,SMALL BASKET,,SUN-DRIED,,6500,NO,,,,,,,6500,SMALL BASKET,,SUN-DRIED,,6500,NO,,,,,,
302125270103,fd110f67f1844f36a0032b31a25b0c22,CHAMBO,,2,LARGE BASKET,,FRESH,,30000,NO,,,,,,,2,LARGE BASKET,,FRESH,,38500,NO,,,,,,
303015310009,3c38d3a7805c476db300e4d536a0b5a0,USIPA,,8,OTHER (SPECIFY),5L BUCKET,SUN-DRIED,,40000,NO,,,,,,,8,OTHER (SPECIFY),5L BUCKET,SUN-DRIED,,40000,NO,,,,,,
303025320062,d61e48d5c68247ef8ffaadcc9fa32476,MLAMBA,,96,OTHER (SPECIFY),5L BUCKET,FRESH,,6000,NO,,,,,,,8,OTHER (SPECIFY),5L BUCKET,SMOKED,,8000,NO,,,,,,
303025350064,101f79de544f4e4cb88663fb64e0a353,MLAMBA,,0,,,,,,,,,,,,,2,DOZEN / BUNDLE,,FRESH,,1000,NO,,,,,,
303025350064,101f79de544f4e4cb88663fb64e0a353,MATEMBA,,0,,,,,,,,,,,,,1,KILOGRAM,,FRESH,,1000,NO,,,,,,
303025350157,717e78db21a549e9a61f78ff20e802ea,MLAMBA,,0,,,,,,,,,,,,,252,PIECE,,FRESH,,5000,NO,,,,,,
303025350174,4025541d86034a008c2cacba37617fc9,USIPA,,4,OTHER (SPECIFY),5L BUCKET,SUN-DRIED,,3500,NO,,,,,,,1,OTHER (SPECIFY),5L BUCKET,SUN-DRIED,,5000,NO,,,,,,
303025360092,bbc3c887d778403ba8801b4ac6b148c8,USIPA,,4,SMALL BASKET,,SUN-DRIED,,2000,NO,,,,,,,4,SMALL BASKET,,SUN-DRIED,,2500,NO,,,,,,
303075430073,51635c9c3ba648e7ab70523192886ca3,MATEMBA,,1,OTHER (SPECIFY),5L BUCKET,SUN-DRIED,,2500,NO,,,,,,,1,OTHER (SPECIFY),5L BUCKET,SUN-DRIED,,2000,NO,,,,,,
303075470125,48e96fb7fc4a4bd28b8c6cd76b1fdea9,MATEMBA,,1,OTHER (SPECIFY),5L BUCKET,SUN-DRIED,,9000,NO,,,,,,,1,OTHER (SPECIFY),5L BUCKET,SUN-DRIED,,12000,NO,,,,,,
303085480143,cfa0f489f69f490db04ecd3103673530,MATEMBA,,3,OTHER (SPECIFY),5L BUCKET,SUN-DRIED,,2500,NO,,,,,,,2,OTHER (SPECIFY),5L BUCKET,SUN-DRIED,,3500,NO,,,,,,
303085480143,cfa0f489f69f490db04ecd3103673530,USIPA,,3,KILOGRAM,,SUN-DRIED,,1500,NO,,,,,,,3,KILOGRAM,,SUN-DRIED,,2500,NO,,,,,,
303115520016,7255266ca5a74a22ac469e9e68146d4b,NCHENI,,1,OTHER (SPECIFY),5L BUCKET,SUN-DRIED,,6500,NO,,,,,,,1,OTHER (SPECIFY),5L BUCKET,SUN-DRIED,,9000,NO,,,,,,
303115520136,80c4bf966a7e4dc58682e3ca617e53f8,MLAMBA,,10,DOZEN / BUNDLE,,SMOKED,,1500,NO,,,,,,,10,DOZEN / BUNDLE,,SMOKED,,2500,NO,,,,,,
303115520136,80c4bf966a7e4dc58682e3ca617e53f8,CHAMBO,,10,DOZEN / BUNDLE,,SMOKED,,1500,NO,,,,,,,10,DOZEN / BUNDLE,,SMOKED,,2500,NO,,,,,,
304015540095,999cc357c1054adea9aa1f2c3710961c,USIPA,,2,SMALL BASKET,,SUN-DRIED,,8000,NO,,,,,,,1,SMALL BASKET,,SUN-DRIED,,10500,NO,,,,,,
304015560433,63194b9fd9a5456d91558bb3ffd032af,MATEMBA,,50,KILOGRAM,,FRESH,,15000,NO,,,,,,,50,KILOGRAM,,SUN-DRIED,,18000,NO,,,,,,
304015560433,63194b9fd9a5456d91558bb3ffd032af,OTHER,M'BABA,1,LARGE BASKET,,FRESH,,30000,NO,,,,,,,1,LARGE BASKET,,SMOKED,,40000,NO,,,,,,
304025600025,105374ca639646d8906e036dfc8ac476,USIPA,,2,OTHER (SPECIFY),5L BUCKET,SUN-DRIED,,6000,NO,,,,,,,2,OTHER (SPECIFY),5L BUCKET,SUN-DRIED,,9000,NO,,,,,,
304025600055,3d44ff87d2c0420abb9ee81fdf34c926,AGGREGATED,,20,OTHER (SPECIFY),5L BUCKET,SUN-DRIED,,7000,NO,,,,,,,20,OTHER (SPECIFY),5L BUCKET,SUN-DRIED,,10000,NO,,,,,,
304045650106,5e90b16272b44ed99e3eedaf943684c5,UTAKA,,2,OTHER (SPECIFY),5L BUCKET,SUN-DRIED,,5000,NO,,,,,,,1,OTHER (SPECIFY),5L BUCKET,SUN-DRIED,,6500,NO,,,,,,
304045650172,069ab247f7264ce581036e1060e312b8,AGGREGATED,,10,SMALL BASKET,,SMOKED,,5000,NO,,,,,,,10,SMALL BASKET,,SMOKED,,7000,NO,,,,,,
304045670130,7d69bd9673a3475480350e1f0ee92853,UTAKA,,1,OTHER (SPECIFY),5L BUCKET,SUN-DRIED,,6000,NO,,,,,,,1,OTHER (SPECIFY),5L BUCKET,SUN-DRIED,,8000,NO,,,,,,
304045670130,7d69bd9673a3475480350e1f0ee92853,USIPA,,2,OTHER (SPECIFY),5L BUCKET,SUN-DRIED,,4000,NO,,,,,,,2,OTHER (SPECIFY),5L BUCKET,SUN-DRIED,,8000,NO,,,,,,
305015790074,fab62826568d44f1a423b3f025bbae22,USIPA,,3,5 KG BAG,,SUN-DRIED,,12000,NO,,,,,,,2,5 KG BAG,,SUN-DRIED,,16000,NO,,,,,,
305015790074,fab62826568d44f1a423b3f025bbae22,MAKAKANI,,2,5 KG BAG,,SMOKED,,6000,NO,,,,,,,2,5 KG BAG,,SMOKED,,16000,NO,,,,,,
306016010040,9a82dabc5c4e47cda2343aae7a0a6de8,MATEMBA,,17,OTHER (SPECIFY),5L BUCKET,SUN-DRIED,,7000,NO,,,,,,,17,OTHER (SPECIFY),5L BUCKET,SUN-DRIED,,8500,NO,,,,,,
306016010040,9a82dabc5c4e47cda2343aae7a0a6de8,MAKAKANI,,192,DOZEN / BUNDLE,,SMOKED,,700,NO,,,,,,,192,DOZEN / BUNDLE,,SMOKED,,1500,NO,,,,,,
306016010040,9a82dabc5c4e47cda2343aae7a0a6de8,CHAMBO,,100,DOZEN / BUNDLE,,SMOKED,,1300,NO,,,,,,,100,DOZEN / BUNDLE,,SMOKED,,2000,NO,,,,,,
306016010040,9a82dabc5c4e47cda2343aae7a0a6de8,UTAKA,,8,OTHER (SPECIFY),5L BUCKET,SUN-DRIED,,7500,YES,15,OTHER (SPECIFY),,SMOKED,,8000,8,OTHER (SPECIFY),5L BUCKET,SUN-DRIED,,10500,YES,15,OTHER (SPECIFY),Chigoba,SMOKED,,10500
306026070251,12e41952047e41d5a73f0d3e7a1fe345,UTAKA,,1,OTHER (SPECIFY),5L BUCKET,SUN-DRIED,,6000,NO,,,,,,,1,OTHER (SPECIFY),5L BUCKET,SUN-DRIED,,7000,NO,,,,,,
306026070251,12e41952047e41d5a73f0d3e7a1fe345,USIPA,,1,OTHER (SPECIFY),CHIDOBA,SUN-DRIED,,3000,NO,,,,,,,1,OTHER (SPECIFY),5L BUCKET,SUN-DRIED,,5000,NO,,,,,,
306036140112,52d1b7a2d60949ae822f6b3a46f0cc25,USIPA,,5,OTHER (SPECIFY),5L BUCKET,SUN-DRIED,,15000,NO,,,,,,,3,OTHER (SPECIFY),5L BUCKET,SUN-DRIED,,20000,NO,,,,,,
306036150223,490bc6885f494f479d5246af54f3d292,MAKAKANI,,24,DOZEN / BUNDLE,,SMOKED,,1250,NO,,,,,,,24,DOZEN / BUNDLE,,SMOKED,,2000,NO,,,,,,
306206170050,47f816e43bd246088a5b3c883550bc42,USIPA,,5,OTHER (SPECIFY),5L BUCKET,SUN-DRIED,,1500,NO,,,,,,,5,OTHER (SPECIFY),5L BUCKET,SUN-DRIED,,2200,NO,,,,,,
306206170063,0082ee2b4e604e8ebeeeb495b1865d5f,USIPA,,300,OTHER (SPECIFY),5L BUCKET,SUN-DRIED,,7500,NO,,,,,,,300,OTHER (SPECIFY),5L BUCKET,SUN-DRIED,,10500,NO,,,,,,
306206170130,615a3a870bfc4944beffa6e6ece786f4,CHAMBO,,1,OTHER (SPECIFY),50 KG BAG,FRESH,,80000,NO,,,,,,,1,OTHER (SPECIFY),50 KG BAG,FRESH,,100000,NO,,,,,,
307056230097,213b98c7e10a4e5a80ee670eda51af6f,UTAKA,,3,SMALL BASKET,,SUN-DRIED,,10000,NO,,,,,,,3,SMALL BASKET,,SUN-DRIED,,12500,NO,,,,,,
307056230097,213b98c7e10a4e5a80ee670eda51af6f,USIPA,,4,SMALL BASKET,,SUN-DRIED,,5500,NO,,,,,,,4,SMALL BASKET,,SUN-DRIED,,8500,NO,,,,,,
307106330067,888ad8ec605c4d4a9bb2da549daa7435,UTAKA,,1,5 KG BAG,,SUN-DRIED,,6000,NO,,,,,,,1,5 KG BAG,,SUN-DRIED,,8000,NO,,,,,,
307106330067,888ad8ec605c4d4a9bb2da549daa7435,USIPA,,1,5 KG BAG,,SUN-DRIED,,5500,NO,,,,,,,1,5 KG BAG,,SUN-DRIED,,7000,NO,,,,,,
307106330067,888ad8ec605c4d4a9bb2da549daa7435,MAKAKANI,,2,5 KG BAG,,SMOKED,,12000,NO,,,,,,,2,5 KG BAG,,SMOKED,,16000,NO,,,,,,
307106330196,d6bb3e30a3d44bdd8ccbd96ba4c6ab35,MAKAKANI,,1,5 KG BAG,,SMOKED,,8000,NO,,,,,,,1,5 KG BAG,,SMOKED,,36000,NO,,,,,,
307206410062,952d7781ab2f4d1ba598b862e660f551,MATEMBA,,1,LARGE BASKET,,SUN-DRIED,,5000,NO,,,,,,,1,DOZEN / BUNDLE,,SUN-DRIED,,300,NO,,,,,,
308016420094,5851736f5f344aed8816f66878ae8e01,UTAKA,,1,LARGE BASKET,,SUN-DRIED,,15000,NO,,,,,,,18000,DOZEN / BUNDLE,,SUN-DRIED,,500,NO,,,,,,
308016430046,39db67d674744eb797d445468edb751f,USIPA,,1,5 KG BAG,,SUN-DRIED,,6500,NO,,,,,,,1,5 KG BAG,,SUN-DRIED,,1,NO,,,,,,
308026480180,a85ff658da674132a962fad34730a36b,NCHENI,,1,SMALL BASKET,,SUN-DRIED,,6000,NO,,,,,,,1,SMALL BASKET,,SUN-DRIED,,8000,NO,,,,,,
308026480180,a85ff658da674132a962fad34730a36b,USIPA,,1,SMALL BASKET,,SUN-DRIED,,5000,NO,,,,,,,1,SMALL BASKET,,SUN-DRIED,,6500,NO,,,,,,
308026480180,a85ff658da674132a962fad34730a36b,OTHER,MAKILERE,3,KILOGRAM,,SUN-DRIED,,6000,NO,,,,,,,3,KILOGRAM,,SUN-DRIED,,10500,NO,,,,,,
308026480180,a85ff658da674132a962fad34730a36b,UTAKA,,1,SMALL BASKET,,SUN-DRIED,,6500,NO,,,,,,,1,SMALL BASKET,,SUN-DRIED,,8000,NO,,,,,,
308046520025,db9d8ee4aa974e519df34de5462a1fc7,USIPA,,5,LARGE BASKET,,SMOKED,,2000,NO,,,,,,,5,LARGE BASKET,,SMOKED,,3500,NO,,,,,,
308056550005,69ec6603f853447eb4cd67d9db93fa1c,MATEMBA,,0,,,,,,,,,,,,,5,SMALL BASKET,,SUN-DRIED,,25000,NO,,,,,,
308056550005,69ec6603f853447eb4cd67d9db93fa1c,MLAMBA,,0,,,,,,,,,,,,,5,SMALL BASKET,,SUN-DRIED,,25000,NO,,,,,,
308056550053,04a8e8f755dd47f0bd7a1b6d589a8212,MLAMBA,,20,PIECE,,FRESH,,1200,NO,,,,,,,0,,,,,,NO,,,,,,
308056560229,45e624b45a7f4b2286c93b8a62628ae4,CHAMBO,,16,PIECE,,FRESH,,1100,NO,,,,,,,16,PIECE,,FRESH,,1500,NO,,,,,,
308066610160,f93241efda8e49e7866df078cf09af52,USIPA,,4,10 KG BAG,,SUN-DRIED,,3000,NO,,,,,,,4000,10 KG BAG,,SUN-DRIED,,4000,NO,,,,,,
309036740097,8966c9a882b543989a42aadcbe0c2b58,MLAMBA,,0,,,,,,,,,,,,,10,PIECE,,FRESH,,2500,NO,,,,,,
309036740101,7c28372a44d144c58ecd002d9f654c5d,MLAMBA,,2800,SMALL BASKET,,FRESH,,3000,NO,,,,,,,2800,SMALL BASKET,,FRESH,,3000,NO,,,,,,
309036740163,51141e135368409ba3fb2e9a5fec3642,MLAMBA,,0,,,,,,,,,,,,,0,,,,,,NO,,,,,,
309036740203,8282092108bb4dc89e395b3e418cabc7,MLAMBA,,0,,,,,,,,,,,,,40,PIECE,,FRESH,,200,NO,,,,,,
309036750022,eb4b4a6041d046b7bb2aa797f3cceb78,MLAMBA,,1,SMALL BASKET,,FRESH,,4000,NO,,,,,,,1,SMALL BASKET,,FRESH,,4000,NO,,,,,,
309036750080,5207307152e84346a60b80e1ae4e69fd,MLAMBA,,0,,,,,,,,,,,,,0,,,,,,NO,,,,,,
309036750136,0a658104094441b28a5527951e890f83,MLAMBA,,110,PIECE,,FRESH,,220000,NO,,,,,,,110,PIECE,,FRESH,,220000,NO,,,,,,
309036750178,21440bc9f66841799a0c65398c78a381,MLAMBA,,0,,,,,,,,,,,,,0,,,,,,NO,,,,,,
309036750249,4bc1a2dad5c6488eb81d9e5a381d60e3,MATEMBA,,0,,,,,,,,,,,,,0,,,,,,NO,,,,,,
309056790031,1544f8de831b4651824ae978b29d5348,MLAMBA,,0,,,,,,,,,,,,,0,,,,,,NO,,,,,,
309056790055,540e9b5c8d134bfc8fc6773caaf3da33,MLAMBA,,0,,,,,,,,,,,,,0,,,,,,NO,,,,,,
309056790117,c58a3bdfc3694efaa813be30908202fb,CHAMBO,,0,,,,,,,,,,,,,58,DOZEN / BUNDLE,,FRESH,,5000,NO,,,,,,
309056790203,5dd8c5564a4b4a86b5877e48ba496e02,CHAMBO,,4,SMALL BASKET,,FRESH,,5500,NO,,,,,,,5,SMALL BASKET,,FRESH,,27500,NO,,,,,,
309056800094,986f663c13f94fc5ac683dd1290bc392,OTHER,KASAWALA,2,SMALL BASKET,,FRESH,,7000,NO,,,,,,,8500,SMALL BASKET,,FRESH,,8500,NO,,,,,,
309066830167,a138892b8d2344c594e625d5a9e226db,MATEMBA,,35,SMALL BASKET,,FRESH,,105000,NO,,,,,,,175000,DOZEN / BUNDLE,,FRESH,,300,NO,,,,,,
310036980328,2353f7d6f19147e1bf283e8fbf1d0789,AGGREGATED,,0,,,,,,,,,,,,,0,,,,,,NO,,,,,,
310046990084,43557769c7454e2e986f0f330deaadca,OTHER,BONYA,10,SMALL BASKET,,SUN-DRIED,,3000,NO,,,,,,,10,SMALL BASKET,,SUN-DRIED,,300,NO,,,,,,
310077050169,a1e559ff59974ad4866091d21aeff132,MAKAKANI,,0,,,,,,,,,,,,,0,,,,,,NO,,,,,,
311017100677,2389c5a7293c4cadbabd7f3e5a2b7ee4,MLAMBA,,0,,,,,,,,,,,,,0,,,,,,NO,,,,,,
311017100677,2389c5a7293c4cadbabd7f3e5a2b7ee4,MAKAKANI,,0,,,,,,,,,,,,,0,,,,,,NO,,,,,,
311017100698,83c775f6123345059e1916ff6b3e00f1,MAKAKANI,,3,SMALL BASKET,,SMOKED,,20000,NO,,,,,,,25000,SMALL BASKET,,SMOKED,,25000,NO,,,,,,
311017100698,83c775f6123345059e1916ff6b3e00f1,MLAMBA,,3,SMALL BASKET,,SMOKED,,6000,NO,,,,,,,1000,SMALL BASKET,,SMOKED,,10000,NO,,,,,,
311027110154,f8cb9614a35e48e48a887462089fa9ca,MAKAKANI,,1,SMALL BASKET,,FRESH,,3000,NO,,,,,,,1,SMALL BASKET,,FRESH,,3000,NO,,,,,,
311047150323,5da42da85b9e4b49a7c7140c31753e47,MLAMBA,,0,,,,,,,,,,,,,0,,,,,,NO,,,,,,
311057190104,05155a5f72944b468dd8dd4eaf6921ea,MAKAKANI,,1,5 KG BAG,,FRESH,,4000,YES,1,5 KG BAG,,SMOKED,,1000,1,5 KG BAG,,SMOKED,,7000,NO,,,,,,
311057190239,d3069db542a145f1a157a2be64ca34b3,MAKAKANI,,1,5 KG BAG,,SMOKED,,3500,NO,,,,,,,1,5 KG BAG,,SMOKED,,5000,NO,,,,,,
311087260311,c588640d76b04459a32ccafb6f692810,MLAMBA,,2,DOZEN / BUNDLE,,FRESH,,1700,NO,,,,,,,1,DOZEN / BUNDLE,,FRESH,,1700,NO,,,,,,
311087260311,c588640d76b04459a32ccafb6f692810,MAKAKANI,,1,SMALL BASKET,,FRESH,,800,NO,,,,,,,0,,,,,,NO,,,,,,
311107280040,8fc16ad47fc14597a9592edfcaec9944,MATEMBA,,3,SMALL BASKET,,SUN-DRIED,,5000,NO,,,,,,,3,SMALL BASKET,,SUN-DRIED,,5000,NO,,,,,,
311107280040,8fc16ad47fc14597a9592edfcaec9944,MAKAKANI,,2,SMALL BASKET,,SUN-DRIED,,7500,NO,,,,,,,2,SMALL BASKET,,SUN-DRIED,,7500,NO,,,,,,
311107280040,8fc16ad47fc14597a9592edfcaec9944,OTHER,NJOLE,4,SMALL BASKET,,SUN-DRIED,,8000,NO,,,,,,,4,SMALL BASKET,,SUN-DRIED,,8000,NO,,,,,,
312017310324,dc1d42731e5842c39937e0a95e1cca81,MATEMBA,,1,SMALL BASKET,,SUN-DRIED,,7000,NO,,,,,,,1,SMALL BASKET,,SUN-DRIED,,7800,NO,,,,,,
312017310324,dc1d42731e5842c39937e0a95e1cca81,NCHENI,,1,SMALL BASKET,,SMOKED,,7500,NO,,,,,,,1,SMALL BASKET,,SMOKED,,8500,NO,,,,,,
312017340204,9909615cfcc345d582b8fe6d93d2a04b,USIPA,,4,OTHER (SPECIFY),5L BUCKET,SUN-DRIED,,3500,NO,,,,,,,3,OTHER (SPECIFY),5L BUCKET,SUN-DRIED,,5000,NO,,,,,,
312027360016,6c8276bcc8cf417d8c40c0748a0ab069,OTHER,KADONDOLO,20,KILOGRAM,,SUN-DRIED,,40000,NO,,,,,,,19,KILOGRAM,,SUN-DRIED,,50000,NO,,,,,,
312027370263,2c38c72aba6647f5bc7ac998e1941818,MATEMBA,,1,SMALL BASKET,,SMOKED,,4000,NO,,,,,,,1,SMALL BASKET,,SMOKED,,4000,NO,,,,,,
312037410005,642009c9ec584010a181223ef02b808b,USIPA,,200,KILOGRAM,,SUN-DRIED,,7000,NO,,,,,,,200,KILOGRAM,,SUN-DRIED,,3500,NO,,,,,,
312037410135,ea7c120cf1774d5b9179d64c037893b1,USIPA,,2,LARGE BASKET,,SUN-DRIED,,7500,NO,,,,,,,2,LARGE BASKET,,SUN-DRIED,,8500,NO,,,,,,
312047430178,d8cb6bc3636c4bd297c7cbd3b3d3b9d5,USIPA,,5,KILOGRAM,,SUN-DRIED,,5000,NO,,,,,,,4,KILOGRAM,,SUN-DRIED,,5800,NO,,,,,,
312057440062,37a20b7496ad47769716161129a6ea12,UTAKA,,1,SMALL BASKET,,SUN-DRIED,,5000,NO,,,,,,,1,SMALL BASKET,,SUN-DRIED,,7500,NO,,,,,,
312057440062,37a20b7496ad47769716161129a6ea12,USIPA,,1,SMALL BASKET,,SUN-DRIED,,5000,NO,,,,,,,6600,SMALL BASKET,,SUN-DRIED,,6600,NO,,,,,,
312057460122,b8f583657bb84a42a55ace18e585c959,OTHER,NO LOW SEASON FISHING,0,,,,,,,,,,,,,0,,,,,,NO,,,,,,
312207520007,0f82fc61c05844cdb8609225f068981b,MLAMBA,,4,LARGE BASKET,,SUN-DRIED,,7000,NO,,,,,,,3,LARGE BASKET,,SUN-DRIED,,5,NO,,,,,,
314317740013,2cf4edd7bdf04fc2a465154702623a7c,USIPA,,8,OTHER (SPECIFY),5L BUCKET,SUN-DRIED,,4500,NO,,,,,,,8,OTHER (SPECIFY),5L BUCKET,SUN-DRIED,,6000,NO,,,,,,
314317740013,2cf4edd7bdf04fc2a465154702623a7c,UTAKA,,5,OTHER (SPECIFY),5L BUCKET,SUN-DRIED,,5000,NO,,,,,,,5,OTHER (SPECIFY),5L BUCKET,SUN-DRIED,,6500,NO,,,,,,
314317740013,2cf4edd7bdf04fc2a465154702623a7c,MATEMBA,,8,OTHER (SPECIFY),5L BUCKET,SUN-DRIED,,4500,NO,,,,,,,8,OTHER (SPECIFY),5L BUCKET,SUN-DRIED,,6000,NO,,,,,,
314337800074,845a08dc992f435cacace2df71b24775,USIPA,,2,SMALL BASKET,,SUN-DRIED,,2500,NO,,,,,,,3500,SMALL BASKET,,SUN-DRIED,,3000,NO,,,,,,
314337800078,e536f61bc2db4e67a6516e8470f961a4,USIPA,,1,OTHER (SPECIFY),5L BUCKET,SUN-DRIED,,4500,NO,,,,,,,1,OTHER (SPECIFY),5L BUCKET,SUN-DRIED,,5500,NO,,,,,,
314337800078,e536f61bc2db4e67a6516e8470f961a4,OTHER,MBABA,1,OTHER (SPECIFY),5L BUCKET,SMOKED,,4500,NO,,,,,,,1,OTHER (SPECIFY),5L BUCKET,SMOKED,,5700,NO,,,,,,
314337800078,e536f61bc2db4e67a6516e8470f961a4,UTAKA,,1,OTHER (SPECIFY),5L BUCKET,SUN-DRIED,,4500,NO,,,,,,,1,OTHER (SPECIFY),5L BUCKET,SUN-DRIED,,5600,NO,,,,,,
314337820262,a77f8853abc84b919160cb0d8d547eb5,OTHER,PHABA,8,OTHER (SPECIFY),5L BUCKET,SMOKED,,7000,YES,2,OTHER (SPECIFY),,OTHER (SPECIFY),fried,7000,8,OTHER (SPECIFY),5L BUCKET,SMOKED,,9000,YES,2,OTHER (SPECIFY),5 litre chigoba,OTHER (SPECIFY),fried,8000
315317950159,bba9b0b4987e4a5481477841873dfe2f,NCHENI,,0,,,,,,,,,,,,,0,,,,,,NO,,,,,,
315327980005,bcdb72bbe20645109e1d5cda49741912,OTHER,USIPA,1,SMALL BASKET,,SUN-DRIED,,200,NO,,,,,,,1,SMALL BASKET,,SUN-DRIED,,200,NO,,,,,,
315327980221,d6174276d9384a75a1ccc226539b4148,USIPA,,2,OTHER (SPECIFY),5L BUCKET,SUN-DRIED,,4000,NO,,,,,,,2,OTHER (SPECIFY),5L BUCKET,SUN-DRIED,,5500,NO,,,,,,
315358020138,c08059c6952f40929f8e771de54ef055,CHAMBO,,30,DOZEN / BUNDLE,,FRESH,,3000,NO,,,,,,,30,DOZEN / BUNDLE,,FRESH,,3000,NO,,,,,,
315398040094,7ef243e499a14efca0710babf7fea95f,CHAMBO,,150,PIECE,,FRESH,,160,NO,,,,,,,120,PIECE,,FRESH,,4500,NO,,,,,,
315408060059,8b0aa4b72a664708b223f8f40db0658a,OTHER,MAKILELE,350,PIECE,,FRESH,,32000,NO,,,,,,,100,PIECE,,FRESH,,150,NO,,,,,,
315408060192,a14a8279f5a74105bfb2c4dc46194be8,CHAMBO,,100,PIECE,,FRESH,,2500,NO,,,,,,,100,PIECE,,FRESH,,1500,NO,,,,,,
315448090005,9b766ebb86a7459e8c570cbb4ad11339,UTAKA,,1,OTHER (SPECIFY),5L BUCKET,SUN-DRIED,,6500,NO,,,,,,,1,OTHER (SPECIFY),5L BUCKET,SUN-DRIED,,6500,NO,,,,,,
315448090005,9b766ebb86a7459e8c570cbb4ad11339,USIPA,,1,OTHER (SPECIFY),5L BUCKET,SUN-DRIED,,4500,NO,,,,,,,1,OTHER (SPECIFY),5L BUCKET,SUN-DRIED,,5500,NO,,,,,,
315498120102,112dc2135689405bad37ed2e7aed811b,NCHENI,,1,5 KG BAG,,SMOKED,,7500,NO,,,,,,,1,5 KG BAG,,SMOKED,,10000,NO,,,,,,
315498120102,112dc2135689405bad37ed2e7aed811b,UTAKA,,1,5 KG BAG,,SUN-DRIED,,6000,YES,1,5 KG BAG,,SMOKED,,6000,1,5 KG BAG,,SUN-DRIED,,9000,YES,1,5 KG BAG,,SMOKED,,9000
315498120102,112dc2135689405bad37ed2e7aed811b,USIPA,,1,5 KG BAG,,SUN-DRIED,,6000,YES,1,5 KG BAG,,SMOKED,,7000,1,5 KG BAG,,SUN-DRIED,,10000,YES,1,5 KG BAG,,SMOKED,,10000
315498120102,112dc2135689405bad37ed2e7aed811b,MATEMBA,,1,5 KG BAG,,SUN-DRIED,,8000,YES,1,5 KG BAG,,SMOKED,,6000,1,5 KG BAG,,SUN-DRIED,,11000,YES,1,5 KG BAG,,SMOKED,,11000
315538160002,29a6864459df4962b07739c7737f17d2,USIPA,,7,SMALL BASKET,,SUN-DRIED,,2500,NO,,,,,,,7,SMALL BASKET,,SUN-DRIED,,2500,NO,,,,,,
