case_id,HHID,fs_f01,fs_f01_oth,fs_f02a,fs_f02b,fs_f02c,fs_f02d,fs_f02e,fs_f02f,fs_f02g,fs_f02h,fs_f02i,fs_f02j,fs_f02k,fs_f02l,fs_f02m,fs_f03a,fs_f03b,fs_f03c,fs_f03d,fs_f03e,fs_f03f,fs_f03g,fs_f03h,fs_f03i,fs_f03j,fs_f03k,fs_f03l,fs_f03m
101201230097,2270b653f44c4f5dbe4a62d0f32f5813,NCHENI,,3,LARGE BASKET,,SMOKED,,90000,NO,,,,,,,3,LARGE BASKET,,SMOKED,,180000,NO,,,,,,
102011240055,73dde2e9798343728bb0a59b77323d16,USIPA,,24,OTHER (SPECIFY),10 LITRE PAIL,FRESH,,2000,NO,,,,,,,48,OTHER (SPECIFY),5 LITRE PAIL,SUN-DRIED,,2000,NO,,,,,,
102011240076,1449dd2a736f4260b3a5c00c48c01665,USIPA,,0,,,,,,NO,,,,,,,10,LARGE BASKET,,FRESH,,9000,NO,,,,,,
102011240095,53b2e4bb42c541f6964ab14b6c917d95,USIPA,,9,SMALL BASKET,,SUN-DRIED,,3000,NO,,,,,,,9,SMALL BASKET,,SUN-DRIED,,12000,NO,,,,,,
102011240157,d31225b52319469d945b0fb99de742d0,AGGREGATED,,20,SMALL BASKET,,FRESH,,3000,NO,,,,,,,10,SMALL BASKET,,FRESH,,3000,NO,,,,,,
102011240191,ff1c536c23f74272b538ba40cb8a017c,AGGREGATED,,18,OTHER (SPECIFY),10 LITRE PAIL,FRESH,,5000,YES,18,OTHER (SPECIFY),10 LITRE PAIL,SUN-DRIED,,5000,108,OTHER (SPECIFY),10 LITRE PAIL,SUN-DRIED,,7000,NO,,,,,,
102011240230,39389dfff68249caab22583818a8e325,USIPA,,30,OTHER (SPECIFY),10 LITRE PAIL,FRESH,,1500,NO,,,,,,,600,OTHER (SPECIFY),HEAPS,SUN-DRIED,,200,NO,,,,,,
102011240234,9d0ee37f03cd4e94a15a4f7d2b2bc218,USIPA,,20,OTHER (SPECIFY),10 LITRE PAIL,FRESH,,1000,NO,,,,,,,20,OTHER (SPECIFY),10 LITRE PAIL,FRESH,,2000,NO,,,,,,
102011250035,e28eae3004dc4ac3b73b01a90e63460a,USIPA,,5,SMALL BASKET,,FRESH,,7000,NO,,,,,,,5,SMALL BASKET,,FRESH,,10000,NO,,,,,,
102011270158,56504e358a454e228f77dab5602f635e,USIPA,,16,SMALL BASKET,,FRESH,,2000,NO,,,,,,,6,SMALL BASKET,,FRESH,,3000,NO,,,,,,
102011280005,77304548243442a1a80d6f0aca549184,USIPA,,10,SMALL BASKET,,FRESH,,1000,NO,,,,,,,10,SMALL BASKET,,FRESH,,2000,NO,,,,,,
102011280005,77304548243442a1a80d6f0aca549184,NCHENI,,20,LARGE BASKET,,FRESH,,10000,NO,,,,,,,20,LARGE BASKET,,FRESH,,15000,NO,,,,,,
102011280030,6680c605758841ddbe900ef0d8f78cbe,USIPA,,20,OTHER (SPECIFY),10 LITRE PAIL,FRESH,,2500,NO,,,,,,,40,OTHER (SPECIFY),5 LITRE PAIL,SUN-DRIED,,2000,NO,,,,,,
102011280108,ffd5c8f049f14814af1112b4cba8a886,NCHENI,,3,SMALL BASKET,,FRESH,,6000,NO,,,,,,,3,SMALL BASKET,,FRESH,,8000,NO,,,,,,
102031310144,bd08c9d072c74aa483eebcbf185de1cc,CHAMBO,,0,,,,,,NO,,,,,,,7,LARGE BASKET,,FRESH,,30000,NO,,,,,,
102031310144,bd08c9d072c74aa483eebcbf185de1cc,MLAMBA,,0,,,,,,NO,,,,,,,10,SMALL BASKET,,FRESH,,10000,NO,,,,,,
102031310144,bd08c9d072c74aa483eebcbf185de1cc,USIPA,,0,,,,,,NO,,,,,,,69,SMALL BASKET,,FRESH,,3000,NO,,,,,,
102031340149,fd3fde4884b849f88371920162c589a6,AGGREGATED,,0,,,,,,NO,,,,,,,25,LARGE BASKET,,FRESH,,25000,NO,,,,,,
102031340186,b16818be1135482e9e3da5ee403698f0,AGGREGATED,,7,LARGE BASKET,,FRESH,,20000,NO,,,,,,,7,LARGE BASKET,,FRESH,,30000,NO,,,,,,
102031350113,aa64297c5a144e4cb978a10ba2317e93,USIPA,,240,OTHER (SPECIFY),5L BUCKET,SUN-DRIED,,625,NO,,,,,,,720,OTHER (SPECIFY),5 LITRE PAIL,SUN-DRIED,,1000,NO,,,,,,
102041360005,548671a98bbc444ebd442b6ca03df8a8,NCHENI,,10,LARGE BASKET,,SUN-DRIED,,20000,NO,,,,,,,10,LARGE BASKET,,SUN-DRIED,,35000,NO,,,,,,
102041360030,92c84f1ce8c54a3783edccfb56b0a081,USIPA,,40,OTHER (SPECIFY),10 LITRE PAIL,FRESH,,3000,NO,,,,,,,80,OTHER (SPECIFY),5 LITRE PAIL,SUN-DRIED,,2500,NO,,,,,,
102041360136,eae3f62eed2940a0a5bbe2a495410803,OTHER,MASKUHUNJU,28,OTHER (SPECIFY),10 LITRE PAIL,FRESH,,5000,NO,,,,,,,336,OTHER (SPECIFY),10 LITRE PAIL,SMOKED,,8000,NO,,,,,,
102041360162,7c2fe5a29b1b4351a4c347dde9f16f5c,CHAMBO,,300,PIECE,,FRESH,,1000,NO,,,,,,,6000,PIECE,,FRESH,,1500,NO,,,,,,
102041360172,e6ac4fab7d95444ea0f6da2a4942b2bf,USIPA,,70,OTHER (SPECIFY),10 LITRE PAIL,FRESH,,3000,NO,,,,,,,140,OTHER (SPECIFY),5 LITRE PAIL,SUN-DRIED,,3000,NO,,,,,,
102041360174,e4f7cfdc75d844a3b86abf1a518e0104,USIPA,,0,,,,,,NO,,,,,,,0,,,,,,NO,,,,,,
102041360188,6568506810014f82bebe97eb14691591,USIPA,,30,OTHER (SPECIFY),10 LITRE PAIL,FRESH,,2000,NO,,,,,,,60,OTHER (SPECIFY),5 LITRE PAIL,SUN-DRIED,,2000,NO,,,,,,
102041360190,918832af615e47c88b9ddc52dbde8314,AGGREGATED,,5,OTHER (SPECIFY),10 LITRE PAIL,SUN-DRIED,,8000,NO,,,,,,,60,OTHER (SPECIFY),10 LITRE PAIL,SUN-DRIED,,9600,NO,,,,,,
102041360193,213f1a85e1b84ac4903f704a13b195b6,USIPA,,20,OTHER (SPECIFY),10 LITRE PAIL,FRESH,,2000,NO,,,,,,,40,OTHER (SPECIFY),5 LITRE PAIL,SUN-DRIED,,1500,NO,,,,,,
102041360205,9497ad3d50874b6e80a1ef28b6148e15,USIPA,,10,LARGE BASKET,,SUN-DRIED,,3500,NO,,,,,,,10,LARGE BASKET,,SUN-DRIED,,6500,NO,,,,,,
102041370048,5ce81c46158047c9ab84d9bb4d4afc7b,OTHER,MASUKUWUNJU,2,SMALL BASKET,,FRESH,,50000,NO,,,,,,,2,SMALL BASKET,,FRESH,,10000,NO,,,,,,
102041380207,0742aa43ddcb4f36a7289331d93a24ad,NCHENI,,12,LARGE BASKET,,SMOKED,,10000,NO,,,,,,,2,LARGE BASKET,,SMOKED,,16000,NO,,,,,,
102041390006,899b06a1598e42308e88166a1b3b66d8,AGGREGATED,,30,LARGE BASKET,,FRESH,,15,NO,,,,,,,30,LARGE BASKET,,FRESH,,10000,NO,,,,,,
102041400254,fb6b0358fdfa462cbe7059842f18055c,USIPA,,15,OTHER (SPECIFY),5L BUCKET,SUN-DRIED,,2000,NO,,,,,,,375,OTHER (SPECIFY),HEAP,SUN-DRIED,,200,NO,,,,,,
102051410106,17bceed3525a4ea59d90db5a75a7fa9d,USIPA,,2,LARGE BASKET,,SMOKED,,5000,NO,,,,,,,24,LARGE BASKET,,SMOKED,,8000,NO,,,,,,
102051410136,f1ce8161e4004670a8edf9f48ae59ed1,CHAMBO,,0,,,,,,NO,,,,,,,3,SMALL BASKET,,FRESH,,5500,NO,,,,,,
102051410136,f1ce8161e4004670a8edf9f48ae59ed1,NCHENI,,0,,,,,,NO,,,,,,,10,LARGE BASKET,,FRESH,,10000,NO,,,,,,
102051410186,13bfa8ac242f4ce3b8f823be3e7daf9d,NCHENI,,0,,,,,,NO,,,,,,,0,,,,,,NO,,,,,,
102051420214,6b6344882dac43dea8388f8d1d962368,NCHENI,,4,SMALL BASKET,,FRESH,,16000,NO,,,,,,,4,SMALL BASKET,,FRESH,,28000,NO,,,,,,
102201430307,e9e09d1f25f045a2977e121c85cd8299,AGGREGATED,,10,LARGE BASKET,,ICED,,25000,NO,,,,,,,10,LARGE BASKET,,ICED,,35000,NO,,,,,,
102201460042,165210a5cec9462990d6f144094ceb9d,OTHER,SANJIKA,500,PIECE,,SMOKED,,500,NO,,,,,,,500,PIECE,,SMOKED,,500,NO,,,,,,
102201460103,c9d941818fb345438335e3c8a73347f0,AGGREGATED,,6,OTHER (SPECIFY),10 LITRE PAIL,SMOKED,,8000,NO,,,,,,,6,OTHER (SPECIFY),10 LITRE PAIL,SMOKED,,15000,NO,,,,,,
102201460206,4e417471acac4e86953bec6695c5aa55,USIPA,,30,OTHER (SPECIFY),10 LITRE PAIL,FRESH,,2000,NO,,,,,,,60,OTHER (SPECIFY),5 LITRE PAIL,SUN-DRIED,,1400,NO,,,,,,
102201460261,70010aa27e9b49e8b844f52a8fc6ee7d,USIPA,,25,OTHER (SPECIFY),10 LITRE PAIL,FRESH,,2000,NO,,,,,,,25,OTHER (SPECIFY),10 LITRE,FRESH,,3500,NO,,,,,,
102201460330,14651bc65d6f4bdf86aaea33c334ab1e,USIPA,,100,OTHER (SPECIFY),10 LITRE PAIL,FRESH,,2500,NO,,,,,,,200,OTHER (SPECIFY),5 LITRE PAIL,SUN-DRIED,,2000,NO,,,,,,
102201470009,7beb3da18c044ad39125c5cb2b5af5f7,USIPA,,4,SMALL BASKET,,FRESH,,6000,NO,,,,,,,4,SMALL BASKET,,FRESH,,8000,NO,,,,,,
103021520043,4a615fd4975e43baad72dbf120a5a3b4,UTAKA,,0,,,,,,NO,,,,,,,0,,,,,,NO,,,,,,
103021520121,ca477b192b344b6da709672368794576,USIPA,,0,,,,,,NO,,,,,,,6,LARGE BASKET,,FRESH,,6000,NO,,,,,,
103031530002,59b73b407a99406483debac0d7bb5a17,USIPA,,3,SMALL BASKET,,FRESH,,12000,NO,,,,,,,3,SMALL BASKET,,FRESH,,2000,NO,,,,,,
103041550180,63d5301b943a433da5d50baa505766aa,USIPA,,4,SMALL BASKET,,FRESH,,5000,NO,,,,,,,4,SMALL BASKET,,SUN-DRIED,,7000,NO,,,,,,
103041550229,2bbd8db25e7240a2bbd5997d053dab37,USIPA,,3,LARGE BASKET,,SUN-DRIED,,10000,NO,,,,,,,12,SMALL BASKET,,SUN-DRIED,,3000,NO,,,,,,
103051560008,826f18cfb28f46b38a961caee38658c8,UTAKA,,0,,,,,,NO,,,,,,,0,,,,,,NO,,,,,,
103051560014,c65b0436b3c74579a404d06664b6a048,CHAMBO,,0,,,,,,NO,,,,,,,5,PIECE,,FRESH,,1000,NO,,,,,,
103051560023,485dde2f65804638887630db88e8d60d,UTAKA,,120,5 KG BAG,,FRESH,,2000,NO,,,,,,,120,5 KG BAG,,SUN-DRIED,,4000,YES,120,,,SMOKED,,5000
103051560029,9e2b74583ee74f159721f71160ae0cf3,CHAMBO,,0,,,,,,NO,,,,,,,6,5 KG BAG,,FRESH,,10000,NO,,,,,,
103051560034,9f6ed8b2a26547da9e9864b87f12c00f,UTAKA,,0,,,,,,NO,,,,,,,70,5 KG BAG,,FRESH,,2000,NO,,,,,,
103051560036,d61354615e084362a9297bebbe6266a5,UTAKA,,12,5 KG BAG,,FRESH,,2500,NO,,,,,,,12,5 KG BAG,,SUN-DRIED,,6000,YES,6,,,SMOKED,,7000
103051560121,dade4852b38646408924eabdff8e9155,UTAKA,,0,,,,,,NO,,,,,,,70,LARGE BASKET,,FRESH,,30000,NO,,,,,,
103051560124,ab73a5cba3ea4c39b51a134a3995c356,UTAKA,,0,,,,,,NO,,,,,,,40,SMALL BASKET,,FRESH,,5000,NO,,,,,,
103051560127,f986187c2e5e460fb5e1a6e0637c8ea5,USIPA,,0,,,,,,NO,,,,,,,94,5 KG BAG,,FRESH,,2500,NO,,,,,,
103061570005,c683ba6225d24cbebdb0b6dc1e8881e4,NCHENI,,1,SMALL BASKET,,FRESH,,5000,YES,1,SMALL BASKET,,SMOKED,,5000,1,SMALL BASKET,,SMOKED,,5000,NO,,,,,,
103061570012,13908448d36c494db21d0ddfa12cac1e,NCHENI,,5,LARGE BASKET,,FRESH,,800,NO,,,,,,,50,PIECE,,FRESH,,1000,NO,,,,,,
103061570040,6e7ecbbd6d7443399057e2e66f7889b3,OTHER,BATALA,0,,,,,,NO,,,,,,,150,PIECE,,FRESH,,300,NO,,,,,,
103061570040,6e7ecbbd6d7443399057e2e66f7889b3,USIPA,,0,,,,,,NO,,,,,,,10000,LARGE BASKET,,FRESH,,5000,NO,,,,,,
103061570199,95621fcb6a2e4500a79a407436ef8146,USIPA,,10,5 KG BAG,,FRESH,,2500,NO,,,,,,,10,5 KG BAG,,FRESH,,4000,NO,,,,,,
103061570203,3a350102d7ec42edadeec08e1f8555e9,OTHER,BATALA,6,LARGE BASKET,,FRESH,,30000,NO,,,,,,,6,LARGE BASKET,,FRESH,,35000,NO,,,,,,
103071590131,311fdbae1e814acaa952ab564c9f8460,UTAKA,,3,LARGE BASKET,,FRESH,,15000,NO,,,,,,,3,LARGE BASKET,,FRESH,,15000,NO,,,,,,
103071590137,2ce10fc6386840e6855ee3010a428ec2,UTAKA,,0,,,,,,NO,,,,,,,0,,,,,,NO,,,,,,
103071590145,ba5dcfc6f42e46f987ec987db024fd16,UTAKA,,1,10 KG BAG,,FRESH,,1000,NO,,,,,,,0,,,,,,NO,,,,,,
103071590169,56f929979a924f0dbf18f8b87bdf1cbd,UTAKA,,0,,,,,,NO,,,,,,,1,SMALL BASKET,,FRESH,,12500,NO,,,,,,
103071590172,dc6bcfce915647c9bed0e4ccd5e21a23,UTAKA,,0,,,,,,NO,,,,,,,0,,,,,,NO,,,,,,
103071590219,6c6c3cc87562426aa6b2f0de01dc4b85,USIPA,,16,5 KG BAG,,SUN-DRIED,,4500,NO,,,,,,,16,5 KG BAG,,SUN-DRIED,,6000,NO,,,,,,
103071590219,6c6c3cc87562426aa6b2f0de01dc4b85,UTAKA,,5,5 KG BAG,,SUN-DRIED,,4500,NO,,,,,,,5,5 KG BAG,,SUN-DRIED,,11000,NO,,,,,,
103081600079,b374bcac7d0d43b8a2ea386d84f7cc1c,USIPA,,16,OTHER (SPECIFY),5L BUCKET,FRESH,,1200,NO,,,,,,,4,OTHER (SPECIFY),5LITRE CHIGOBA BUCKET,FRESH,,2500,NO,,,,,,
103091620003,966a8f7369614dae9c2747caa722153a,OTHER,MTUMALA,15,SMALL BASKET,,FRESH,,3000,NO,,,,,,,15,SMALL BASKET,,FRESH,,3500,NO,,,,,,
103091620003,966a8f7369614dae9c2747caa722153a,UTAKA,,20,SMALL BASKET,,FRESH,,2000,NO,,,,,,,20,SMALL BASKET,,FRESH,,3500,NO,,,,,,
103091620007,896fbdd3a1314a62ba6abe213695d5c4,NCHENI,,20,SMALL BASKET,,FRESH,,2000,NO,,,,,,,20,SMALL BASKET,,FRESH,,3000,NO,,,,,,
103091620011,a715151846fc48d2867c9079374ce2c8,NCHENI,,25,SMALL BASKET,,FRESH,,2000,NO,,,,,,,25,SMALL BASKET,,FRESH,,3000,NO,,,,,,
103091620012,44b58a80f2394709b5d320523950e675,UTAKA,,10,SMALL BASKET,,FRESH,,2000,NO,,,,,,,10,SMALL BASKET,,FRESH,,2500,NO,,,,,,
103091620014,e5ef30cd32f842f99e81b66256283285,OTHER,NO FISH TRADING ACTIVITIES DONE,0,,,,,,NO,,,,,,,0,,,,,,NO,,,,,,
103091620017,7bdeb0713a3a4be3adbd57b9d856c8ae,NCHENI,,3,LARGE BASKET,,FRESH,,2500,NO,,,,,,,3,LARGE BASKET,,SMOKED,,5000,NO,,,,,,
103091620022,441a7583bdfa46bab21f95056eb32d95,NCHENI,,0,,,,,,NO,,,,,,,0,,,,,,NO,,,,,,
103091620025,ddd3d5fe5f564353a0e26cd8d6382e64,UTAKA,,25,OTHER (SPECIFY),5L BUCKET,FRESH,,2500,NO,,,,,,,25,OTHER (SPECIFY),5LITRE CHIGOBA BUCKET,SMOKED,,3500,NO,,,,,,
103091620025,ddd3d5fe5f564353a0e26cd8d6382e64,USIPA,,50,OTHER (SPECIFY),5L BUCKET,FRESH,,1000,NO,,,,,,,50,OTHER (SPECIFY),5LITRE CHIGOBA BUCKET,SUN-DRIED,,1500,NO,,,,,,
103091620072,09b3c4f6c90d4a11bae782b23e1e09df,USIPA,,15,LARGE BASKET,,SUN-DRIED,,2000,NO,,,,,,,7000,LARGE BASKET,,SUN-DRIED,,1500,YES,70000,,,SUN-DRIED,,1500
103091620078,82a903b5201b4ad59bf79a87749d1e14,USIPA,,270,LARGE BASKET,,FRESH,,3000,NO,,,,,,,2,LARGE BASKET,,FRESH,,3000,NO,,,,,,
103091620098,17f873e1c4a44d02a3ac76944fb536f6,USIPA,,40,LARGE BASKET,,FRESH,,0,NO,,,,,,,40,SMALL BASKET,,SUN-DRIED,,3500,NO,,,,,,
103121640003,891f1b2de1ff4503bac4f3c38e2b6a67,NCHENI,,5,SMALL BASKET,,FRESH,,1500,NO,,,,,,,5,SMALL BASKET,,SMOKED,,2500,NO,,,,,,
103121640003,891f1b2de1ff4503bac4f3c38e2b6a67,OTHER,NTHUNDUMALA,10,SMALL BASKET,,FRESH,,1500,NO,,,,,,,10,SMALL BASKET,,SUN-DRIED,,2000,NO,,,,,,
103121640021,022aae14b41d46488caa895611177b7b,USIPA,,35,SMALL BASKET,,FRESH,,1500,NO,,,,,,,30,SMALL BASKET,,FRESH,,2500,NO,,,,,,
103121640021,022aae14b41d46488caa895611177b7b,OTHER,SUHUNJU,15,SMALL BASKET,,FRESH,,3000,NO,,,,,,,13,SMALL BASKET,,FRESH,,4500,NO,,,,,,
103121640028,9cb397625ab94955bdc911e682c5f4b0,USIPA,,10,SMALL BASKET,,FRESH,,2000,NO,,,,,,,10,SMALL BASKET,,SUN-DRIED,,2500,NO,,,,,,
103121640031,cdbb743f058e44b7b07d5ca1fd259661,USIPA,,20,SMALL BASKET,,FRESH,,1500,NO,,,,,,,20,SMALL BASKET,,SUN-DRIED,,2500,NO,,,,,,
103121640035,25202b0dc90640c78a0fe39a634041bf,USIPA,,7,SMALL BASKET,,SUN-DRIED,,2500,NO,,,,,,,7,SMALL BASKET,,SUN-DRIED,,4000,NO,,,,,,
103121640052,55ef8142719f4a908c8fcaec40cbc879,UTAKA,,50,OTHER (SPECIFY),5L BUCKET,SMOKED,,2500,NO,,,,,,,50,OTHER (SPECIFY),5L CHIGOBA BUCKET,SMOKED,,3000,NO,,,,,,
103121640052,55ef8142719f4a908c8fcaec40cbc879,USIPA,,100,OTHER (SPECIFY),5L BUCKET,SUN-DRIED,,1500,NO,,,,,,,100,OTHER (SPECIFY),5L CHIGOBA BUCKET,SUN-DRIED,,3000,NO,,,,,,
103121640053,e541cfb3d3904973b73d26dfa086688b,UTAKA,,20,OTHER (SPECIFY),5L BUCKET,SMOKED,,2000,NO,,,,,,,1,OTHER (SPECIFY),90KG BAG,SMOKED,,100000,NO,,,,,,
103121640053,e541cfb3d3904973b73d26dfa086688b,USIPA,,30,OTHER (SPECIFY),5L BUCKET,SUN-DRIED,,2000,NO,,,,,,,100000,OTHER (SPECIFY),90KG BAG,SMOKED,,100000,NO,,,,,,
103121640062,4e809b335b844db28d06a96d374f87f2,NCHENI,,5,SMALL BASKET,,FRESH,,2000,NO,,,,,,,5,SMALL BASKET,,FRESH,,2000,NO,,,,,,
103121640062,4e809b335b844db28d06a96d374f87f2,USIPA,,14,SMALL BASKET,,FRESH,,2000,NO,,,,,,,4,SMALL BASKET,,FRESH,,2000,YES,1,,,SUN-DRIED,,2000
103121640067,baae54b6d8fc453c856acbdc577bd9a2,USIPA,,150,SMALL BASKET,,FRESH,,2000,NO,,,,,,,15,SMALL BASKET,,FRESH,,2500,NO,,,,,,
103121640081,9569dcb935024d28b6d4d042bf28b865,USIPA,,600,SMALL BASKET,,FRESH,,2000,NO,,,,,,,100,SMALL BASKET,,SUN-DRIED,,2500,NO,,,,,,
103121640081,9569dcb935024d28b6d4d042bf28b865,NCHENI,,40,SMALL BASKET,,FRESH,,2000,NO,,,,,,,5,SMALL BASKET,,SMOKED,,3000,YES,2,,,SUN-DRIED,,3000
103121640081,9569dcb935024d28b6d4d042bf28b865,UTAKA,,300,SMALL BASKET,,FRESH,,2000,NO,,,,,,,20,SMALL BASKET,,SUN-DRIED,,2500,NO,,,,,,
103121640082,8af31ea03b1f4d19823e846ee669cbf6,USIPA,,7,SMALL BASKET,,FRESH,,1500,NO,,,,,,,7,SMALL BASKET,,SUN-DRIED,,2000,NO,,,,,,
103121650179,cba0fa54bfa74ada8d6382d8aab3fae7,CHAMBO,,0,,,,,,NO,,,,,,,2,LARGE BASKET,,FRESH,,85000,NO,,,,,,
103121650471,d8d67896703b4e9482c723dc3e2cc370,MLAMBA,,60,KILOGRAM,,SUN-DRIED,,75000,NO,,,,,,,25,KILOGRAM,,SUN-DRIED,,30000,NO,,,,,,
103121650471,d8d67896703b4e9482c723dc3e2cc370,USIPA,,60,KILOGRAM,,SUN-DRIED,,70000,NO,,,,,,,35,KILOGRAM,,SUN-DRIED,,42000,NO,,,,,,
103121650471,d8d67896703b4e9482c723dc3e2cc370,UTAKA,,50,KILOGRAM,,SUN-DRIED,,68000,NO,,,,,,,25000,KILOGRAM,,SUN-DRIED,,30000,NO,,,,,,
103121660089,ce97d4fe0ebb4eee8c921539ed3c178d,OTHER,NO FISH TRADING WAS DOME,0,,,,,,NO,,,,,,,0,,,,,,NO,,,,,,
103121670169,d95ff00ef1a34fea8aa68ca52050424d,USIPA,,2,SMALL BASKET,,SUN-DRIED,,4000,NO,,,,,,,4,SMALL BASKET,,SUN-DRIED,,5000,NO,,,,,,
103201680072,987b4bd27aa442968db466205a1e3536,NCHENI,,6,LARGE BASKET,,FRESH,,25000,NO,,,,,,,6,LARGE BASKET,,FRESH,,35000,NO,,,,,,
103201680072,987b4bd27aa442968db466205a1e3536,USIPA,,3,LARGE BASKET,,FRESH,,30000,NO,,,,,,,3,LARGE BASKET,,FRESH,,35000,NO,,,,,,
103201680086,4ff89dca92af45b684af7220cedd61ba,OTHER,NDUNDUMA,1,LARGE BASKET,,FRESH,,60000,NO,,,,,,,1,LARGE BASKET,,FRESH,,90000,NO,,,,,,
103201680086,4ff89dca92af45b684af7220cedd61ba,USIPA,,18,LARGE BASKET,,FRESH,,25000,NO,,,,,,,18,LARGE BASKET,,FRESH,,35000,NO,,,,,,
103201680136,1e7ca8bed2e7408ca2ecbbd9888a357a,USIPA,,5,SMALL BASKET,,FRESH,,2000,NO,,,,,,,5,SMALL BASKET,,FRESH,,2500,NO,,,,,,
104041780120,7b56ead5540c4dbfb7f69fc91cd251cc,AGGREGATED,,100,SMALL BASKET,,SUN-DRIED,,3000,YES,100,SMALL BASKET,,SUN-DRIED,,3000,100,SMALL BASKET,,SUN-DRIED,,5000,NO,,,,,,
104041780137,c99c252d0f00467aa85701cf5642b95a,UTAKA,,0,,,,,,NO,,,,,,,28,LARGE BASKET,,FRESH,,6000,NO,,,,,,
104071820287,691e7b5b0d364ba88eb7fd5cc92dd08c,OTHER,MASKUHUNJU,3,LARGE BASKET,,SMOKED,,5000,NO,,,,,,,3,LARGE BASKET,,SMOKED,,7000,NO,,,,,,
104201890128,4c55c9d701b247ceb85adc68fb6f7955,CHAMBO,,12,LARGE BASKET,,FRESH,,15000,NO,,,,,,,3,LARGE BASKET,,FRESH,,24000,NO,,,,,,
104201890128,4c55c9d701b247ceb85adc68fb6f7955,NCHENI,,0,,,,,,NO,,,,,,,0,,,,,,NO,,,,,,
105041980029,2e0b88f7cb60435a8d92895d33ac50c4,OTHER,KAZUNI,0,,,,,,NO,,,,,,,1,SMALL BASKET,,SUN-DRIED,,1000,NO,,,,,,
105041980196,7e3a3fc584904162890889c67a24baf8,USIPA,,4,OTHER (SPECIFY),HEAP MEDIUM,SMOKED,,300,NO,,,,,,,1,LARGE BASKET,,SMOKED,,300,NO,,,,,,
105082070130,48a751d5b7814dc7963fe031235b7e1f,NCHENI,,1,25 KG BAG,,SUN-DRIED,,2000,NO,,,,,,,5,DOZEN / BUNDLE,,SUN-DRIED,,2000,NO,,,,,,
105082070130,48a751d5b7814dc7963fe031235b7e1f,UTAKA,,4,LARGE BASKET,,FRESH,,10000,NO,,,,,,,1,LARGE BASKET,,FRESH,,10000,YES,1,,,SMOKED,,10000
106012110001,197c13ae874b4907980b611acb5cdf03,NCHENI,,3,LARGE BASKET,,FRESH,,5000,NO,,,,,,,4,LARGE BASKET,,FRESH,,5000,NO,,,,,,
106012110001,197c13ae874b4907980b611acb5cdf03,UTAKA,,3,LARGE BASKET,,FRESH,,6000,NO,,,,,,,3,LARGE BASKET,,FRESH,,6000,NO,,,,,,
106012110004,d44fc041d3cf42928b460ca5e04ead07,UTAKA,,1,SMALL BASKET,,SMOKED,,3000,NO,,,,,,,10,SMALL BASKET,,SMOKED,,3000,NO,,,,,,
106012110035,555df629fecb46188e9ac0d9c6604c15,UTAKA,,0,,,,,,NO,,,,,,,0,,,,,,NO,,,,,,
106012110048,342472e366f946749694e1d4073060b9,USIPA,,0,,,,,,NO,,,,,,,0,,,,,,NO,,,,,,
106012110048,342472e366f946749694e1d4073060b9,UTAKA,,0,,,,,,NO,,,,,,,0,,,,,,NO,,,,,,
106012110053,543cc1d9ba2441ada5fcb314ba212923,UTAKA,,4,LARGE BASKET,,FRESH,,20000,NO,,,,,,,112,LARGE BASKET,,FRESH,,20000,NO,,,,,,
106012110070,db8d62f269ce4087b6888253bfe2c32b,NCHENI,,3,LARGE BASKET,,FRESH,,10000,NO,,,,,,,12,LARGE BASKET,,FRESH,,10000,NO,,,,,,
106012110077,c8a435b803704218b05c556b00cfddb4,USIPA,,3,SMALL BASKET,,SUN-DRIED,,10000,NO,,,,,,,48,SMALL BASKET,,SUN-DRIED,,3,NO,,,,,,
106012110077,c8a435b803704218b05c556b00cfddb4,UTAKA,,5,LARGE BASKET,,FRESH,,15000,NO,,,,,,,80,LARGE BASKET,,SUN-DRIED,,24500,NO,,,,,,
106012110078,f7c465a554084ab4a81239bb6dbb1e4d,OTHER,BATALA,0,,,,,,NO,,,,,,,15,PIECE,,FRESH,,300,NO,,,,,,
106012110078,f7c465a554084ab4a81239bb6dbb1e4d,USIPA,,0,,,,,,NO,,,,,,,20,LARGE BASKET,,FRESH,,20000,NO,,,,,,
106012110094,71d995caf65841f08abada272723506d,UTAKA,,0,,,,,,NO,,,,,,,10,10 KG BAG,,FRESH,,3000,NO,,,,,,
106012110109,d4f329c6aab0471a8b64d42108bbf047,UTAKA,,0,,,,,,NO,,,,,,,5,10 KG BAG,,FRESH,,3500,NO,,,,,,
106012110360,8b8846595c544806a0848e62b383f1a3,OTHER,JAMISON,0,,,,,,NO,,,,,,,10,SMALL BASKET,,SUN-DRIED,,20000,NO,,,,,,
106012110398,0eb1bca745c64cf0b7c6a3f44598e6de,NCHENI,,0,,,,,,NO,,,,,,,5,SMALL BASKET,,FRESH,,6500,NO,,,,,,
106012110398,0eb1bca745c64cf0b7c6a3f44598e6de,UTAKA,,0,,,,,,NO,,,,,,,4,LARGE BASKET,,FRESH,,25000,NO,,,,,,
106012110432,bd8f8975d684493d8129ce8b7c1f8d5d,UTAKA,,0,,,,,,NO,,,,,,,6,SMALL BASKET,,SUN-DRIED,,15000,NO,,,,,,
106012110432,bd8f8975d684493d8129ce8b7c1f8d5d,NCHENI,,0,,,,,,NO,,,,,,,2,LARGE BASKET,,SUN-DRIED,,25000,NO,,,,,,
106012120009,504b66d8aad24789be957a3d3ff3bd0c,USIPA,,4,5 KG BAG,,FRESH,,12000,NO,,,,,,,4,10 KG BAG,,SMOKED,,20000,NO,,,,,,
106012120030,05bf82dd81ff46bd8b6939b1198d3cc9,USIPA,,3,SMALL BASKET,,FRESH,,3000,NO,,,,,,,2,SMALL BASKET,,SUN-DRIED,,2000,NO,,,,,,
106012120040,c6618cc94bad4c4f94f1bdea292492ad,UTAKA,,0,,,,,,NO,,,,,,,50,10 KG BAG,,FRESH,,50000,NO,,,,,,
106012120044,0be0747c8c6b45ab805f47e59f7e7dcf,UTAKA,,60,KILOGRAM,,FRESH,,30000,NO,,,,,,,60,KILOGRAM,,FRESH,,40000,NO,,,,,,
106012120081,0bf40235b9c144faaab974ee944a4bd0,AGGREGATED,,0,,,,,,NO,,,,,,,3,SMALL BASKET,,SUN-DRIED,,15000,NO,,,,,,
106012120081,0bf40235b9c144faaab974ee944a4bd0,MLAMBA,,0,,,,,,NO,,,,,,,2,SMALL BASKET,,SMOKED,,10000,NO,,,,,,
106012120084,be469e9fde1c474c9b49625ab62f3ccc,OTHER,KAPANGO,3,DOZEN / BUNDLE,,SMOKED,,15000,NO,,,,,,,3,DOZEN / BUNDLE,,SMOKED,,40000,NO,,,,,,
106012120104,6be3950e67f949b3ba53e41510beb3f8,UTAKA,,52,10 KG BAG,,SUN-DRIED,,780000,NO,,,,,,,52,5 KG BAG,,SUN-DRIED,,1560000,NO,,,,,,
106012120109,2917e87929b94298b46d4b00ff3d8368,USIPA,,20,SMALL BASKET,,SUN-DRIED,,2000,NO,,,,,,,20,SMALL BASKET,,SUN-DRIED,,3000,NO,,,,,,
106012120152,aa136f9bff0e4b0f97b0689ac633ee3c,UTAKA,,270000,SMALL BASKET,,FRESH,,540000,YES,6,SMALL BASKET,,FRESH,,540000,0,,,,,,NO,,,,,,
106012120165,a330bee74902463c83da3a42a11eeb61,UTAKA,,21,SMALL BASKET,,FRESH,,100000,YES,21,SMALL BASKET,,SUN-DRIED,,100000,21,SMALL BASKET,,SUN-DRIED,,21,NO,,,,,,
106012120165,a330bee74902463c83da3a42a11eeb61,USIPA,,150000,SMALL BASKET,,FRESH,,150000,YES,450000,SMALL BASKET,,SUN-DRIED,,450000,4500000,SMALL BASKET,,FRESH,,4500,YES,100,,,SUN-DRIED,,100
106012120237,24f8736697264da0987209d6be9228f2,NCHENI,,5,10 KG BAG,,FRESH,,35000,NO,,,,,,,4,25 KG BAG,,SUN-DRIED,,7000,NO,,,,,,
106012120242,9c7dca1046d247c6a16cc488615aa027,UTAKA,,128000,SMALL BASKET,,SUN-DRIED,,2700,NO,,,,,,,0,,,,,,NO,,,,,,
106012120242,9c7dca1046d247c6a16cc488615aa027,USIPA,,102000,SMALL BASKET,,FRESH,,6000,NO,,,,,,,70000,SMALL BASKET,,FRESH,,3000,NO,,,,,,
107392250104,9aae346102d540c28a8ba2beca80553b,USIPA,,2,SMALL BASKET,,SUN-DRIED,,6000,NO,,,,,,,4,SMALL BASKET,,SUN-DRIED,,6000,NO,,,,,,
107402300081,fc9c183b2b754a91b1984e5de92dbc44,USIPA,,3,SMALL BASKET,,SUN-DRIED,,3000,NO,,,,,,,3,SMALL BASKET,,SUN-DRIED,,6000,NO,,,,,,
201012370054,3498e3e819d442fb918936d1ceeedbf1,USIPA,,1,10 KG BAG,,SUN-DRIED,,4000,NO,,,,,,,1,10 KG BAG,,SUN-DRIED,,7000,NO,,,,,,
201012370067,f55ac8afe5ca4cc48b52bb7a62e639a3,NCHENI,,1,LARGE BASKET,,SMOKED,,40000,NO,,,,,,,1,LARGE BASKET,,SMOKED,,100000,NO,,,,,,
201042400156,46a5daaf62c248da97fcc10129e832b6,USIPA,,5,OTHER (SPECIFY),5L BUCKET,SUN-DRIED,,3000,NO,,,,,,,19000,OTHER (SPECIFY),BUCKET,SUN-DRIED,,3800,NO,,,,,,
201042400340,2939e73be2d142bc9c40bb14c40ec65f,USIPA,,3,SMALL BASKET,,SUN-DRIED,,3000,NO,,,,,,,2,SMALL BASKET,,SUN-DRIED,,10000,NO,,,,,,
201062420249,c129d18d85e045fca1289a32706eba8e,UTAKA,,2,5 KG BAG,,SUN-DRIED,,3500,NO,,,,,,,2,5 KG BAG,,SUN-DRIED,,6000,NO,,,,,,
201062420249,c129d18d85e045fca1289a32706eba8e,USIPA,,2,5 KG BAG,,SUN-DRIED,,3000,NO,,,,,,,2,5 KG BAG,,SUN-DRIED,,12000,NO,,,,,,
201062420307,905312d7c13647c1be0f0f6e151bb0f7,USIPA,,1,5 KG BAG,,SUN-DRIED,,3000,NO,,,,,,,1,5 KG BAG,,SUN-DRIED,,6000,NO,,,,,,
201132480069,9537c2af38204504b3ab3ba33d3a1873,OTHER,MAKELELE,120,KILOGRAM,,FRESH,,20000,NO,,,,,,,120,KILOGRAM,,FRESH,,40000,NO,,,,,,
201202510452,33562022c89342cdb15d85e78156605f,NCHENI,,40,LARGE BASKET,,FRESH,,90000,NO,,,,,,,270000,LARGE BASKET,,FRESH,,0,NO,,,,,,
201202510452,33562022c89342cdb15d85e78156605f,CHAMBO,,5,LARGE BASKET,,FRESH,,250000,NO,,,,,,,500000,LARGE BASKET,,FRESH,,150000,NO,,,,,,
201232570069,caa7c5e39df04ccea53bcfdc1c46e556,UTAKA,,1,5 KG BAG,,SUN-DRIED,,5000,NO,,,,,,,1,5 KG BAG,,SUN-DRIED,,5700,NO,,,,,,
201232570069,caa7c5e39df04ccea53bcfdc1c46e556,USIPA,,2,5 KG BAG,,SUN-DRIED,,2800,NO,,,,,,,2,5 KG BAG,,SUN-DRIED,,3000,NO,,,,,,
202012610034,1a66dc2cc2f443e9bf44d36163d02efe,MLAMBA,,0,,,,,,NO,,,,,,,0,,,,,,NO,,,,,,
202012610047,829cfd6017e042bfbd03078497083042,MLAMBA,,0,,,,,,NO,,,,,,,45000,PIECE,,FRESH,,15000,NO,,,,,,
202012610085,af553d7e86654519b98e08efbe6c72ed,NCHENI,,3,SMALL BASKET,,SMOKED,,10000,NO,,,,,,,3,SMALL BASKET,,SMOKED,,13000,NO,,,,,,
202012610111,a82df73a7ae247ab951a3bcb06d153db,USIPA,,1,OTHER (SPECIFY),50 KG BAG,SUN-DRIED,,150000,NO,,,,,,,10,OTHER (SPECIFY),50KG BAG,SUN-DRIED,,200000,NO,,,,,,
202012610288,26adc41013a94298b69eb3598e8dad22,USIPA,,5,OTHER (SPECIFY),90 KG BAGS,SUN-DRIED,,200000,NO,,,,,,,5,OTHER (SPECIFY),90 KGS BAG,SUN-DRIED,,100000,NO,,,,,,
202012610405,9d70f67249c746d7b8ea515f7c63645b,USIPA,,3,SMALL BASKET,,FRESH,,18000,NO,,,,,,,13,DOZEN / BUNDLE,,SUN-DRIED,,300,NO,,,,,,
202012610405,9d70f67249c746d7b8ea515f7c63645b,NCHENI,,5,LARGE BASKET,,FRESH,,25000,NO,,,,,,,25,DOZEN / BUNDLE,,SUN-DRIED,,350,NO,,,,,,
202012620127,2681a23aa5b94cdba2a4c85af24ea49d,UTAKA,,3,SMALL BASKET,,FRESH,,8000,NO,,,,,,,15,DOZEN / BUNDLE,,FRESH,,500,NO,,,,,,
202012630048,cfaf93d4cc23462bbbaeafca87f9d7b9,CHAMBO,,8,DOZEN / BUNDLE,,FRESH,,80000,NO,,,,,,,8,DOZEN / BUNDLE,,FRESH,,136000,NO,,,,,,
202012630183,dd9fd89a14db4172b564ba88586476e0,USIPA,,5,SMALL BASKET,,SUN-DRIED,,2500,NO,,,,,,,1,SMALL BASKET,,SUN-DRIED,,3000,NO,,,,,,
202012640015,eabe542e016e4f9092ac9982b486ce99,UTAKA,,2,SMALL BASKET,,FRESH,,4500,NO,,,,,,,1,SMALL BASKET,,FRESH,,7000,NO,,,,,,
202012640015,eabe542e016e4f9092ac9982b486ce99,USIPA,,3,OTHER (SPECIFY),5L BUCKET,SUN-DRIED,,3500,NO,,,,,,,1,OTHER (SPECIFY),5LTR CHIGOBA,SUN-DRIED,,5500,NO,,,,,,
202012640209,338025b7ebba4cde9ee471f5a3750a6f,UTAKA,,0,,,,,,NO,,,,,,,0,,,,,,NO,,,,,,
202012640248,2e467500122f43dbb03b768163ece17b,UTAKA,,0,,,,,,NO,,,,,,,0,,,,,,NO,,,,,,
202012640252,1961dbf9c3a947129d725cac98bf73b1,MLAMBA,,0,,,,,,NO,,,,,,,0,,,,,,NO,,,,,,
202012640296,6449d264804649feb5879bc9104b10c3,UTAKA,,1,OTHER (SPECIFY),PAIL LARGE,FRESH,,5000,NO,,,,,,,6000,DOZEN / BUNDLE,,FRESH,,6000,NO,,,,,,
202012650096,c674acba1a3146e5931d27264639035c,UTAKA,,60,KILOGRAM,,FRESH,,12000,NO,,,,,,,60,KILOGRAM,,FRESH,,36000,NO,,,,,,
202022680278,11288a6789824f339732eb04da0eb8e7,MLAMBA,,3,LARGE BASKET,,SMOKED,,10000,NO,,,,,,,3,LARGE BASKET,,SMOKED,,20000,NO,,,,,,
202032690164,0cefcd136f374aaf9ae3823df18e3f25,OTHER,NSANJIKA,150,PIECE,,FRESH,,200,NO,,,,,,,8500,PIECE,,FRESH,,0,NO,,,,,,
202032690233,aea3dd3b707145e2aab3a7588bd1fdd6,MLAMBA,,15,5 KG BAG,,FRESH,,5000,NO,,,,,,,8000,5 KG BAG,,OTHER (SPECIFY),FLIED,6000,NO,,,,,,
202032690313,2f56bc91ee38466598a2327d0e8f3008,OTHER,NKHUTUTU,0,,,,,,NO,,,,,,,2,PIECE,,FRESH,,150,NO,,,,,,
202032690313,2f56bc91ee38466598a2327d0e8f3008,MLAMBA,,0,,,,,,NO,,,,,,,7,PIECE,,FRESH,,100,NO,,,,,,
202032690349,7d782d8a2d9840f5aa81f257e9b66344,OTHER,MBABA,20,DOZEN / BUNDLE,,FRESH,,3000,NO,,,,,,,20,DOZEN / BUNDLE,,FRESH,,5000,NO,,,,,,
202042700038,ad2716ee75784ef79a82fbeaa12d796c,MLAMBA,,0,,,,,,NO,,,,,,,0,,,,,,NO,,,,,,
202042700041,4e0ae39c3acd40b08221882ec4771e8d,CHAMBO,,0,,,,,,NO,,,,,,,0,,,,,,NO,,,,,,
202042700041,4e0ae39c3acd40b08221882ec4771e8d,MLAMBA,,0,,,,,,NO,,,,,,,0,,,,,,NO,,,,,,
202042700118,eb7f8207ec0341fba18c0e5adef3c9c8,MLAMBA,,0,,,,,,NO,,,,,,,23,DOZEN / BUNDLE,,FRESH,,3000,NO,,,,,,
202042710177,c6735b6c1436494b9a2502bcf7ac4fd5,MLAMBA,,0,,,,,,NO,,,,,,,10,PIECE,,FRESH,,20000,NO,,,,,,
202052730008,2c5791e971bd45a2ab323acc8524ba15,MATEMBA,,0,,,,,,NO,,,,,,,0,,,,,,NO,,,,,,
202062740207,87a36ce46afe4a69b05029997f9863a7,CHAMBO,,.a,,,,,,.a,,,,,,,.a,,,,,,.a,,,,,,
202062740207,87a36ce46afe4a69b05029997f9863a7,MATEMBA,,.a,,,,,,.a,,,,,,,.a,,,,,,.a,,,,,,
202062740428,05663c5cc5c44c769182e787c00935a0,MATEMBA,,200,KILOGRAM,,SMOKED,,75000,NO,,,,,,,100,KILOGRAM,,SMOKED,,75000,NO,,,,,,
202062740428,05663c5cc5c44c769182e787c00935a0,MLAMBA,,2,LARGE BASKET,,SMOKED,,25000,NO,,,,,,,40,KILOGRAM,,SMOKED,,50000,NO,,,,,,
202062750140,a198f2580cf54e13bbfa68311ced3656,USIPA,,5,SMALL BASKET,,FRESH,,10000,YES,5,SMALL BASKET,,SUN-DRIED,,10000,13800,DOZEN / BUNDLE,,FRESH,,150,YES,1,,,SUN-DRIED,,150
202062760073,8dd4a2c502924f25b03154276d68d9cb,NCHENI,,70,PIECE,,FRESH,,70,NO,,,,,,,70,PIECE,,FRESH,,200,NO,,,,,,
202062760073,8dd4a2c502924f25b03154276d68d9cb,USIPA,,1,5 KG BAG,,FRESH,,3500,NO,,,,,,,1,5 KG BAG,,FRESH,,4500,NO,,,,,,
202062760142,cb5167d6923d47a79b3849d92a8f2271,UTAKA,,1,SMALL BASKET,,FRESH,,11000,NO,,,,,,,1,SMALL BASKET,,SUN-DRIED,,18000,NO,,,,,,
202062760142,cb5167d6923d47a79b3849d92a8f2271,USIPA,,2,SMALL BASKET,,FRESH,,10000,NO,,,,,,,1,SMALL BASKET,,FRESH,,12000,NO,,,,,,
202062770118,ec1dae3c2e444e05bf87d07242528189,MATEMBA,,0,,,,,,NO,,,,,,,0,,,,,,NO,,,,,,
202062770237,032f41b50b6b476195a1c9cd53807e82,MLAMBA,,0,,,,,,NO,,,,,,,500,PIECE,,FRESH,,500,NO,,,,,,
202062770237,032f41b50b6b476195a1c9cd53807e82,OTHER,KHUTUTU,0,,,,,,NO,,,,,,,50,PIECE,,FRESH,,50,NO,,,,,,
202062770286,dcb807759a7f4f09bdd082ddddc9bc24,NCHENI,,4,10 KG BAG,,FRESH,,8000,NO,,,,,,,5,10 KG BAG,,SUN-DRIED,,14000,NO,,,,,,
202062790306,6ab88b8c4aa44dd5b9738190d085d919,USIPA,,6000,SMALL BASKET,,SUN-DRIED,,6000,NO,,,,,,,8000,SMALL BASKET,,SUN-DRIED,,8000,NO,,,,,,
203022860074,ed522656705840c19c8ef5494a82406a,UTAKA,,1,LARGE BASKET,,FRESH,,20000,NO,,,,,,,25000,LARGE BASKET,,FRESH,,1,NO,,,,,,
203042940004,d59071446e4d43169d8fcab95585a1b7,USIPA,,4,5 KG BAG,,FRESH,,1200,NO,,,,,,,4,5 KG BAG,,FRESH,,10000,NO,,,,,,
203042940018,cc4df7980e71436bbbeba2f7dbf32434,USIPA,,6,KILOGRAM,,SUN-DRIED,,1900,NO,,,,,,,6,KILOGRAM,,SUN-DRIED,,4000,NO,,,,,,
203042940096,2a23479dc7174d60a535428c098fb19b,USIPA,,6,SMALL BASKET,,SUN-DRIED,,1500,NO,,,,,,,15000,SMALL BASKET,,SUN-DRIED,,2500,NO,,,,,,
203063000058,49bc806a98134d20b716d6e39a4fdf97,NCHENI,,1,LARGE BASKET,,SMOKED,,40000,NO,,,,,,,5,OTHER (SPECIFY),HEAP,SMOKED,,250,NO,,,,,,
203073010043,15a741ae6324401288ab1c09f6e94197,MATEMBA,,0,,,,,,NO,,,,,,,0,,,,,,NO,,,,,,
203073010095,28edae89a19944829e6156a16565d79b,USIPA,,50000,SMALL BASKET,,SUN-DRIED,,5000,NO,,,,,,,60000,SMALL BASKET,,SUN-DRIED,,6000,NO,,,,,,
204013060229,c1dd7f37d3d1487f9fffe745272d8ae3,USIPA,,2,SMALL BASKET,,SUN-DRIED,,250,NO,,,,,,,2,SMALL BASKET,,SUN-DRIED,,250,NO,,,,,,
204023070117,4f319e8063934b4a9054ec39f51fbcbc,USIPA,,15,KILOGRAM,,SUN-DRIED,,1600,NO,,,,,,,20,KILOGRAM,,SUN-DRIED,,2800,NO,,,,,,
204023070135,a62ed6d6a7404335b8fd4144ea563f7f,USIPA,,8,5 KG BAG,,SUN-DRIED,,18000,NO,,,,,,,8000,5 KG BAG,,SUN-DRIED,,18000,NO,,,,,,
204023070153,3ea4ce31d527493ba684dd02cc71cc7c,MLAMBA,,0,,,,,,NO,,,,,,,0,,,,,,NO,,,,,,
204043140113,f37e017d40b04262b9f04baf2707f967,UTAKA,,68,DOZEN / BUNDLE,,SUN-DRIED,,600,NO,,,,,,,68,DOZEN / BUNDLE,,SUN-DRIED,,800,NO,,,,,,
204043140113,f37e017d40b04262b9f04baf2707f967,USIPA,,1,SMALL BASKET,,SUN-DRIED,,5000,NO,,,,,,,3,5 KG BAG,,SUN-DRIED,,7500,NO,,,,,,
204053190194,c4fc7fa7788145f7a3fd0976143cd1fb,UTAKA,,2,SMALL BASKET,,SUN-DRIED,,3500,NO,,,,,,,2,SMALL BASKET,,SUN-DRIED,,8000,NO,,,,,,
205013260076,1e316d1748cd43f4a233a47227605b48,NCHENI,,50,DOZEN / BUNDLE,,FRESH,,3000,NO,,,,,,,50,DOZEN / BUNDLE,,FRESH,,5000,NO,,,,,,
205013280943,baf974ca5ded4c0cbf31b8a14950bf31,CHAMBO,,40,DOZEN / BUNDLE,,FRESH,,7000,NO,,,,,,,40,DOZEN / BUNDLE,,FRESH,,8000,NO,,,,,,
205013280943,baf974ca5ded4c0cbf31b8a14950bf31,NCHENI,,20,DOZEN / BUNDLE,,FRESH,,4000,NO,,,,,,,20,DOZEN / BUNDLE,,FRESH,,5000,NO,,,,,,
205013280943,baf974ca5ded4c0cbf31b8a14950bf31,OTHER,SAPUWA,30,DOZEN / BUNDLE,,FRESH,,7000,NO,,,,,,,30,DOZEN / BUNDLE,,FRESH,,5000,NO,,,,,,
205023290221,1e8162bd07cb47c2b6052f710da869ff,OTHER,NKHOLOKOLO,5000,DOZEN / BUNDLE,,FRESH,,250,YES,0,,,,,,2,DOZEN / BUNDLE,,FRESH,,200,NO,,,,,,
205043350070,fd697fb8b25443b59da36ca122d337a9,OTHER,MPASA,0,,,,,,NO,,,,,,,40,PIECE,,FRESH,,3,NO,,,,,,
205053360219,5754b076f97e48c48fd86455ae881c91,CHAMBO,,0,,,,,,NO,,,,,,,8,DOZEN / BUNDLE,,FRESH,,40000,NO,,,,,,
205053370039,8b81dd0a679948b880b66a1f598c45a0,NCHENI,,4,LARGE BASKET,,SMOKED,,25000,YES,5,LARGE BASKET,,SMOKED,,25000,5,LARGE BASKET,,SMOKED,,25000,YES,5,,,SMOKED,,25000
205053370057,5c6184ef621c4f14ba30fa29cd13147a,CHAMBO,,0,,,,,,NO,,,,,,,4,DOZEN / BUNDLE,,FRESH,,3000,NO,,,,,,
205053370057,5c6184ef621c4f14ba30fa29cd13147a,MLAMBA,,0,,,,,,NO,,,,,,,6,DOZEN / BUNDLE,,FRESH,,2000,NO,,,,,,
205063380099,043b0614c80041e7bb86224e331c7834,USIPA,,20,SMALL BASKET,,FRESH,,1000,NO,,,,,,,1000,SMALL BASKET,,FRESH,,1000,NO,,,,,,
205063380099,043b0614c80041e7bb86224e331c7834,NCHENI,,40,SMALL BASKET,,FRESH,,3000,NO,,,,,,,10,SMALL BASKET,,FRESH,,3000,NO,,,,,,
205063380124,b22f72637bb147e1a837a25a35160eb9,UTAKA,,2,DOZEN / BUNDLE,,FRESH,,700,NO,,,,,,,2,PIECE,,SMOKED,,500,NO,,,,,,
205063380157,1f52142bf553415ebfeddd7d91bb2675,OTHER,JAMISONI,0,,,,,,NO,,,,,,,10,DOZEN / BUNDLE,,FRESH,,3000,NO,,,,,,
205073400131,8ceb91f645784a15b6b4b660f9eca9fc,USIPA,,2,LARGE BASKET,,SUN-DRIED,,10000,NO,,,,,,,2,LARGE BASKET,,SUN-DRIED,,16000,NO,,,,,,
205073400131,8ceb91f645784a15b6b4b660f9eca9fc,MATEMBA,,2,LARGE BASKET,,FRESH,,40000,NO,,,,,,,2,LARGE BASKET,,OTHER (SPECIFY),FLIED,64000,NO,,,,,,
205073430141,1d3c6e020a134f6cb2f74711ceb9c5dc,USIPA,,1,LARGE BASKET,,SUN-DRIED,,15000,NO,,,,,,,1,LARGE BASKET,,SUN-DRIED,,30000,NO,,,,,,
205073430141,1d3c6e020a134f6cb2f74711ceb9c5dc,NCHENI,,1,LARGE BASKET,,SUN-DRIED,,20000,NO,,,,,,,1,SMALL BASKET,,SUN-DRIED,,8000,NO,,,,,,
205093460107,9a17e5a268b54e588170832bd9fc2dec,UTAKA,,0,,,,,,NO,,,,,,,0,,,,,,NO,,,,,,
205213480093,83c41f6877454a1cab4bc0bc10e774a2,USIPA,,3,SMALL BASKET,,SMOKED,,2000,NO,,,,,,,1,SMALL BASKET,,SMOKED,,3000,NO,,,,,,
205213480093,83c41f6877454a1cab4bc0bc10e774a2,MLAMBA,,0,,,,,,NO,,,,,,,0,,,,,,NO,,,,,,
206053620027,2028a47b8a6d45efb6152a515c5cf0a4,CHAMBO,,0,,,,,,NO,,,,,,,800,PIECE,,FRESH,,400,NO,,,,,,
206053620027,2028a47b8a6d45efb6152a515c5cf0a4,MLAMBA,,0,,,,,,NO,,,,,,,0,,,,,,NO,,,,,,
206053620027,2028a47b8a6d45efb6152a515c5cf0a4,OTHER,MINGWI,0,,,,,,NO,,,,,,,1000,DOZEN / BUNDLE,,FRESH,,300,NO,,,,,,
206083670202,55d5d9da934c457f8d87fa50fceee8fb,MATEMBA,,3,SMALL BASKET,,FRESH,,3500,NO,,,,,,,3,SMALL BASKET,,FRESH,,14250,NO,,,,,,
206083670202,55d5d9da934c457f8d87fa50fceee8fb,MLAMBA,,3,SMALL BASKET,,FRESH,,12000,YES,3,SMALL BASKET,,SMOKED,,0,3,SMALL BASKET,,SMOKED,,15600,NO,,,,,,
206083670380,391c5b87d7f74b2b8aca27813d684aa1,MLAMBA,,5,DOZEN / BUNDLE,,FRESH,,250,NO,,,,,,,5,DOZEN / BUNDLE,,FRESH,,250,NO,,,,,,
206093710094,7ce47bc9fca74b2392b3b51f4d49bf38,OTHER,NO SPECIES,0,,,,,,NO,,,,,,,0,,,,,,NO,,,,,,
206163790366,47606658b55940f1a420bd7b64c65f2d,UTAKA,,0,,,,,,NO,,,,,,,1,DOZEN / BUNDLE,,FRESH,,1000,NO,,,,,,
207023890200,9e44309522e94691845bf0f2f15041d3,MLAMBA,,5000,LARGE BASKET,,FRESH,,1000,NO,,,,,,,15000,LARGE BASKET,,FRESH,,1000,YES,5000,,,FRESH,,1000
207033920187,fbf0e0e5c6f2434bb8820033f44c5e14,CHAMBO,,42,PIECE,,FRESH,,29500,NO,,,,,,,29500,PIECE,,FRESH,,700,NO,,,,,,
207074000179,6477f55c73e44a80a8b6c57d530a8ad9,MLAMBA,,0,,,,,,NO,,,,,,,10,PIECE,,FRESH,,1500,NO,,,,,,
207074010032,b128cc944a5d4d6f80785919fde72513,OTHER,BEREBETE,6,SMALL BASKET,,SUN-DRIED,,3000,NO,,,,,,,4000,OTHER (SPECIFY),SMALL JUMBO,SUN-DRIED,,200,NO,,,,,,
207074010118,007e60d0bf334854b312ccb2409eed7f,OTHER,BEREBETE,2,SMALL BASKET,,SUN-DRIED,,2500,NO,,,,,,,4,SMALL BASKET,,SUN-DRIED,,2000,NO,,,,,,
207074010142,d5762b677bd8479fb15446ade5c22d04,MATEMBA,,1,LARGE BASKET,,FRESH,,15000,NO,,,,,,,12,LARGE BASKET,,FRESH,,180000,NO,,,,,,
207124050150,429b493db415475dbd88d0f4af3c054e,UTAKA,,60,PIECE,,SUN-DRIED,,60,NO,,,,,,,50,PIECE,,SUN-DRIED,,60,NO,,,,,,
207204060054,363805e62cbf41b2980a5763f4a6e1fa,UTAKA,,1,OTHER (SPECIFY),50 KG BAG,SUN-DRIED,,39000,NO,,,,,,,1,OTHER (SPECIFY),50KG BAG,SUN-DRIED,,52000,NO,,,,,,
207204060054,363805e62cbf41b2980a5763f4a6e1fa,USIPA,,2,OTHER (SPECIFY),50 KG BAG,SUN-DRIED,,50000,NO,,,,,,,2,OTHER (SPECIFY),50KG BAGS,SUN-DRIED,,65000,NO,,,,,,
207204060187,afa03f7d108b4edf82d4164831a15722,USIPA,,3,SMALL BASKET,,SMOKED,,300,NO,,,,,,,3,SMALL BASKET,,SMOKED,,8000,NO,,,,,,
207204060187,afa03f7d108b4edf82d4164831a15722,NCHENI,,20,DOZEN / BUNDLE,,SMOKED,,1000,NO,,,,,,,20,DOZEN / BUNDLE,,SMOKED,,2000,NO,,,,,,
207204060187,afa03f7d108b4edf82d4164831a15722,UTAKA,,4,SMALL BASKET,,SMOKED,,300,NO,,,,,,,4,SMALL BASKET,,SMOKED,,8000,NO,,,,,,
207204060187,afa03f7d108b4edf82d4164831a15722,CHAMBO,,30,DOZEN / BUNDLE,,SMOKED,,24000,NO,,,,,,,15,DOZEN / BUNDLE,,SMOKED,,1000,NO,,,,,,
208014080044,bb27fb51c9d34cbaa5e7f6d3756799b6,OTHER,NONE,0,,,,,,NO,,,,,,,0,,,,,,NO,,,,,,
208014110193,e0dc887544b04796adaa020454652032,UTAKA,,1,OTHER (SPECIFY),5L BUCKET,SUN-DRIED,,6000,NO,,,,,,,2,OTHER (SPECIFY),5LITRE BUCKET,SUN-DRIED,,8500,NO,,,,,,
208034140003,2a41076421b44f979e43636d9728424d,USIPA,,2,SMALL BASKET,,SUN-DRIED,,2500,NO,,,,,,,2,SMALL BASKET,,SUN-DRIED,,3500,NO,,,,,,
209024310071,f11db0ef282945f89d7223fb20282d29,OTHER,NONE,0,,,,,,NO,,,,,,,0,,,,,,NO,,,,,,
209054380122,0153f47bc58a4036acb8cf0f16309dd2,OTHER,NONE,0,,,,,,NO,,,,,,,0,,,,,,NO,,,,,,
209074400045,813cdddc94cc42c3aca0d1c5d3e10374,USIPA,,1,OTHER (SPECIFY),GABA PAIL,SUN-DRIED,,500,NO,,,,,,,600,DOZEN / BUNDLE,,SUN-DRIED,,100,NO,,,,,,
209074400120,324309d1cc404b92995f7c327f824740,USIPA,,48,SMALL BASKET,,SUN-DRIED,,2750,NO,,,,,,,3,SMALL BASKET,,SUN-DRIED,,2750,NO,,,,,,
209094440120,0b6a41558a064562be0fd38e85190cf3,USIPA,,4,5 KG BAG,,SMOKED,,2500,NO,,,,,,,2,5 KG BAG,,SMOKED,,6500,NO,,,,,,
209094440120,0b6a41558a064562be0fd38e85190cf3,UTAKA,,4,5 KG BAG,,SMOKED,,3000,NO,,,,,,,2,5 KG BAG,,SMOKED,,4500,NO,,,,,,
209094440120,0b6a41558a064562be0fd38e85190cf3,NCHENI,,7,DOZEN / BUNDLE,,SMOKED,,500,NO,,,,,,,3,DOZEN / BUNDLE,,SMOKED,,1140,NO,,,,,,
209104480147,b2a4b91793424016b53eab4f8765ec6a,USIPA,,3,5 KG BAG,,SUN-DRIED,,1200,NO,,,,,,,2,5 KG BAG,,SUN-DRIED,,1700,NO,,,,,,
210404530056,246f24d6868f4d65bf0ac9a4d82f1edd,USIPA,,45000,5 KG BAG,,SUN-DRIED,,200,NO,,,,,,,2000,5 KG BAG,,SUN-DRIED,,2000,NO,,,,,,
210524560148,c4abd3112d7947b5a91ee7c1e1116157,OTHER,OREOCHROMIS SPECIES FROM MOZAMBIQUE,70000,LARGE BASKET,,FRESH,,4000,NO,,,,,,,150000,LARGE BASKET,,ICED,,130000,NO,,,,,,
210534570335,c9353c509bd24469b34dd01fca4ea572,USIPA,,2,25 KG BAG,,FRESH,,20000,NO,,,,,,,6,KILOGRAM,,SUN-DRIED,,200,NO,,,,,,
210744700137,71dc023e07af49178e0456b4e18015a3,USIPA,,36,SMALL BASKET,,SUN-DRIED,,15000,NO,,,,,,,3,SMALL BASKET,,SUN-DRIED,,15000,NO,,,,,,
210814760094,d382e45049974e5baf0d325a38906db6,NCHENI,,75000,PIECE,,SUN-DRIED,,1000,NO,,,,,,,25000,PIECE,,SUN-DRIED,,1000,NO,,,,,,
210834770069,2a1005333abc4ac1ad79c0051f7b04ae,NCHENI,,60,DOZEN / BUNDLE,,FRESH,,400,NO,,,,,,,40,DOZEN / BUNDLE,,FRESH,,500,NO,,,,,,
210834770069,2a1005333abc4ac1ad79c0051f7b04ae,USIPA,,5,SMALL BASKET,,FRESH,,2000,NO,,,,,,,5,SMALL BASKET,,FRESH,,4000,NO,,,,,,
210854780182,16fda3533fea49ca95e32bb02d73263d,MATEMBA,,5,KILOGRAM,,SUN-DRIED,,1000,NO,,,,,,,10,OTHER (SPECIFY),HEAP,OTHER (SPECIFY),HEAP,1000,NO,,,,,,
301014850221,404755a1aa2d4f9894ebd315a4b73e6e,UTAKA,,0,,,,,,NO,,,,,,,3,LARGE BASKET,,FRESH,,15000,NO,,,,,,
301024880157,89346232f7d3434b8116a01d71d1711e,MAKUMBA,,0,,,,,,NO,,,,,,,5,LARGE BASKET,,SUN-DRIED,,12000,NO,,,,,,
301044910228,c5644b861016426ba906b43b3eb95ec9,USIPA,,2,LARGE BASKET,,SUN-DRIED,,14000,YES,2,LARGE BASKET,,SUN-DRIED,,14000,2,LARGE BASKET,,SUN-DRIED,,14000,NO,,,,,,
301074990182,11dc07ba4130498cb6a9d3c441d607e9,USIPA,,2,LARGE BASKET,,SUN-DRIED,,20000,NO,,,,,,,2,LARGE BASKET,,SUN-DRIED,,30000,NO,,,,,,
301075000130,1eb28b8016d5480c962db6d5ebf5fbbc,USIPA,,15,KILOGRAM,,SUN-DRIED,,3000,NO,,,,,,,15,KILOGRAM,,SUN-DRIED,,4500,NO,,,,,,
302015100043,0f0c040e49424a0ea37377b0bbe367b6,MATEMBA,,5,KILOGRAM,,FRESH,,4000,NO,,,,,,,5,KILOGRAM,,FRESH,,5000,NO,,,,,,
302045140142,138fe65e4394456a9fc55fec3942e856,USIPA,,5,KILOGRAM,,SUN-DRIED,,2500,NO,,,,,,,4,KILOGRAM,,SUN-DRIED,,4000,NO,,,,,,
302055150051,16e35e4959c84fc8af67fd4ba15caff7,CHAMBO,,0,,,,,,NO,,,,,,,4,SMALL BASKET,,FRESH,,10000,NO,,,,,,
302055150051,16e35e4959c84fc8af67fd4ba15caff7,MLAMBA,,0,,,,,,NO,,,,,,,12,SMALL BASKET,,FRESH,,5000,NO,,,,,,
302055150053,a0d7c31e66624891b0882a43b362bcb3,MATEMBA,,20,SMALL BASKET,,FRESH,,2500,NO,,,,,,,20,SMALL BASKET,,FRESH,,3000,NO,,,,,,
302055150053,a0d7c31e66624891b0882a43b362bcb3,CHAMBO,,50,DOZEN / BUNDLE,,FRESH,,700,NO,,,,,,,40,DOZEN / BUNDLE,,FRESH,,1000,NO,,,,,,
302055150053,a0d7c31e66624891b0882a43b362bcb3,MLAMBA,,300,DOZEN / BUNDLE,,FRESH,,700,NO,,,,,,,40,DOZEN / BUNDLE,,FRESH,,1500,NO,,,,,,
302055150125,3fba9c5ad9d647f5a2f28a15225959ec,MATEMBA,,0,,,,,,NO,,,,,,,0,,,,,,NO,,,,,,
302055150128,7044c86dce354b30a1bb45b557dc15f4,MLAMBA,,2,25 KG BAG,,FRESH,,15000,NO,,,,,,,2,25 KG BAG,,FRESH,,15000,NO,,,,,,
302055150128,7044c86dce354b30a1bb45b557dc15f4,MATEMBA,,0,,,,,,NO,,,,,,,3,SMALL BASKET,,FRESH,,4000,NO,,,,,,
302075180078,c178cbc635764835bb997e37264afa99,MATEMBA,,4,SMALL BASKET,,SUN-DRIED,,3500,NO,,,,,,,2,SMALL BASKET,,SUN-DRIED,,3500,NO,,,,,,
302125270113,c78681536afc403f911e540ac47eb594,MATEMBA,,15,KILOGRAM,,FRESH,,7000,NO,,,,,,,15,KILOGRAM,,FRESH,,8500,NO,,,,,,
303015310009,3c38d3a7805c476db300e4d536a0b5a0,USIPA,,8,OTHER (SPECIFY),5L BUCKET,SUN-DRIED,,40000,NO,,,,,,,8,OTHER (SPECIFY),5 LITRE CHIGOBA,SUN-DRIED,,40000,NO,,,,,,
303025320062,d61e48d5c68247ef8ffaadcc9fa32476,MLAMBA,,24,OTHER (SPECIFY),5L BUCKET,FRESH,,3500,NO,,,,,,,12,OTHER (SPECIFY),5 LITRE CHIGOBA,SMOKED,,5000,NO,,,,,,
303025320118,2a187763ae384077a5aaf193431b3b66,CHAMBO,,30,OTHER (SPECIFY),5L BUCKET,FRESH,,6000,NO,,,,,,,30,OTHER (SPECIFY),CHIGOBA,FRESH,,6500,NO,,,,,,
303025320118,2a187763ae384077a5aaf193431b3b66,OTHER,KASAWALA,50,OTHER (SPECIFY),5L BUCKET,FRESH,,1500,NO,,,,,,,50,OTHER (SPECIFY),CHIGOBA,FRESH,,2000,NO,,,,,,
303025320118,2a187763ae384077a5aaf193431b3b66,MLAMBA,,30,OTHER (SPECIFY),5L BUCKET,FRESH,,2500,NO,,,,,,,30,OTHER (SPECIFY),CHIGOBA,FRESH,,3000,NO,,,,,,
303025320145,71cd91513a5743c095983a41790ee7a9,UTAKA,,2,OTHER (SPECIFY),5L BUCKET,SUN-DRIED,,2500,NO,,,,,,,2,OTHER (SPECIFY),CHIGOBA,SUN-DRIED,,3500,NO,,,,,,
303025320145,71cd91513a5743c095983a41790ee7a9,USIPA,,3,OTHER (SPECIFY),5L BUCKET,SUN-DRIED,,2000,NO,,,,,,,3,OTHER (SPECIFY),CHIGOBA,SUN-DRIED,,4000,NO,,,,,,
303025350064,101f79de544f4e4cb88663fb64e0a353,MATEMBA,,0,,,,,,NO,,,,,,,50,PIECE,,FRESH,,1200,NO,,,,,,
303025350157,717e78db21a549e9a61f78ff20e802ea,MLAMBA,,0,,,,,,NO,,,,,,,280,PIECE,,FRESH,,4000,NO,,,,,,
303025350174,4025541d86034a008c2cacba37617fc9,USIPA,,8,OTHER (SPECIFY),5L BUCKET,SUN-DRIED,,5000,NO,,,,,,,8,OTHER (SPECIFY),CHIGOBA,SUN-DRIED,,6000,NO,,,,,,
303025360133,fb4e8b0a3f274de6abc5702e5055a0cc,MLAMBA,,8,SMALL BASKET,,FRESH,,3000,YES,8,SMALL BASKET,,SMOKED,,3000,8,SMALL BASKET,,SMOKED,,6000,NO,,,,,,
303075430109,fa716337ee654e798c225b3ccb7e0b2b,MLAMBA,,10,OTHER (SPECIFY),HEAP,FRESH,,5000,NO,,,,,,,10,OTHER (SPECIFY),HEAP,FRESH,,12000,NO,,,,,,
303075450016,1c89c99c739a468c959429510fa576b5,USIPA,,3,OTHER (SPECIFY),5L BUCKET,SUN-DRIED,,1400,NO,,,,,,,1,OTHER (SPECIFY),PACKAGING,SUN-DRIED,,2000,NO,,,,,,
303075450033,63b3a7d401a74315b8c1d7eea65b22c1,NCHENI,,2,5 KG BAG,,SMOKED,,9000,YES,2,5 KG BAG,,SUN-DRIED,,8000,2,5 KG BAG,,SMOKED,,13000,YES,2,,,SUN-DRIED,,12000
303075450033,63b3a7d401a74315b8c1d7eea65b22c1,USIPA,,7,5 KG BAG,,SUN-DRIED,,2500,NO,,,,,,,7,5 KG BAG,,SUN-DRIED,,4000,NO,,,,,,
303075460091,c14ffd797ab44b8bba331450281604b0,UTAKA,,2,OTHER (SPECIFY),5L BUCKET,SMOKED,,4500,NO,,,,,,,2,OTHER (SPECIFY),CHIGOBA,SMOKED,,8000,NO,,,,,,
303075460091,c14ffd797ab44b8bba331450281604b0,USIPA,,2,OTHER (SPECIFY),5L BUCKET,SUN-DRIED,,4500,NO,,,,,,,2,OTHER (SPECIFY),CHIGOBA,SUN-DRIED,,7000,NO,,,,,,
303075470125,48e96fb7fc4a4bd28b8c6cd76b1fdea9,MATEMBA,,3,OTHER (SPECIFY),5L BUCKET,SUN-DRIED,,3000,NO,,,,,,,3,OTHER (SPECIFY),5 LITRE CHIGOBA,SUN-DRIED,,4500,NO,,,,,,
303115520016,7255266ca5a74a22ac469e9e68146d4b,NCHENI,,1,OTHER (SPECIFY),5L BUCKET,SUN-DRIED,,6500,NO,,,,,,,1,OTHER (SPECIFY),CHIGOBA,SUN-DRIED,,8000,NO,,,,,,
303115520016,7255266ca5a74a22ac469e9e68146d4b,USIPA,,2,OTHER (SPECIFY),5L BUCKET,SUN-DRIED,,2500,NO,,,,,,,1,OTHER (SPECIFY),CHIGOBA,SUN-DRIED,,5000,NO,,,,,,
303115520016,7255266ca5a74a22ac469e9e68146d4b,UTAKA,,1,OTHER (SPECIFY),5L BUCKET,SUN-DRIED,,4500,NO,,,,,,,1,OTHER (SPECIFY),CHIGOBA,SUN-DRIED,,6000,NO,,,,,,
303115520136,80c4bf966a7e4dc58682e3ca617e53f8,MLAMBA,,15,DOZEN / BUNDLE,,SMOKED,,1000,NO,,,,,,,15,DOZEN / BUNDLE,,SMOKED,,1500,NO,,,,,,
303115520136,80c4bf966a7e4dc58682e3ca617e53f8,CHAMBO,,15,DOZEN / BUNDLE,,SMOKED,,1000,NO,,,,,,,15,DOZEN / BUNDLE,,SMOKED,,1500,NO,,,,,,
304015540095,999cc357c1054adea9aa1f2c3710961c,USIPA,,2,SMALL BASKET,,SUN-DRIED,,3500,NO,,,,,,,2,SMALL BASKET,,SUN-DRIED,,6000,NO,,,,,,
304015560433,63194b9fd9a5456d91558bb3ffd032af,OTHER,M'BABA,3,LARGE BASKET,,FRESH,,50000,NO,,,,,,,3,LARGE BASKET,,SMOKED,,70000,NO,,,,,,
304015560433,63194b9fd9a5456d91558bb3ffd032af,MATEMBA,,70,KILOGRAM,,SUN-DRIED,,20000,NO,,,,,,,70,KILOGRAM,,SUN-DRIED,,30000,NO,,,,,,
304025600025,105374ca639646d8906e036dfc8ac476,USIPA,,1,OTHER (SPECIFY),5L BUCKET,SUN-DRIED,,5000,NO,,,,,,,1,OTHER (SPECIFY),CHIGOBA,SUN-DRIED,,8000,NO,,,,,,
304025600025,105374ca639646d8906e036dfc8ac476,UTAKA,,1,OTHER (SPECIFY),5L BUCKET,SUN-DRIED,,7000,NO,,,,,,,1,OTHER (SPECIFY),CHIGOBA,SUN-DRIED,,10000,NO,,,,,,
304025600025,105374ca639646d8906e036dfc8ac476,MATEMBA,,1,OTHER (SPECIFY),5L BUCKET,SUN-DRIED,,8000,NO,,,,,,,1,OTHER (SPECIFY),CHIGOBA,SUN-DRIED,,10500,NO,,,,,,
304025600055,3d44ff87d2c0420abb9ee81fdf34c926,AGGREGATED,,30,OTHER (SPECIFY),5L BUCKET,SUN-DRIED,,5000,NO,,,,,,,30,OTHER (SPECIFY),CHIGOBA,SUN-DRIED,,7000,NO,,,,,,
304025600154,16c9970d43b94e28adbcb92b13e81e9f,CHAMBO,,120,PIECE,,FRESH,,260,NO,,,,,,,120,PIECE,,FRESH,,400,NO,,,,,,
304045650106,5e90b16272b44ed99e3eedaf943684c5,USIPA,,4,OTHER (SPECIFY),5L BUCKET,SUN-DRIED,,3500,NO,,,,,,,2,OTHER (SPECIFY),CHIGOBA,SUN-DRIED,,4500,NO,,,,,,
304045650106,5e90b16272b44ed99e3eedaf943684c5,OTHER,MAGAZINI,3,OTHER (SPECIFY),5L BUCKET,SUN-DRIED,,4000,NO,,,,,,,2,OTHER (SPECIFY),CHIGOBA,SUN-DRIED,,5000,NO,,,,,,
304045650172,069ab247f7264ce581036e1060e312b8,AGGREGATED,,10,SMALL BASKET,,SMOKED,,2000,NO,,,,,,,10,SMALL BASKET,,SMOKED,,3000,NO,,,,,,
304045670130,7d69bd9673a3475480350e1f0ee92853,AGGREGATED,,4,OTHER (SPECIFY),5L BUCKET,SUN-DRIED,,4000,NO,,,,,,,4,OTHER (SPECIFY),CHIGOBA,SUN-DRIED,,6000,NO,,,,,,
305015790074,fab62826568d44f1a423b3f025bbae22,UTAKA,,1,5 KG BAG,,SUN-DRIED,,1500,NO,,,,,,,1,5 KG BAG,,SUN-DRIED,,3000,NO,,,,,,
305015790074,fab62826568d44f1a423b3f025bbae22,USIPA,,2,5 KG BAG,,SUN-DRIED,,2400,NO,,,,,,,2,5 KG BAG,,SUN-DRIED,,4000,NO,,,,,,
305015790074,fab62826568d44f1a423b3f025bbae22,NCHENI,,1,5 KG BAG,,SUN-DRIED,,3000,NO,,,,,,,1,5 KG BAG,,SUN-DRIED,,5000,NO,,,,,,
306016010040,9a82dabc5c4e47cda2343aae7a0a6de8,USIPA,,400,OTHER (SPECIFY),5L BUCKET,SUN-DRIED,,1000,NO,,,,,,,400,OTHER (SPECIFY),CHIGOBA,SUN-DRIED,,1800,NO,,,,,,
306016010040,9a82dabc5c4e47cda2343aae7a0a6de8,MAKAKANI,,192,DOZEN / BUNDLE,,SMOKED,,500,NO,,,,,,,192,DOZEN / BUNDLE,,SMOKED,,1000,NO,,,,,,
306016010040,9a82dabc5c4e47cda2343aae7a0a6de8,UTAKA,,10,OTHER (SPECIFY),5L BUCKET,SUN-DRIED,,6000,YES,15,OTHER (SPECIFY),Chigoba,SMOKED,,6500,10,OTHER (SPECIFY),CHIGOBA,SUN-DRIED,,7500,YES,15,,,SMOKED,,8000
306016010040,9a82dabc5c4e47cda2343aae7a0a6de8,CHAMBO,,100,DOZEN / BUNDLE,,SMOKED,,1200,NO,,,,,,,100,DOZEN / BUNDLE,,SMOKED,,1800,NO,,,,,,
306016010040,9a82dabc5c4e47cda2343aae7a0a6de8,MATEMBA,,17,OTHER (SPECIFY),5L BUCKET,SUN-DRIED,,3500,NO,,,,,,,17,OTHER (SPECIFY),CHIGOBA,SUN-DRIED,,7000,NO,,,,,,
306026070251,12e41952047e41d5a73f0d3e7a1fe345,UTAKA,,1,OTHER (SPECIFY),5L BUCKET,SUN-DRIED,,6000,NO,,,,,,,1,OTHER (SPECIFY),CHIGOBA,SUN-DRIED,,7000,NO,,,,,,
306036140112,52d1b7a2d60949ae822f6b3a46f0cc25,OTHER,CHIKOWA,1,OTHER (SPECIFY),50 KG BAG,SUN-DRIED,,18000,NO,,,,,,,1,OTHER (SPECIFY),50 KG BAG,SUN-DRIED,,80000,NO,,,,,,
306036140112,52d1b7a2d60949ae822f6b3a46f0cc25,CHAMBO,,1,OTHER (SPECIFY),50 KG BAG,SUN-DRIED,,26000,NO,,,,,,,1,OTHER (SPECIFY),50 KG BAG,SUN-DRIED,,65000,NO,,,,,,
306036150223,490bc6885f494f479d5246af54f3d292,USIPA,,2,OTHER (SPECIFY),5L BUCKET,SUN-DRIED,,3000,NO,,,,,,,2,OTHER (SPECIFY),5 LITRE CHIGOBA,SUN-DRIED,,5000,NO,,,,,,
306036150223,490bc6885f494f479d5246af54f3d292,MAKAKANI,,91,DOZEN / BUNDLE,,SMOKED,,600,NO,,,,,,,800,DOZEN / BUNDLE,,SMOKED,,800,NO,,,,,,
306206170050,47f816e43bd246088a5b3c883550bc42,OTHER,NONE,0,,,,,,NO,,,,,,,0,,,,,,NO,,,,,,
306206170063,0082ee2b4e604e8ebeeeb495b1865d5f,USIPA,,500,OTHER (SPECIFY),5L BUCKET,SUN-DRIED,,5000,NO,,,,,,,500,OTHER (SPECIFY),CHIGOBA,SUN-DRIED,,8500,NO,,,,,,
306206170130,615a3a870bfc4944beffa6e6ece786f4,CHAMBO,,1,OTHER (SPECIFY),50 KG BAG,FRESH,,50000,NO,,,,,,,1,OTHER (SPECIFY),50 KG BAG,FRESH,,75000,NO,,,,,,
307056230097,213b98c7e10a4e5a80ee670eda51af6f,USIPA,,8,SMALL BASKET,,SUN-DRIED,,3500,NO,,,,,,,8,SMALL BASKET,,SUN-DRIED,,5000,NO,,,,,,
307056230097,213b98c7e10a4e5a80ee670eda51af6f,UTAKA,,5,SMALL BASKET,,SUN-DRIED,,5000,NO,,,,,,,5,SMALL BASKET,,SUN-DRIED,,6500,NO,,,,,,
307106330196,d6bb3e30a3d44bdd8ccbd96ba4c6ab35,MAKAKANI,,2,5 KG BAG,,SMOKED,,10000,NO,,,,,,,2,5 KG BAG,,SMOKED,,30000,NO,,,,,,
307206410062,952d7781ab2f4d1ba598b862e660f551,MATEMBA,,1,LARGE BASKET,,SUN-DRIED,,5000,NO,,,,,,,7000,DOZEN / BUNDLE,,SUN-DRIED,,300,NO,,,,,,
308016420094,5851736f5f344aed8816f66878ae8e01,MATEMBA,,1,LARGE BASKET,,SUN-DRIED,,30000,NO,,,,,,,40000,DOZEN / BUNDLE,,SUN-DRIED,,300,NO,,,,,,
308016420094,5851736f5f344aed8816f66878ae8e01,UTAKA,,2,SMALL BASKET,,SUN-DRIED,,10000,NO,,,,,,,15000,DOZEN / BUNDLE,,SUN-DRIED,,500,NO,,,,,,
308016430046,39db67d674744eb797d445468edb751f,USIPA,,1,OTHER (SPECIFY),5L BUCKET,SUN-DRIED,,6000,NO,,,,,,,1,OTHER (SPECIFY),CHIGOBA,SUN-DRIED,,6000,NO,,,,,,
308016430046,39db67d674744eb797d445468edb751f,UTAKA,,1,5 KG BAG,,SUN-DRIED,,6500,NO,,,,,,,1,5 KG BAG,,SUN-DRIED,,6500,NO,,,,,,
308026480180,a85ff658da674132a962fad34730a36b,UTAKA,,0,,,,,,NO,,,,,,,0,,,,,,NO,,,,,,
308026480180,a85ff658da674132a962fad34730a36b,NCHENI,,2,SMALL BASKET,,FRESH,,3000,NO,,,,,,,2,SMALL BASKET,,SUN-DRIED,,4500,NO,,,,,,
308026480180,a85ff658da674132a962fad34730a36b,OTHER,KIWILERE,5,KILOGRAM,,SUN-DRIED,,10000,NO,,,,,,,3,KILOGRAM,,SUN-DRIED,,9000,NO,,,,,,
308026480180,a85ff658da674132a962fad34730a36b,USIPA,,3,SMALL BASKET,,SUN-DRIED,,2500,NO,,,,,,,3,SMALL BASKET,,SUN-DRIED,,3900,NO,,,,,,
308046520025,db9d8ee4aa974e519df34de5462a1fc7,USIPA,,10,LARGE BASKET,,SMOKED,,3000,NO,,,,,,,35000,SMALL BASKET,,SMOKED,,1500,NO,,,,,,
308056550005,69ec6603f853447eb4cd67d9db93fa1c,MLAMBA,,1,LARGE BASKET,,SMOKED,,60000,NO,,,,,,,2,SMALL BASKET,,SUN-DRIED,,60000,NO,,,,,,
308056550053,04a8e8f755dd47f0bd7a1b6d589a8212,MLAMBA,,1,5 KG BAG,,FRESH,,1200,NO,,,,,,,10,PIECE,,FRESH,,1200,NO,,,,,,
308056560229,45e624b45a7f4b2286c93b8a62628ae4,CHAMBO,,60,PIECE,,FRESH,,1500,NO,,,,,,,1,PIECE,,FRESH,,1,NO,,,,,,
308056560229,45e624b45a7f4b2286c93b8a62628ae4,MLAMBA,,45,PIECE,,FRESH,,3000,NO,,,,,,,1,PIECE,,FRESH,,3000,NO,,,,,,
308066610160,f93241efda8e49e7866df078cf09af52,USIPA,,2,10 KG BAG,,SUN-DRIED,,3000,NO,,,,,,,4000,5 KG BAG,,SUN-DRIED,,4000,NO,,,,,,
308076630116,c710a1912d394efe8e869618d2593691,OTHER,MBUTA,0,,,,,,NO,,,,,,,0,,,,,,NO,,,,,,
309036740097,8966c9a882b543989a42aadcbe0c2b58,MLAMBA,,0,,,,,,NO,,,,,,,50,PIECE,,FRESH,,3000,NO,,,,,,
309036740101,7c28372a44d144c58ecd002d9f654c5d,MLAMBA,,0,,,,,,NO,,,,,,,15000,SMALL BASKET,,FRESH,,3000,NO,,,,,,
309036740163,51141e135368409ba3fb2e9a5fec3642,MLAMBA,,0,,,,,,NO,,,,,,,60,PIECE,,FRESH,,100,NO,,,,,,
309036740203,8282092108bb4dc89e395b3e418cabc7,MLAMBA,,0,,,,,,NO,,,,,,,0,,,,,,NO,,,,,,
309036750022,eb4b4a6041d046b7bb2aa797f3cceb78,MLAMBA,,0,,,,,,NO,,,,,,,0,,,,,,NO,,,,,,
309036750080,5207307152e84346a60b80e1ae4e69fd,MLAMBA,,0,,,,,,NO,,,,,,,0,,,,,,NO,,,,,,
309036750136,0a658104094441b28a5527951e890f83,MLAMBA,,0,,,,,,NO,,,,,,,0,,,,,,NO,,,,,,
309036750178,21440bc9f66841799a0c65398c78a381,MLAMBA,,0,,,,,,NO,,,,,,,0,,,,,,NO,,,,,,
309036750249,4bc1a2dad5c6488eb81d9e5a381d60e3,MLAMBA,,0,,,,,,NO,,,,,,,0,,,,,,NO,,,,,,
309056790031,1544f8de831b4651824ae978b29d5348,MLAMBA,,0,,,,,,NO,,,,,,,0,,,,,,NO,,,,,,
309056790031,1544f8de831b4651824ae978b29d5348,CHAMBO,,0,,,,,,NO,,,,,,,0,,,,,,NO,,,,,,
309056790055,540e9b5c8d134bfc8fc6773caaf3da33,MLAMBA,,0,,,,,,NO,,,,,,,0,,,,,,NO,,,,,,
309056790117,c58a3bdfc3694efaa813be30908202fb,MLAMBA,,0,,,,,,NO,,,,,,,58,DOZEN / BUNDLE,,FRESH,,800,NO,,,,,,
309056790117,c58a3bdfc3694efaa813be30908202fb,CHAMBO,,0,,,,,,NO,,,,,,,100,PIECE,,FRESH,,5000,NO,,,,,,
309056790203,5dd8c5564a4b4a86b5877e48ba496e02,CHAMBO,,0,,,,,,NO,,,,,,,4,SMALL BASKET,,FRESH,,14000,NO,,,,,,
309056800094,986f663c13f94fc5ac683dd1290bc392,OTHER,KASAWALA,4,SMALL BASKET,,FRESH,,5000,NO,,,,,,,4,SMALL BASKET,,FRESH,,7000,NO,,,,,,
309066830167,a138892b8d2344c594e625d5a9e226db,MATEMBA,,70,SMALL BASKET,,FRESH,,210000,NO,,,,,,,350000,DOZEN / BUNDLE,,FRESH,,300,NO,,,,,,
310036980328,2353f7d6f19147e1bf283e8fbf1d0789,MAKAKANI,,0,,,,,,NO,,,,,,,4,SMALL BASKET,,SUN-DRIED,,3000,NO,,,,,,
310046990084,43557769c7454e2e986f0f330deaadca,OTHER,BONYA,20,SMALL BASKET,,SUN-DRIED,,1500,NO,,,,,,,20,SMALL BASKET,,SUN-DRIED,,300,NO,,,,,,
310077050169,a1e559ff59974ad4866091d21aeff132,MAKAKANI,,0,,,,,,NO,,,,,,,0,,,,,,NO,,,,,,
311017100677,2389c5a7293c4cadbabd7f3e5a2b7ee4,MAKAKANI,,15,SMALL BASKET,,SMOKED,,35000,NO,,,,,,,2,SMALL BASKET,,SMOKED,,7500,NO,,,,,,
311017100677,2389c5a7293c4cadbabd7f3e5a2b7ee4,MLAMBA,,100,PIECE,,SMOKED,,10000,NO,,,,,,,100,PIECE,,SMOKED,,30000,NO,,,,,,
311017100698,83c775f6123345059e1916ff6b3e00f1,MAKAKANI,,2,SMALL BASKET,,SMOKED,,4000,NO,,,,,,,16000,SMALL BASKET,,SMOKED,,4000,NO,,,,,,
311027110154,f8cb9614a35e48e48a887462089fa9ca,MAKAKANI,,2,LARGE BASKET,,FRESH,,4500,NO,,,,,,,1,SMALL BASKET,,FRESH,,3000,NO,,,,,,
311047150323,5da42da85b9e4b49a7c7140c31753e47,MLAMBA,,0,,,,,,NO,,,,,,,0,,,,,,NO,,,,,,
311057190104,05155a5f72944b468dd8dd4eaf6921ea,MAKAKANI,,1,5 KG BAG,,FRESH,,3000,NO,,,,,,,5000,5 KG BAG,,SMOKED,,5000,NO,,,,,,
311057190239,d3069db542a145f1a157a2be64ca34b3,MAKAKANI,,2,5 KG BAG,,SMOKED,,2500,NO,,,,,,,2,5 KG BAG,,SMOKED,,5000,NO,,,,,,
311087260311,c588640d76b04459a32ccafb6f692810,MLAMBA,,3,DOZEN / BUNDLE,,FRESH,,1500,NO,,,,,,,2,DOZEN / BUNDLE,,FRESH,,1500,NO,,,,,,
311087260311,c588640d76b04459a32ccafb6f692810,MAKAKANI,,5,SMALL BASKET,,FRESH,,300,NO,,,,,,,3,SMALL BASKET,,FRESH,,300,NO,,,,,,
311107280040,8fc16ad47fc14597a9592edfcaec9944,MAKAKANI,,7,SMALL BASKET,,SUN-DRIED,,6500,NO,,,,,,,7,SMALL BASKET,,SUN-DRIED,,6500,NO,,,,,,
311107280040,8fc16ad47fc14597a9592edfcaec9944,OTHER,NJOLE,8,SMALL BASKET,,SUN-DRIED,,7000,NO,,,,,,,7,SMALL BASKET,,SUN-DRIED,,7000,NO,,,,,,
311107280040,8fc16ad47fc14597a9592edfcaec9944,MATEMBA,,6,SMALL BASKET,,SUN-DRIED,,5000,NO,,,,,,,6,SMALL BASKET,,SUN-DRIED,,5000,NO,,,,,,
312017310324,dc1d42731e5842c39937e0a95e1cca81,USIPA,,3,SMALL BASKET,,SUN-DRIED,,4000,NO,,,,,,,2,SMALL BASKET,,SUN-DRIED,,5200,NO,,,,,,
312017310324,dc1d42731e5842c39937e0a95e1cca81,NCHENI,,3,SMALL BASKET,,SMOKED,,6000,NO,,,,,,,3,SMALL BASKET,,SMOKED,,7500,NO,,,,,,
312017310324,dc1d42731e5842c39937e0a95e1cca81,UTAKA,,1,SMALL BASKET,,SUN-DRIED,,5000,NO,,,,,,,1,SMALL BASKET,,SUN-DRIED,,6500,NO,,,,,,
312017340204,9909615cfcc345d582b8fe6d93d2a04b,USIPA,,10,OTHER (SPECIFY),5L BUCKET,SUN-DRIED,,1000,NO,,,,,,,10,OTHER (SPECIFY),CHIGOBA 5 LITRE BASIN,SUN-DRIED,,1500,NO,,,,,,
312027360222,966efb5005884e1ba2021506a26be5f7,MATEMBA,,20,KILOGRAM,,SMOKED,,12000,NO,,,,,,,18,KILOGRAM,,SMOKED,,18500,NO,,,,,,
312027370263,2c38c72aba6647f5bc7ac998e1941818,MATEMBA,,4,SMALL BASKET,,SMOKED,,5000,NO,,,,,,,2000,SMALL BASKET,,SMOKED,,2000,NO,,,,,,
312037410135,ea7c120cf1774d5b9179d64c037893b1,USIPA,,7,KILOGRAM,,SUN-DRIED,,18000,NO,,,,,,,7,KILOGRAM,,SUN-DRIED,,20000,NO,,,,,,
312037410135,ea7c120cf1774d5b9179d64c037893b1,MATEMBA,,15,KILOGRAM,,SUN-DRIED,,5000,NO,,,,,,,15,KILOGRAM,,SUN-DRIED,,6000,NO,,,,,,
312037410135,ea7c120cf1774d5b9179d64c037893b1,NCHENI,,7,KILOGRAM,,SUN-DRIED,,49000,NO,,,,,,,7,KILOGRAM,,SUN-DRIED,,49000,NO,,,,,,
312047430178,d8cb6bc3636c4bd297c7cbd3b3d3b9d5,USIPA,,10,KILOGRAM,,SUN-DRIED,,4500,NO,,,,,,,10,KILOGRAM,,SUN-DRIED,,5500,NO,,,,,,
312057440062,37a20b7496ad47769716161129a6ea12,UTAKA,,1,SMALL BASKET,,SUN-DRIED,,5000,NO,,,,,,,1,SMALL BASKET,,SUN-DRIED,,7500,NO,,,,,,
312057440062,37a20b7496ad47769716161129a6ea12,USIPA,,4,SMALL BASKET,,SUN-DRIED,,5000,NO,,,,,,,1,SMALL BASKET,,SUN-DRIED,,6600,NO,,,,,,
312057460122,b8f583657bb84a42a55ace18e585c959,OTHER,NONE,0,,,,,,NO,,,,,,,0,,,,,,NO,,,,,,
312207520007,0f82fc61c05844cdb8609225f068981b,MLAMBA,,3,LARGE BASKET,,SMOKED,,9000,YES,2,SMALL BASKET,,SUN-DRIED,,7000,6,LARGE BASKET,,SMOKED,,11000,NO,,,,,,
312207520007,0f82fc61c05844cdb8609225f068981b,UTAKA,,3,LARGE BASKET,,SMOKED,,5500,NO,,,,,,,3,LARGE BASKET,,SMOKED,,7000,NO,,,,,,
312207520007,0f82fc61c05844cdb8609225f068981b,MAKAKANI,,1,LARGE BASKET,,SMOKED,,7000,NO,,,,,,,1,LARGE BASKET,,SMOKED,,8000,NO,,,,,,
312207520007,0f82fc61c05844cdb8609225f068981b,NCHENI,,1,LARGE BASKET,,SMOKED,,7000,NO,,,,,,,3,LARGE BASKET,,SMOKED,,8000,NO,,,,,,
312207520007,0f82fc61c05844cdb8609225f068981b,USIPA,,1,LARGE BASKET,,SUN-DRIED,,7000,NO,,,,,,,3,LARGE BASKET,,SUN-DRIED,,8000,NO,,,,,,
313037700223,0fc6b2fc2ba44076b441e9f81fe7459c,OTHER,##N/A##,.a,,,,,,.a,,,,,,,.a,,,,,,.a,,,,,,
314317740013,2cf4edd7bdf04fc2a465154702623a7c,USIPA,,11,OTHER (SPECIFY),5L BUCKET,SUN-DRIED,,4500,NO,,,,,,,11,OTHER (SPECIFY),5 LITRE CHIGOBA,SUN-DRIED,,5000,NO,,,,,,
314317750075,65e3f33fd1a748238a58e074f7a1c1b5,USIPA,,1,OTHER (SPECIFY),5L BUCKET,SMOKED,,6000,NO,,,,,,,1,OTHER (SPECIFY),CHIGOBA,SMOKED,,7000,NO,,,,,,
314317750075,65e3f33fd1a748238a58e074f7a1c1b5,AGGREGATED,,2,OTHER (SPECIFY),5L BUCKET,SUN-DRIED,,4000,YES,1,OTHER (SPECIFY),CHIGOBA,OTHER (SPECIFY),FRIED,6000,3,OTHER (SPECIFY),CHIGOBA,SUN-DRIED,,4500,YES,1,,,OTHER (SPECIFY),SUN DRIED,7500
314317770080,8ffc972a67804694944fcad59b6b76f4,MLAMBA,,3,OTHER (SPECIFY),5L BUCKET,FRESH,,5000,YES,0,,,,,,3,OTHER (SPECIFY),CHIGOBA,SMOKED,,4500,NO,,,,,,
314337800074,845a08dc992f435cacace2df71b24775,UTAKA,,5,SMALL BASKET,,SUN-DRIED,,5000,NO,,,,,,,100,LARGE BASKET,,SUN-DRIED,,3000,NO,,,,,,
314337800074,845a08dc992f435cacace2df71b24775,USIPA,,9500,LARGE BASKET,,SUN-DRIED,,2500,NO,,,,,,,5000,SMALL BASKET,,SUN-DRIED,,2500,NO,,,,,,
314337800078,e536f61bc2db4e67a6516e8470f961a4,OTHER,MBABA,2,OTHER (SPECIFY),5L BUCKET,SMOKED,,2500,NO,,,,,,,2,OTHER (SPECIFY),CHIGOBA,SMOKED,,4800,NO,,,,,,
314337800078,e536f61bc2db4e67a6516e8470f961a4,USIPA,,4,OTHER (SPECIFY),5L BUCKET,SUN-DRIED,,2500,NO,,,,,,,4,OTHER (SPECIFY),CHIGOBA,SUN-DRIED,,4500,NO,,,,,,
314337800078,e536f61bc2db4e67a6516e8470f961a4,UTAKA,,2,OTHER (SPECIFY),5L BUCKET,SUN-DRIED,,3000,NO,,,,,,,2,OTHER (SPECIFY),CHIGOBA,SUN-DRIED,,5000,NO,,,,,,
314337810091,b1650e8b9d0c48c2a557b703396b2f5a,USIPA,,1,OTHER (SPECIFY),5L BUCKET,SUN-DRIED,,1500,NO,,,,,,,1,OTHER (SPECIFY),5 LITRE CHIGOBA,SUN-DRIED,,2000,NO,,,,,,
314337820262,a77f8853abc84b919160cb0d8d547eb5,OTHER,PHABA,5,OTHER (SPECIFY),5L BUCKET,SMOKED,,4000,YES,1,OTHER (SPECIFY),5 litre chigoba,OTHER (SPECIFY),fried,4000,5,OTHER (SPECIFY),5 LITRE CHIGOBA,SMOKED,,6000,YES,1,,,OTHER (SPECIFY),5 litre chigoba,6000
315317950159,bba9b0b4987e4a5481477841873dfe2f,NCHENI,,3,LARGE BASKET,,FRESH,,37500,NO,,,,,,,45000,LARGE BASKET,,OTHER (SPECIFY),FRIED,15000,NO,,,,,,
315327980005,bcdb72bbe20645109e1d5cda49741912,OTHER,USIPA,3,SMALL BASKET,,SUN-DRIED,,150,NO,,,,,,,3,SMALL BASKET,,SUN-DRIED,,150,NO,,,,,,
315327980221,d6174276d9384a75a1ccc226539b4148,USIPA,,4,OTHER (SPECIFY),5L BUCKET,SUN-DRIED,,3000,NO,,,,,,,4,OTHER (SPECIFY),5 LITRE BUCKET(CHIGOBA),SUN-DRIED,,5000,NO,,,,,,
315358020138,c08059c6952f40929f8e771de54ef055,MLAMBA,,30,DOZEN / BUNDLE,,FRESH,,3000,NO,,,,,,,25,DOZEN / BUNDLE,,FRESH,,2500,NO,,,,,,
315358020138,c08059c6952f40929f8e771de54ef055,CHAMBO,,60,DOZEN / BUNDLE,,FRESH,,2500,NO,,,,,,,50,DOZEN / BUNDLE,,FRESH,,2500,NO,,,,,,
315358020138,c08059c6952f40929f8e771de54ef055,OTHER,MIPASA,30,DOZEN / BUNDLE,,FRESH,,3000,NO,,,,,,,30,DOZEN / BUNDLE,,FRESH,,2500,NO,,,,,,
315398040094,7ef243e499a14efca0710babf7fea95f,CHAMBO,,100,PIECE,,FRESH,,1600,NO,,,,,,,100,PIECE,,FRESH,,5000,NO,,,,,,
315408060059,8b0aa4b72a664708b223f8f40db0658a,OTHER,MAKILELE,450,PIECE,,FRESH,,150,NO,,,,,,,200,PIECE,,FRESH,,150,NO,,,,,,
315408060192,a14a8279f5a74105bfb2c4dc46194be8,CHAMBO,,350,PIECE,,FRESH,,2500,NO,,,,,,,350,PIECE,,FRESH,,2500,NO,,,,,,
315408060203,a6d6fd9a0fbb4c69b06482501e377507,USIPA,,16,5 KG BAG,,SUN-DRIED,,2500,NO,,,,,,,16,5 KG BAG,,SUN-DRIED,,4000,NO,,,,,,
315408060203,a6d6fd9a0fbb4c69b06482501e377507,UTAKA,,8,5 KG BAG,,SMOKED,,3500,NO,,,,,,,8,5 KG BAG,,SMOKED,,5500,NO,,,,,,
315448090005,9b766ebb86a7459e8c570cbb4ad11339,UTAKA,,2,OTHER (SPECIFY),5L BUCKET,SUN-DRIED,,6500,NO,,,,,,,2,OTHER (SPECIFY),CHIGOBA,SUN-DRIED,,8500,NO,,,,,,
315448090005,9b766ebb86a7459e8c570cbb4ad11339,USIPA,,5000,OTHER (SPECIFY),5L BUCKET,SUN-DRIED,,5000,NO,,,,,,,2,OTHER (SPECIFY),5 LITRE CHIGOBA,SUN-DRIED,,5000,NO,,,,,,
315498120102,112dc2135689405bad37ed2e7aed811b,USIPA,,1,5 KG BAG,,SUN-DRIED,,2500,YES,1,5 KG BAG,,SMOKED,,4000,1,5 KG BAG,,SUN-DRIED,,6000,YES,1,,,SMOKED,,6000
315498120102,112dc2135689405bad37ed2e7aed811b,UTAKA,,1,5 KG BAG,,SUN-DRIED,,4000,YES,1,5 KG BAG,,SMOKED,,4500,1,5 KG BAG,,SUN-DRIED,,6000,YES,1,,,SMOKED,,7000
315498120102,112dc2135689405bad37ed2e7aed811b,NCHENI,,1,5 KG BAG,,SMOKED,,4000,NO,,,,,,,1,5 KG BAG,,SMOKED,,7000,NO,,,,,,
315498120102,112dc2135689405bad37ed2e7aed811b,MATEMBA,,2,5 KG BAG,,SUN-DRIED,,3500,NO,,,,,,,2,5 KG BAG,,SUN-DRIED,,6000,NO,,,,,,
315538160002,29a6864459df4962b07739c7737f17d2,USIPA,,20,SMALL BASKET,,SUN-DRIED,,900,NO,,,,,,,20,SMALL BASKET,,SUN-DRIED,,900,NO,,,,,,
