case_id,HHID,fs_i02,fs_i01,fs_i02_Oth,fs_i03,fs_i04a,fs_i04b,fs_i_04c,fs_i04d,fs_i04e,fs_i04f,fs_i04g,fs_i04h,fs_i04i,fs_i04j,fs_i04k,fs_i05a,fs_i05b,fs_i06a,fs_i06b,fs_i06c,fs_i06d,fs_i06e,fs_i06f,fs_i06g,fs_i06h,fs_i06i,fs_i06j,fs_i07a,fs_i07b,fs_i08a,fs_i08b,fs_i08c,fs_i08d,fs_i08e,fs_i08f,fs_i08g,fs_i08h,fs_i08i,fs_i08j,fs_i08k,fs_i08l,fs_i09,fs_i10a,fs_i10b,fs_i11a,fs_i11b,fs_i11c,fs_i11d,fs_i11e,fs_i11f,fs_i11g,fs_i11h,fs_i11i,fs_i11j,fs_i12,fs_i13a,fs_i13b
106012110398,0eb1bca745c64cf0b7c6a3f44598e6de,NCHENI,YES,,12,6,10 KG BAG,,FRESH,,NO,,,,,,60,,720,KILOGRAM,,FRESH,,,,,,,"YES, THE FIGURES MATCHED",,0,KILOGRAM,,FRESH,,0,,,,,,,0,YES,,0,KILOGRAM,,FRESH,,,,,,,ALMOST NONE,"YES, THE FIGURES MATCHED",
106012110398,0eb1bca745c64cf0b7c6a3f44598e6de,UTAKA,YES,,12,12,10 KG BAG,,FRESH,,NO,,,,,,72,,216,10 KG BAG,,FRESH,,,,,,,"YES, THE FIGURES MATCHED",,0,KILOGRAM,,FRESH,,0,,,,,,,0,YES,,0,KILOGRAM,,FRESH,,,,,,,ALMOST NONE,"YES, THE FIGURES MATCHED",
303025350064,101f79de544f4e4cb88663fb64e0a353,MLAMBA,YES,,2,5,DOZEN / BUNDLE,,FRESH,,NO,,,,,,60,,5,DOZEN / BUNDLE,,FRESH,,,,,,,"YES, THE FIGURES MATCHED",,4,DOZEN / BUNDLE,,FRESH,,2000,,,,,,,2,YES,,1,DOZEN / BUNDLE,,FRESH,,,,,,,1/4,"YES, THE FIGURES MATCHED",
303025350064,101f79de544f4e4cb88663fb64e0a353,MATEMBA,YES,,2,1,KILOGRAM,,FRESH,,NO,,,,,,2,,2,KILOGRAM,,FRESH,,,,,,,"YES, THE FIGURES MATCHED",,1,KILOGRAM,,FRESH,,1500,,,,,,,2,YES,,0,OTHER (SPECIFY),KILOGRAM,FRESH,,,,,,,ALMOST NONE,"YES, THE FIGURES MATCHED",
103061570012,13908448d36c494db21d0ddfa12cac1e,NCHENI,YES,,8,50,PIECE,,FRESH,,NO,,,,,,4,,1600,PIECE,,FRESH,,,,,,,"YES, THE FIGURES MATCHED",,50,PIECE,,FRESH,,1500,,,,,,,4,YES,,10,PIECE,,FRESH,,,,,,,ALMOST NONE,"YES, THE FIGURES MATCHED",
102051410186,13bfa8ac242f4ce3b8f823be3e7daf9d,NCHENI,YES,,16,3,LARGE BASKET,,FRESH,,NO,,,,,,48,,48,LARGE BASKET,,FRESH,,,,,,,"YES, THE FIGURES MATCHED",,3,LARGE BASKET,,FRESH,,8000,,,,,,,48,YES,,2,SMALL BASKET,,FRESH,,,,,,,3/4,"YES, THE FIGURES MATCHED",
102011240076,1449dd2a736f4260b3a5c00c48c01665,USIPA,YES,,2,10,LARGE BASKET,,FRESH,,NO,,,,,,20,,20,LARGE BASKET,,FRESH,,,,,,,"YES, THE FIGURES MATCHED",,5,LARGE BASKET,,FRESH,,15000,,,,,,,2,YES,,1,SMALL BASKET,,FRESH,,,,,,,ALMOST NONE,"YES, THE FIGURES MATCHED",
210854780182,16fda3533fea49ca95e32bb02d73263d,MATEMBA,YES,,4,0,OTHER (SPECIFY),heap,OTHER (SPECIFY),heap,NO,,,,,,no,,0,OTHER (SPECIFY),HEAP,OTHER (SPECIFY),heap,,,,,,"YES, THE FIGURES MATCHED",,1500,OTHER (SPECIFY),HEAP,OTHER (SPECIFY),heap,1500,,,,,,,4,YES,,2,KILOGRAM,,SUN-DRIED,,,,,,,1/2,"YES, THE FIGURES MATCHED",
302125260035,17c2899a18474e2695741dcb6eeb569f,MATEMBA,YES,,2,1,SMALL BASKET,,FRESH,,NO,,,,,,2,,2,SMALL BASKET,,FRESH,,,,,,,"YES, THE FIGURES MATCHED",,1,SMALL BASKET,,FRESH,,2500,,,,,,,1,YES,,1,OTHER (SPECIFY),NO 10 PLATE,FRESH,,,,,,,1/4,"YES, THE FIGURES MATCHED",
202012610034,1a66dc2cc2f443e9bf44d36163d02efe,MATEMBA,YES,,12,1,SMALL BASKET,,FRESH,,NO,,,,,,12,,12,SMALL BASKET,,FRESH,,,,,,,"YES, THE FIGURES MATCHED",,12,SMALL BASKET,,FRESH,,25000,,,,,,,12,YES,,0,SMALL BASKET,,FRESH,,,,,,,ALMOST NONE,"YES, THE FIGURES MATCHED",
205063380157,1f52142bf553415ebfeddd7d91bb2675,NCHENI,YES,,4,5,SMALL BASKET,,FRESH,,NO,,,,,,20,,20,SMALL BASKET,,FRESH,,,,,,,"YES, THE FIGURES MATCHED",,4,SMALL BASKET,,FRESH,,2000,,,,,,,4,YES,,1,SMALL BASKET,,FRESH,,,,,,,ALMOST NONE,"YES, THE FIGURES MATCHED",
205093460371,2085ec1a834c474d97cad317a897d3e6,UTAKA,YES,,5,2,SMALL BASKET,,FRESH,,YES,5,LARGE BASKET,,FRESH,,10,1,10,SMALL BASKET,,FRESH,,10,SMALL BASKET,,FRESH,,"YES, THE FIGURES MATCHED",,8,SMALL BASKET,,FRESH,,2,10,SMALL BASKET,,FRESH,,3500,3,YES,,2,SMALL BASKET,,FRESH,,2,SMALL BASKET,,SMOKED,,1/2,"YES, THE FIGURES MATCHED",
207084030297,2352d238c92a419f91e6e1bab60bf782,MLAMBA,YES,,4,8,PIECE,,FRESH,,NO,,,,,,32,,32,PIECE,,FRESH,,,,,,,"YES, THE FIGURES MATCHED",,0,PIECE,,FRESH,,0,,,,,,,0,YES,,32,PIECE,,FRESH,,,,,,,ALMOST ALL,"YES, THE FIGURES MATCHED",
303025320127,24217ba3f5d44ea684f51094685ce544,AGGREGATED,YES,,16,8,SMALL BASKET,,FRESH,,NO,,,,,,128,,128,SMALL BASKET,,FRESH,,,,,,,"YES, THE FIGURES MATCHED",,128,SMALL BASKET,,FRESH,,5000,,,,,,,16,YES,,0,PIECE,,FRESH,,,,,,,ALMOST NONE,"YES, THE FIGURES MATCHED",
103071590137,2ce10fc6386840e6855ee3010a428ec2,UTAKA,YES,,2,2,LARGE BASKET,,FRESH,,NO,,,,,,4,,4,LARGE BASKET,,FRESH,,,,,,,"YES, THE FIGURES MATCHED",,2,LARGE BASKET,,FRESH,,35000,,,,,,,2,YES,,5,DOZEN / BUNDLE,,FRESH,,,,,,,1/4,"YES, THE FIGURES MATCHED",
106012110048,342472e366f946749694e1d4073060b9,USIPA,YES,,2,10,LARGE BASKET,,FRESH,,NO,,,,,,30000,,200,SMALL BASKET,,FRESH,,,,,,,"YES, THE FIGURES MATCHED",,200,LARGE BASKET,,FRESH,,15000,,,,,,,2,NO,LOW SEASON,1,SMALL BASKET,,FRESH,,,,,,,1/4,"YES, THE FIGURES MATCHED",
103061570203,3a350102d7ec42edadeec08e1f8555e9,OTHER,YES,BATALA,8,6,10 KG BAG,,FRESH,,NO,,,,,,36,,108,10 KG BAG,,FRESH,,,,,,,"YES, THE FIGURES MATCHED",,6,10 KG BAG,,FRESH,,4000,,,,,,,8,YES,,0,KILOGRAM,,FRESH,,,,,,,ALMOST NONE,"YES, THE FIGURES MATCHED",
303025350174,4025541d86034a008c2cacba37617fc9,MLAMBA,YES,,3,500,PIECE,,FRESH,,NO,,,,,,1500,,0,PIECE,,FRESH,,,,,,,"YES, THE FIGURES MATCHED",,400,PIECE,,FRESH,,600,,,,,,,3,NO,##N/A##,18,PIECE,,FRESH,,,,,,,ALMOST NONE,"YES, THE FIGURES MATCHED",
303025350174,4025541d86034a008c2cacba37617fc9,CHAMBO,YES,,9,70,PIECE,,FRESH,,NO,,,,,,630,,0,PIECE,,FRESH,,,,,,,"YES, THE FIGURES MATCHED",,50,PIECE,,FRESH,,350,,,,,,,9,NO,##N/A##,5,PIECE,,FRESH,,,,,,,ALMOST NONE,"YES, THE FIGURES MATCHED",
301014850221,404755a1aa2d4f9894ebd315a4b73e6e,NCHENI,YES,,5,1,LARGE BASKET,,FRESH,,NO,,,,,,5,,5,LARGE BASKET,,FRESH,,,,,,,"YES, THE FIGURES MATCHED",,1,LARGE BASKET,,FRESH,,16000,,,,,,,5,YES,,2,DOZEN / BUNDLE,,FRESH,,,,,,,1/4,"YES, THE FIGURES MATCHED",
103091620022,441a7583bdfa46bab21f95056eb32d95,NCHENI,YES,,3,1,SMALL BASKET,,FRESH,,NO,,,,,,3,,3,SMALL BASKET,,FRESH,,,,,,,"YES, THE FIGURES MATCHED",,3,SMALL BASKET,,FRESH,,1500,,,,,,,3,YES,,10,PIECE,,FRESH,,,,,,,ALMOST NONE,"YES, THE FIGURES MATCHED",
308056560229,45e624b45a7f4b2286c93b8a62628ae4,MLAMBA,YES,,18,14,PIECE,,FRESH,,NO,,,,,,16,,0,PIECE,,FRESH,,,,,,,"YES, THE FIGURES MATCHED",,13,PIECE,,FRESH,,1200,,,,,,,2,YES,,0,PIECE,,FRESH,,,,,,,ALMOST NONE,"YES, THE FIGURES MATCHED",
103021520043,4a615fd4975e43baad72dbf120a5a3b4,UTAKA,YES,,10,2,LARGE BASKET,,FRESH,,NO,,,,,,20,,20,LARGE BASKET,,FRESH,,,,,,,"YES, THE FIGURES MATCHED",,20,LARGE BASKET,,FRESH,,11000,,,,,,,20,YES,,1,DOZEN / BUNDLE,,FRESH,,,,,,,ALMOST NONE,"YES, THE FIGURES MATCHED",
202042700041,4e0ae39c3acd40b08221882ec4771e8d,CHAMBO,YES,,4,1,SMALL BASKET,,FRESH,,NO,,,,,,4,,4,SMALL BASKET,,FRESH,,,,,,,"YES, THE FIGURES MATCHED",,0,SMALL BASKET,,FRESH,,0,,,,,,,0,YES,,1,SMALL BASKET,,FRESH,,,,,,,ALMOST ALL,"YES, THE FIGURES MATCHED",
103121640062,4e809b335b844db28d06a96d374f87f2,USIPA,YES,,8,60,SMALL BASKET,,FRESH,,NO,,,,,,480,,60,SMALL BASKET,,FRESH,,,,,,,"YES, THE FIGURES MATCHED",,10,SMALL BASKET,,FRESH,,2500,,,,,,,8,YES,,1,SMALL BASKET,,SUN-DRIED,,,,,,,ALMOST NONE,"YES, THE FIGURES MATCHED",
102011240127,4ed4eac64a2144b4b1eac7e946cebd36,USIPA,YES,,28,30,OTHER (SPECIFY),10 LITRE PAIL,FRESH,,NO,,,,,,30,,840,OTHER (SPECIFY),10 LITRE PAIL,FRESH,,,,,,,"YES, THE FIGURES MATCHED",,27,OTHER (SPECIFY),10 LITRE PAIL,FRESH,,6000,,,,,,,28,NO,NONE,84,OTHER (SPECIFY),10 LITRE PAIL,FRESH,,,,,,,ALMOST NONE,"YES, THE FIGURES MATCHED",
106012110053,543cc1d9ba2441ada5fcb314ba212923,UTAKA,YES,,16,1,LARGE BASKET,,FRESH,,NO,,,,,,16,,16,LARGE BASKET,,FRESH,,,,,,,"YES, THE FIGURES MATCHED",,16,LARGE BASKET,,FRESH,,20000,,,,,,,16,YES,,1,SMALL BASKET,,FRESH,,,,,,,ALMOST NONE,"YES, THE FIGURES MATCHED",
106012110035,555df629fecb46188e9ac0d9c6604c15,NCHENI,YES,,4,1,LARGE BASKET,,FRESH,,NO,,,,,,1,,4,LARGE BASKET,,FRESH,,,,,,,"YES, THE FIGURES MATCHED",,20000,LARGE BASKET,,SMOKED,,20000,,,,,,,4,YES,,3,PIECE,,FRESH,,,,,,,1/4,"YES, THE FIGURES MATCHED",
103071590169,56f929979a924f0dbf18f8b87bdf1cbd,UTAKA,YES,,1,1,5 KG BAG,,FRESH,,NO,,,,,,3,,3,5 KG BAG,,FRESH,,,,,,,"YES, THE FIGURES MATCHED",,3,5 KG BAG,,FRESH,,6000,,,,,,,1,YES,,1,KILOGRAM,,FRESH,,,,,,,1/4,"YES, THE FIGURES MATCHED",
311047150323,5da42da85b9e4b49a7c7140c31753e47,MLAMBA,YES,,12,10,PIECE,,FRESH,,NO,,,,,,120,,120,PIECE,,FRESH,,,,,,,"YES, THE FIGURES MATCHED",,0,PIECE,,FRESH,,0,,,,,,,0,YES,,120,PIECE,,FRESH,,,,,,,ALMOST ALL,"YES, THE FIGURES MATCHED",
207074000179,6477f55c73e44a80a8b6c57d530a8ad9,MLAMBA,YES,,1,5,PIECE,,FRESH,,NO,,,,,,5,,5,PIECE,,FRESH,,,,,,,"YES, THE FIGURES MATCHED",,5,PIECE,,FRESH,,1500,,,,,,,1,YES,,0,PIECE,,FRESH,,,,,,,ALMOST NONE,"YES, THE FIGURES MATCHED",
308056550005,69ec6603f853447eb4cd67d9db93fa1c,MLAMBA,YES,,4,5,PIECE,,SUN-DRIED,,NO,,,,,,1,,5,SMALL BASKET,,SUN-DRIED,,,,,,,"YES, THE FIGURES MATCHED",,5,SMALL BASKET,,SUN-DRIED,,25000,,,,,,,4,YES,,4,SMALL BASKET,,SUN-DRIED,,,,,,,3/4,"YES, THE FIGURES MATCHED",
308056550005,69ec6603f853447eb4cd67d9db93fa1c,MATEMBA,YES,,3,5,SMALL BASKET,,FRESH,,NO,,,,,,0,,5,DOZEN / BUNDLE,,FRESH,,,,,,,"YES, THE FIGURES MATCHED",,5,SMALL BASKET,,FRESH,,25000,,,,,,,4,YES,,1,SMALL BASKET,,FRESH,,,,,,,1/2,"YES, THE FIGURES MATCHED",
103071590219,6c6c3cc87562426aa6b2f0de01dc4b85,UTAKA,YES,,0,0,KILOGRAM,,SUN-DRIED,,NO,,,,,,0,,0,KILOGRAM,,SUN-DRIED,,,,,,,"YES, THE FIGURES MATCHED",,1,5 KG BAG,,SUN-DRIED,,6000,,,,,,,8,YES,,0,KILOGRAM,,SUN-DRIED,,,,,,,ALMOST NONE,"YES, THE FIGURES MATCHED",
103061570040,6e7ecbbd6d7443399057e2e66f7889b3,OTHER,YES,BATALA,12,60,PIECE,,FRESH,,NO,,,,,,750,,750,PIECE,,FRESH,,,,,,,"YES, THE FIGURES MATCHED",,60,PIECE,,FRESH,,300,,,,,,,12,YES,,1,PIECE,,FRESH,,,,,,,ALMOST NONE,"YES, THE FIGURES MATCHED",
302125270043,6ebbfc3de5004066b3147d9d2b2fc0f8,MATEMBA,YES,,10,10,OTHER (SPECIFY),chigoba,FRESH,,NO,,,,,,100,,100,OTHER (SPECIFY),CHIGOBA,FRESH,,,,,,,"YES, THE FIGURES MATCHED",,9,OTHER (SPECIFY),CHIGOBA,FRESH,,6000,,,,,,,10,YES,,1,OTHER (SPECIFY),CHIGOBA,FRESH,,,,,,,1/4,"YES, THE FIGURES MATCHED",
302055150128,7044c86dce354b30a1bb45b557dc15f4,MLAMBA,YES,,3,10,DOZEN / BUNDLE,,FRESH,,NO,,,,,,fresh,,10,DOZEN / BUNDLE,,FRESH,,,,,,,"YES, THE FIGURES MATCHED",,10,DOZEN / BUNDLE,,FRESH,,600,,,,,,,3,YES,,1,DOZEN / BUNDLE,,FRESH,,,,,,,1/4,"YES, THE FIGURES MATCHED",
302055150128,7044c86dce354b30a1bb45b557dc15f4,MATEMBA,YES,,3,1,SMALL BASKET,,FRESH,,NO,,,,,,3,,3,SMALL BASKET,,FRESH,,,,,,,"YES, THE FIGURES MATCHED",,1,SMALL BASKET,,FRESH,,4000,,,,,,,3,YES,,1,5 KG BAG,,FRESH,,,,,,,ALMOST NONE,"YES, THE FIGURES MATCHED",
303025350157,717e78db21a549e9a61f78ff20e802ea,MLAMBA,YES,,4,280,DOZEN / BUNDLE,,FRESH,,NO,,,,,,1120,,1120,PIECE,,FRESH,,,,,,,"YES, THE FIGURES MATCHED",,252,PIECE,,FRESH,,5000,,,,,,,4,YES,,28,PIECE,,FRESH,,,,,,,ALMOST NONE,"YES, THE FIGURES MATCHED",
106012110094,71d995caf65841f08abada272723506d,UTAKA,YES,,12,24,10 KG BAG,,FRESH,,NO,,,,,,240,,240,10 KG BAG,,FRESH,,,,,,,"YES, THE FIGURES MATCHED",,0,KILOGRAM,,FRESH,,0,,,,,,,0,YES,,0,KILOGRAM,,FRESH,,,,,,,ALMOST NONE,"YES, THE FIGURES MATCHED",
104011730202,74ee239e031a4bf3932eba77bbe05473,USIPA,YES,,1,0,PIECE,,FRESH,,NO,,,,,,50,,0,PIECE,,FRESH,,,,,,,"YES, THE FIGURES MATCHED",,0,PIECE,,FRESH,,0,,,,,,,0,YES,,1,PIECE,,FRESH,,,,,,,ALMOST ALL,"YES, THE FIGURES MATCHED",
103041540194,789e0c9e34634b5e994240f549bf2e57,MLAMBA,YES,,1,1,PIECE,,FRESH,,NO,,,,,,2,,0,PIECE,,FRESH,,,,,,,"YES, THE FIGURES MATCHED",,0,PIECE,,FRESH,,0,,,,,,,0,YES,,2,PIECE,,FRESH,,,,,,,ALMOST ALL,"YES, THE FIGURES MATCHED",
301074990174,7b2790d523544f5fadc36b0cc30e07b8,OTHER,YES,KAMBUZI,8,3,LARGE BASKET,,FRESH,,NO,,,,,,24,,24,LARGE BASKET,,FRESH,,,,,,,"YES, THE FIGURES MATCHED",,24,LARGE BASKET,,FRESH,,35000,,,,,,,8,YES,,1,DOZEN / BUNDLE,,FRESH,,,,,,,ALMOST NONE,"YES, THE FIGURES MATCHED",
103091620017,7bdeb0713a3a4be3adbd57b9d856c8ae,UTAKA,YES,,2,3,LARGE BASKET,,FRESH,,NO,,,,,,6,,6,LARGE BASKET,,FRESH,,,,,,,"YES, THE FIGURES MATCHED",,3,LARGE BASKET,,FRESH,,3000,,,,,,,2,YES,,1,OTHER (SPECIFY),CHIGOBA,FRESH,,,,,,,1/4,"YES, THE FIGURES MATCHED",
209074400045,813cdddc94cc42c3aca0d1c5d3e10374,USIPA,YES,,0,0,SMALL BASKET,,SUN-DRIED,,NO,,,,,,0,,0,OTHER (SPECIFY),NONE,OTHER (SPECIFY),NONE,,,,,,"YES, THE FIGURES MATCHED",,0,OTHER (SPECIFY),0,OTHER (SPECIFY),NONE,500,,,,,,,4,NO,0,0,OTHER (SPECIFY),NONE,SUN-DRIED,,,,,,,ALMOST NONE,"YES, THE FIGURES MATCHED",
103051560008,826f18cfb28f46b38a961caee38658c8,UTAKA,YES,,8,1,SMALL BASKET,,FRESH,,NO,,,,,,8,,8,SMALL BASKET,,FRESH,,,,,,,"YES, THE FIGURES MATCHED",,8,SMALL BASKET,,FRESH,,400000,,,,,,,8,YES,,1,PIECE,,FRESH,,,,,,,ALMOST NONE,"YES, THE FIGURES MATCHED",
309036740203,8282092108bb4dc89e395b3e418cabc7,MLAMBA,YES,,4,40,PIECE,,FRESH,,NO,,,,,,40,,0,PIECE,,FRESH,,,,,,,"YES, THE FIGURES MATCHED",,40,PIECE,,FRESH,,200,,,,,,,4,YES,,0,PIECE,,FRESH,,,,,,,ALMOST NONE,"YES, THE FIGURES MATCHED",
309036740097,8966c9a882b543989a42aadcbe0c2b58,MLAMBA,YES,,4,10,PIECE,,FRESH,,NO,,,,,,120,,40,PIECE,,FRESH,,,,,,,"YES, THE FIGURES MATCHED",,10,PIECE,,FRESH,,2500,,,,,,,4,YES,,0,PIECE,,FRESH,,,,,,,1/4,"YES, THE FIGURES MATCHED",
102041390006,899b06a1598e42308e88166a1b3b66d8,AGGREGATED,YES,,3,20,LARGE BASKET,,FRESH,,NO,,,,,,5000,,50,LARGE BASKET,,FRESH,,,,,,,"YES, THE FIGURES MATCHED",,50,LARGE BASKET,,FRESH,,15000,,,,,,,4,YES,,0,PIECE,,FRESH,,,,,,,ALMOST NONE,"YES, THE FIGURES MATCHED",
103091620009,8b22280141cf4613b3d2e9ef9da33d90,USIPA,YES,,5,15,SMALL BASKET,,FRESH,,NO,,,,,,300,,300,SMALL BASKET,,FRESH,,,,,,,"YES, THE FIGURES MATCHED",,13,SMALL BASKET,,FRESH,,4000,,,,,,,5,YES,,1,SMALL BASKET,,FRESH,,,,,,,1/4,"YES, THE FIGURES MATCHED",
106012110360,8b8846595c544806a0848e62b383f1a3,OTHER,YES,JAMISON,4,2,SMALL BASKET,,SUN-DRIED,,NO,,,,,,20000,,2,SMALL BASKET,,SUN-DRIED,,,,,,,"YES, THE FIGURES MATCHED",,2,SMALL BASKET,,SUN-DRIED,,20000,,,,,,,4,NO,LOW FISHING,1,5 KG BAG,,SUN-DRIED,,,,,,,1/4,"YES, THE FIGURES MATCHED",
103061570199,95621fcb6a2e4500a79a407436ef8146,UTAKA,YES,,0,6,10 KG BAG,,FRESH,,NO,,,,,,36,,144,10 KG BAG,,FRESH,,,,,,,"YES, THE FIGURES MATCHED",,0,KILOGRAM,,FRESH,,0,,,,,,,0,YES,,0,KILOGRAM,,FRESH,,,,,,,ALMOST NONE,"YES, THE FIGURES MATCHED",
205093460107,9a17e5a268b54e588170832bd9fc2dec,UTAKA,YES,,3,2,SMALL BASKET,,FRESH,,NO,,,,,,6,,2,SMALL BASKET,,FRESH,,,,,,,"YES, THE FIGURES MATCHED",,2,SMALL BASKET,,FRESH,,20000,,,,,,,3,YES,,1,SMALL BASKET,,FRESH,,,,,,,1/4,"YES, THE FIGURES MATCHED",
103051560029,9e2b74583ee74f159721f71160ae0cf3,CHAMBO,YES,,12,4,5 KG BAG,,FRESH,,NO,,,,,,48,,48,5 KG BAG,,FRESH,,,,,,,"YES, THE FIGURES MATCHED",,4,5 KG BAG,,FRESH,,13000,,,,,,,12,YES,,0,KILOGRAM,,FRESH,,,,,,,ALMOST NONE,"YES, THE FIGURES MATCHED",
103051560034,9f6ed8b2a26547da9e9864b87f12c00f,UTAKA,YES,,12,4,5 KG BAG,,FRESH,,NO,,,,,,48,,48,5 KG BAG,,FRESH,,,,,,,"YES, THE FIGURES MATCHED",,4,5 KG BAG,,FRESH,,3000,,,,,,,12,YES,,0,KILOGRAM,,FRESH,,,,,,,ALMOST NONE,"YES, THE FIGURES MATCHED",
302125270114,a988e774dc644359b0bc719bb1621063,CHAMBO,YES,,10,25,DOZEN / BUNDLE,,FRESH,,NO,,,,,,250,,250,DOZEN / BUNDLE,,FRESH,,,,,,,"YES, THE FIGURES MATCHED",,24,DOZEN / BUNDLE,,FRESH,,700,,,,,,,10,YES,,7,DOZEN / BUNDLE,,FRESH,,,,,,,ALMOST NONE,"YES, THE FIGURES MATCHED",
103051560124,ab73a5cba3ea4c39b51a134a3995c356,UTAKA,YES,,16,1,SMALL BASKET,,FRESH,,NO,,,,,,16,,16,SMALL BASKET,,FRESH,,,,,,,"YES, THE FIGURES MATCHED",,16,SMALL BASKET,,FRESH,,7000,,,,,,,16,YES,,2,KILOGRAM,,FRESH,,,,,,,1/4,"YES, THE FIGURES MATCHED",
202042700038,ad2716ee75784ef79a82fbeaa12d796c,CHAMBO,YES,,4,1,SMALL BASKET,,FRESH,,NO,,,,,,4,,4,SMALL BASKET,,FRESH,,,,,,,"YES, THE FIGURES MATCHED",,0,SMALL BASKET,,FRESH,,0,,,,,,,0,YES,,1,SMALL BASKET,,FRESH,,,,,,,ALMOST ALL,"YES, THE FIGURES MATCHED",
103071590145,ba5dcfc6f42e46f987ec987db024fd16,UTAKA,YES,,12,6,10 KG BAG,,FRESH,,NO,,,,,,72,,72,10 KG BAG,,FRESH,,,,,,,"YES, THE FIGURES MATCHED",,2,10 KG BAG,,FRESH,,10000,,,,,,,4,YES,,0,KILOGRAM,,FRESH,,,,,,,ALMOST NONE,"YES, THE FIGURES MATCHED",
208014080044,bb27fb51c9d34cbaa5e7f6d3756799b6,OTHER,YES,NONE,0,0,OTHER (SPECIFY),NONe,OTHER (SPECIFY),NONE,NO,,,,,,0,,0,OTHER (SPECIFY),NONE,SUN-DRIED,,,,,,,"YES, THE FIGURES MATCHED",,0,PIECE,,SUN-DRIED,,0,,,,,,,0,NO,0,0,OTHER (SPECIFY),NONE,SUN-DRIED,,,,,,,ALMOST ALL,"NO, THE ENTRIES WERE ADJUSTED",0
102031310144,bd08c9d072c74aa483eebcbf185de1cc,MLAMBA,YES,,4,5,SMALL BASKET,,FRESH,,NO,,,,,,Fresh,,20,SMALL BASKET,,FRESH,,,,,,,"YES, THE FIGURES MATCHED",,5,SMALL BASKET,,FRESH,,1000,,,,,,,4,NO,THEY ARE NOT DIFFERENT,0,SMALL BASKET,,FRESH,,,,,,,ALMOST NONE,"YES, THE FIGURES MATCHED",
102031310144,bd08c9d072c74aa483eebcbf185de1cc,CHAMBO,YES,,4,5,LARGE BASKET,,FRESH,,NO,,,,,,fresh,,20,LARGE BASKET,,FRESH,,,,,,,"YES, THE FIGURES MATCHED",,4,LARGE BASKET,,FRESH,,30000,,,,,,,4,NO,THEY CAUGHT FISH ATLEAST EACH WEEK,1,DOZEN / BUNDLE,,FRESH,,,,,,,ALMOST NONE,"YES, THE FIGURES MATCHED",
102031310144,bd08c9d072c74aa483eebcbf185de1cc,USIPA,YES,,4,5,SMALL BASKET,,FRESH,,NO,,,,,,fresh,,20,SMALL BASKET,,FRESH,,,,,,,"YES, THE FIGURES MATCHED",,4,SMALL BASKET,,FRESH,,3000,,,,,,,4,NO,THEY CATCHED FISH AT LEAST EACH WEEK,1,SMALL BASKET,,FRESH,,,,,,,ALMOST NONE,"YES, THE FIGURES MATCHED",
106012110432,bd8f8975d684493d8129ce8b7c1f8d5d,NCHENI,YES,,12,3,10 KG BAG,,FRESH,,NO,,,,,,21,,63,10 KG BAG,,SUN-DRIED,,,,,,,"YES, THE FIGURES MATCHED",,0,KILOGRAM,,SUN-DRIED,,6000,,,,,,,0,YES,,0,KILOGRAM,,SUN-DRIED,,,,,,,ALMOST NONE,"YES, THE FIGURES MATCHED",
106012110432,bd8f8975d684493d8129ce8b7c1f8d5d,UTAKA,YES,,12,6,SMALL BASKET,,SUN-DRIED,,NO,,,,,,36,,108,SMALL BASKET,,FRESH,,,,,,,"YES, THE FIGURES MATCHED",,0,KILOGRAM,,SUN-DRIED,,20000,,,,,,,0,YES,,0,KILOGRAM,,SUN-DRIED,,,,,,,ALMOST NONE,"YES, THE FIGURES MATCHED",
308076630116,c710a1912d394efe8e869618d2593691,AGGREGATED,YES,,1,1,KILOGRAM,,FRESH,,NO,,,,,,fresh,,1,KILOGRAM,,FRESH,,,,,,,"YES, THE FIGURES MATCHED",,0,OTHER (SPECIFY),NOTHING,OTHER (SPECIFY),nothing,0,,,,,,,0,YES,,1,KILOGRAM,,FRESH,,,,,,,ALMOST ALL,"YES, THE FIGURES MATCHED",
104041780137,c99c252d0f00467aa85701cf5642b95a,UTAKA,YES,,4,2,LARGE BASKET,,FRESH,,NO,,,,,,8,,8,LARGE BASKET,,FRESH,,,,,,,"YES, THE FIGURES MATCHED",,8,LARGE BASKET,,FRESH,,8000,,,,,,,4,YES,,1,SMALL BASKET,,FRESH,,,,,,,3/4,"YES, THE FIGURES MATCHED",
104041780004,c9ab0b29b74e40bc93bbe4d1f541192a,USIPA,YES,,16,10,LARGE BASKET,,FRESH,,NO,,,,,,160,,160,LARGE BASKET,,FRESH,,,,,,,"YES, THE FIGURES MATCHED",,160,LARGE BASKET,,FRESH,,20000,,,,,,,16,YES,,2,LARGE BASKET,,FRESH,,,,,,,ALMOST NONE,"YES, THE FIGURES MATCHED",
103021520121,ca477b192b344b6da709672368794576,USIPA,YES,,8,6,LARGE BASKET,,FRESH,,NO,,,,,,48,,48,LARGE BASKET,,FRESH,,,,,,,"YES, THE FIGURES MATCHED",,1,LARGE BASKET,,FRESH,,30000,,,,,,,4,YES,,0,KILOGRAM,,FRESH,,,,,,,ALMOST NONE,"YES, THE FIGURES MATCHED",
103121650179,cba0fa54bfa74ada8d6382d8aab3fae7,CHAMBO,YES,,1,1,LARGE BASKET,,FRESH,,NO,,,,,,1,,1,LARGE BASKET,,FRESH,,,,,,,"YES, THE FIGURES MATCHED",,80000,LARGE BASKET,,FRESH,,80000,,,,,,,1,YES,,2,DOZEN / BUNDLE,,FRESH,,,,,,,1/4,"YES, THE FIGURES MATCHED",
103121640031,cdbb743f058e44b7b07d5ca1fd259661,USIPA,YES,,2,5,SMALL BASKET,,FRESH,,NO,,,,,,10,,10,SMALL BASKET,,FRESH,,,,,,,"YES, THE FIGURES MATCHED",,4,SMALL BASKET,,FRESH,,2500,,,,,,,2,YES,,1,SMALL BASKET,,FRESH,,,,,,,1/4,"YES, THE FIGURES MATCHED",
103121660089,ce97d4fe0ebb4eee8c921539ed3c178d,CHAMBO,YES,,1,2,PIECE,,FRESH,,NO,,,,,,2,,2,PIECE,,FRESH,,,,,,,"YES, THE FIGURES MATCHED",,0,DOZEN / BUNDLE,,OTHER (SPECIFY),no sales,0,,,,,,,0,YES,,2,PIECE,,FRESH,,,,,,,ALMOST ALL,"YES, THE FIGURES MATCHED",
106012110004,d44fc041d3cf42928b460ca5e04ead07,USIPA,YES,,6,20,SMALL BASKET,,FRESH,,NO,,,,,,20,,120,SMALL BASKET,,FRESH,,,,,,,"YES, THE FIGURES MATCHED",,20,SMALL BASKET,,FRESH,,7000,,,,,,,6,YES,,1,DOZEN / BUNDLE,,FRESH,,,,,,,1/4,"YES, THE FIGURES MATCHED",
106012110109,d4f329c6aab0471a8b64d42108bbf047,UTAKA,YES,,8,6,10 KG BAG,,FRESH,,NO,,,,,,60,,60,10 KG BAG,,FRESH,,,,,,,"YES, THE FIGURES MATCHED",,0,KILOGRAM,,FRESH,,0,,,,,,,0,YES,,0,KILOGRAM,,FRESH,,,,,,,ALMOST NONE,"YES, THE FIGURES MATCHED",
103051560121,dade4852b38646408924eabdff8e9155,UTAKA,YES,,20,1,10 KG BAG,,FRESH,,NO,,,,,,20,,20,10 KG BAG,,FRESH,,,,,,,"YES, THE FIGURES MATCHED",,18,10 KG BAG,,FRESH,,5000,,,,,,,20,YES,,2,10 KG BAG,,FRESH,,,,,,,1/4,"YES, THE FIGURES MATCHED",
106012110070,db8d62f269ce4087b6888253bfe2c32b,NCHENI,YES,,12,144,SMALL BASKET,,FRESH,,NO,,,,,,144,,144,SMALL BASKET,,FRESH,,,,,,,"YES, THE FIGURES MATCHED",,144,SMALL BASKET,,FRESH,,1440000,,,,,,,12,YES,,1,5 KG BAG,,FRESH,,,,,,,ALMOST NONE,"YES, THE FIGURES MATCHED",
103071590172,dc6bcfce915647c9bed0e4ccd5e21a23,UTAKA,YES,,1,1,SMALL BASKET,,FRESH,,NO,,,,,,1,,1,SMALL BASKET,,FRESH,,,,,,,"YES, THE FIGURES MATCHED",,1,SMALL BASKET,,FRESH,,10000,,,,,,,1,YES,,5,PIECE,,FRESH,,,,,,,ALMOST NONE,"YES, THE FIGURES MATCHED",
103121640016,e4547af32128495991bf03d03a57f8db,USIPA,YES,,10,20,SMALL BASKET,,FRESH,,NO,,,,,,600,,600,SMALL BASKET,,FRESH,,,,,,,"YES, THE FIGURES MATCHED",,20,SMALL BASKET,,FRESH,,3000,,,,,,,10,YES,,1,SMALL BASKET,,FRESH,,,,,,,1/4,"YES, THE FIGURES MATCHED",
102041360174,e4f7cfdc75d844a3b86abf1a518e0104,USIPA,YES,,2,2,OTHER (SPECIFY),BWATO LARGE,FRESH,,NO,,,,,,97000,,2,OTHER (SPECIFY),BWATO LARGE,FRESH,,,,,,,"YES, THE FIGURES MATCHED",,2,OTHER (SPECIFY),BWATO LARGE,FRESH,,100000,,,,,,,2,YES,,0,LARGE BASKET,,FRESH,,,,,,,ALMOST NONE,"YES, THE FIGURES MATCHED",
103091620014,e5ef30cd32f842f99e81b66256283285,NCHENI,YES,,2,20,SMALL BASKET,,FRESH,,NO,,,,,,40,,40,SMALL BASKET,,FRESH,,,,,,,"YES, THE FIGURES MATCHED",,20,SMALL BASKET,,FRESH,,3500,,,,,,,2,YES,,1,DOZEN / BUNDLE,,FRESH,,,,,,,1/4,"YES, THE FIGURES MATCHED",
103091620014,e5ef30cd32f842f99e81b66256283285,USIPA,YES,,2,4,SMALL BASKET,,FRESH,,NO,,,,,,8,,8,SMALL BASKET,,FRESH,,,,,,,"YES, THE FIGURES MATCHED",,8,SMALL BASKET,,FRESH,,3000,,,,,,,2,YES,,1,DOZEN / BUNDLE,,FRESH,,,,,,,ALMOST NONE,"YES, THE FIGURES MATCHED",
309036750022,eb4b4a6041d046b7bb2aa797f3cceb78,MLAMBA,YES,,4,1,SMALL BASKET,,FRESH,,NO,,,,,,1,,1,SMALL BASKET,,FRESH,,,,,,,"YES, THE FIGURES MATCHED",,1,SMALL BASKET,,FRESH,,4000,,,,,,,1,YES,,4,PIECE,,FRESH,,,,,,,1/4,"YES, THE FIGURES MATCHED",
102051410136,f1ce8161e4004670a8edf9f48ae59ed1,NCHENI,YES,,20,10,LARGE BASKET,,FRESH,,NO,,,,,,200,,200,LARGE BASKET,,FRESH,,,,,,,"YES, THE FIGURES MATCHED",,180,LARGE BASKET,,FRESH,,11000,,,,,,,20,YES,,20,LARGE BASKET,,FRESH,,,,,,,1/4,"YES, THE FIGURES MATCHED",
102051410136,f1ce8161e4004670a8edf9f48ae59ed1,USIPA,YES,,20,20,LARGE BASKET,,FRESH,,NO,,,,,,400,,400,LARGE BASKET,,FRESH,,,,,,,"YES, THE FIGURES MATCHED",,360,LARGE BASKET,,FRESH,,5500,,,,,,,20,YES,,40,LARGE BASKET,,FRESH,,,,,,,1/4,"YES, THE FIGURES MATCHED",
202012650174,f220d6e4a1004dc6b8edadafd7c6c6e8,MLAMBA,YES,,4,2,PIECE,,FRESH,,NO,,,,,,8,,8,PIECE,,FRESH,,,,,,,"YES, THE FIGURES MATCHED",,0,PIECE,,FRESH,,0,,,,,,,0,YES,,2,PIECE,,FRESH,,,,,,,ALMOST ALL,"YES, THE FIGURES MATCHED",
106012110078,f7c465a554084ab4a81239bb6dbb1e4d,USIPA,YES,,20,10,LARGE BASKET,,FRESH,,NO,,,,,,200,,200,LARGE BASKET,,FRESH,,,,,,,"YES, THE FIGURES MATCHED",,10,LARGE BASKET,,FRESH,,200000,,,,,,,20,YES,,1,DOZEN / BUNDLE,,FRESH,,,,,,,ALMOST NONE,"YES, THE FIGURES MATCHED",
106012110078,f7c465a554084ab4a81239bb6dbb1e4d,OTHER,YES,BATALA,20,5,PIECE,,FRESH,,NO,,,,,,200,,200,PIECE,,FRESH,,,,,,,"YES, THE FIGURES MATCHED",,5,PIECE,,FRESH,,350,,,,,,,20,YES,,1,PIECE,,FRESH,,,,,,,ALMOST NONE,"YES, THE FIGURES MATCHED",
311027110154,f8cb9614a35e48e48a887462089fa9ca,MAKAKANI,YES,,12,1,SMALL BASKET,,FRESH,,NO,,,,,,fresh,,4,SMALL BASKET,,FRESH,,,,,,,"YES, THE FIGURES MATCHED",,1,SMALL BASKET,,FRESH,,3000,,,,,,,12,YES,,1,SMALL BASKET,,FRESH,,,,,,,1/4,"YES, THE FIGURES MATCHED",
308066610160,f93241efda8e49e7866df078cf09af52,USIPA,YES,,4,1,5 KG BAG,,SUN-DRIED,,NO,,,,,,sun dried,,0,5 KG BAG,,SUN-DRIED,,,,,,,"YES, THE FIGURES MATCHED",,0,5 KG BAG,,SUN-DRIED,,4000,,,,,,,0,YES,,0,5 KG BAG,,SUN-DRIED,,,,,,,ALMOST NONE,"YES, THE FIGURES MATCHED",
103051560127,f986187c2e5e460fb5e1a6e0637c8ea5,USIPA,YES,,20,1,5 KG BAG,,FRESH,,NO,,,,,,20,,20,5 KG BAG,,FRESH,,,,,,,"YES, THE FIGURES MATCHED",,18,5 KG BAG,,FRESH,,5000,,,,,,,18,YES,,2,5 KG BAG,,FRESH,,,,,,,1/4,"YES, THE FIGURES MATCHED",
302125270103,fd110f67f1844f36a0032b31a25b0c22,CHAMBO,YES,,4,1,LARGE BASKET,,FRESH,,NO,,,,,,4,,4,LARGE BASKET,,FRESH,,,,,,,"YES, THE FIGURES MATCHED",,3,LARGE BASKET,,FRESH,,35000,,,,,,,4,YES,,1,LARGE BASKET,,FRESH,,,,,,,1/4,"YES, THE FIGURES MATCHED",
102031340149,fd3fde4884b849f88371920162c589a6,AGGREGATED,YES,,2,2,SMALL BASKET,,FRESH,,NO,,,,,,4,,2,SMALL BASKET,,FRESH,,,,,,,"YES, THE FIGURES MATCHED",,1,SMALL BASKET,,FRESH,,10000,,,,,,,2,YES,,1,SMALL BASKET,,FRESH,,,,,,,1/4,"YES, THE FIGURES MATCHED",
