ea_id,com_ca01,com_ca02,com_ca06,com_ca07,com_ca07a,com_ca07b,com_ca07c,com_ca12,com_ca13,com_ca13a,com_ca13b,com_ca13c,com_ca17,com_ca18,com_ca19,com_ca20,com_ca21,com_ca22,com_ca23,com_ca24
10101016,Chitipa,1,10,13 Apr 10,13,4,2010,19,22 Jul 10,22,7,2010,no,no,no,yes,no,no,COMPACTED EARTH (YAMDINDO),grass
10101204,Chitipa,1,10,09 Aug 10,9,8,2010,19,10 Aug 10,10,8,2010,yes,no,yes,yes,no,yes,BURNT BRICKS,grass
10101215,Chitipa,1,10,13 May 10,13,5,2010,19,22 Jul 10,22,7,2010,no,no,yes,yes,no,yes,BURNT BRICKS,grass
10101219,Chitipa,1,10,01 Mar 11,1,3,2011,19,02 Mar 11,2,3,2011,yes,no,yes,yes,no,yes,BURNT BRICKS,grass
10101355,Chitipa,1,10,22 Jan 11,22,1,2011,19,23 Jan 11,23,1,2011,yes,no,yes,yes,no,yes,BURNT BRICKS,grass
10101374,Chitipa,1,10,23 Oct 10,23,10,2010,19,24 Oct 10,24,10,2010,yes,no,yes,yes,no,yes,BURNT BRICKS,grass
10101470,Chitipa,1,10,19 Jun 10,19,6,2010,19,30 Jul 10,30,7,2010,yes,no,yes,yes,no,yes,BURNT BRICKS,grass
10101562,Chitipa,1,10,20 Oct 10,20,10,2010,19,21 Oct 10,21,10,2010,no,no,yes,yes,no,yes,BURNT BRICKS,grass
10101568,Chitipa,1,10,03 Nov 10,3,11,2010,19,04 Nov 10,4,11,2010,no,no,yes,yes,no,yes,BURNT BRICKS,grass
10101706,Chitipa,1,10,09 Nov 10,9,11,2010,19,09 Nov 10,9,11,2010,yes,no,yes,yes,no,yes,BURNT BRICKS,grass
10102004,Chitipa,2,10,05 May 10,5,5,2010,19,30 Jul 10,30,7,2010,yes,no,yes,yes,no,yes,BURNT BRICKS,grass
10102379,Chitipa,2,10,13 Nov 10,13,11,2010,19,13 Nov 10,13,11,2010,yes,yes,yes,yes,no,yes,COMPACTED EARTH (YAMDINDO),grass
10102621,Chitipa,2,10,25 Feb 11,25,2,2011,19,27 Feb 11,27,2,2011,yes,no,yes,yes,no,no,BURNT BRICKS,IRON SHEETS
10103414,Chitipa,3,10,22 Sep 10,22,9,2010,19,23 Sep 10,23,9,2010,no,no,yes,yes,no,yes,COMPACTED EARTH (YAMDINDO),grass
10103452,Chitipa,3,10,01 Dec 10,1,12,2010,19,02 Dec 10,2,12,2010,no,no,yes,yes,no,yes,COMPACTED EARTH (YAMDINDO),grass
10103681,Chitipa,3,10,06 Mar 11,6,3,2011,19,08 Mar 11,8,3,2011,no,no,yes,yes,no,yes,COMPACTED EARTH (YAMDINDO),grass
10104150,Chitipa,4,10,16 Jul 10,16,7,2010,19,22 Jul 10,22,7,2010,no,no,yes,yes,no,yes,COMPACTED EARTH (YAMDINDO),grass
10104351,Chitipa,4,10,05 Dec 10,5,12,2010,19,05 Dec 10,5,12,2010,no,no,yes,yes,no,yes,COMPACTED EARTH (YAMDINDO),grass
10104440,Chitipa,4,10,18 Jul 10,18,7,2010,19,30 Jul 10,30,7,2010,no,no,yes,yes,no,yes,COMPACTED EARTH (YAMDINDO),grass
10105352,Chitipa,5,10,06 Nov 10,6,11,2010,19,06 Nov 10,6,11,2010,yes,no,yes,yes,no,yes,BURNT BRICKS,grass
10105511,Chitipa,5,10,26 Jan 11,26,1,2011,19,27 Jan 11,27,1,2011,no,no,no,yes,no,yes,BURNT BRICKS,IRON SHEETS
10105513,Chitipa,5,10,02 Apr 10,2,4,2010,19,22 Jul 10,22,7,2010,yes,no,yes,no,no,yes,BURNT BRICKS,grass
10120286,Chitipa,20,10,29 Jan 11,29,1,2011,19,29 Jan 11,29,1,2011,yes,no,yes,yes,yes,yes,BURNT BRICKS,IRON SHEETS
10120288,Chitipa,20,10,25 Sep 10,25,9,2010,19,26 Sep 10,26,9,2010,yes,no,yes,yes,yes,yes,BURNT BRICKS,IRON SHEETS
10201137,Karonga,1,10,01 Jun 10,1,6,2010,19,22 Jul 10,22,7,2010,yes,no,yes,yes,no,yes,BURNT BRICKS,grass
10201210,Karonga,1,10,16 Mar 11,16,3,2011,19,18 Mar 11,18,3,2011,no,no,yes,yes,no,no,BURNT BRICKS,IRON SHEETS
10201247,Karonga,1,10,31 Oct 10,31,10,2010,19,01 Nov 10,1,11,2010,no,no,yes,yes,no,yes,COMPACTED EARTH (YAMDINDO),grass
10201442,Karonga,1,10,14 Oct 10,14,10,2010,19,16 Oct 10,16,10,2010,no,no,yes,yes,no,yes,MUD (YOMATA),grass
10201688,Karonga,1,10,04 Oct 10,4,10,2010,19,09 Oct 10,9,10,2010,no,no,yes,yes,no,yes,BURNT BRICKS,grass
10202195,Karonga,2,10,13 Jan 11,13,1,2011,19,15 Jan 11,15,1,2011,yes,no,yes,yes,no,yes,COMPACTED EARTH (YAMDINDO),grass
10202514,Karonga,2,10,06 Apr 10,6,4,2010,19,22 Jul 10,22,7,2010,no,no,yes,no,no,no,MUD (YOMATA),grass
10203013,Karonga,3,10,27 Apr 10,27,4,2010,19,22 Jul 10,22,7,2010,no,no,no,yes,no,no,MUD (YOMATA),grass
10203085,Karonga,3,10,17 Nov 10,17,11,2010,19,18 Nov 10,18,11,2010,yes,no,yes,yes,no,yes,BURNT BRICKS,grass
10203176,Karonga,3,10,04 Aug 10,4,8,2010,19,06 Aug 10,6,8,2010,yes,no,yes,yes,no,yes,COMPACTED EARTH (YAMDINDO),grass
10203221,Karonga,3,10,03 Feb 11,3,2,2011,19,04 Feb 11,4,2,2011,yes,no,yes,yes,no,yes,BURNT BRICKS,grass
10203623,Karonga,3,10,25 Nov 10,25,11,2010,19,26 Nov 10,26,11,2010,no,no,yes,no,no,no,MUD (YOMATA),grass
10203744,Karonga,3,10,02 Sep 10,2,9,2010,19,03 Sep 10,3,9,2010,yes,no,yes,yes,no,no,BURNT BRICKS,grass
10204101,Karonga,4,10,18 Jan 11,18,1,2011,19,20 Jan 11,20,1,2011,yes,yes,yes,yes,no,yes,BURNT BRICKS,grass
10204322,Karonga,4,10,07 Oct 10,7,10,2010,19,09 Oct 10,9,10,2010,no,no,yes,yes,no,yes,BURNT BRICKS,grass
10204453,Karonga,4,10,20 Mar 11,20,3,2011,19,21 Mar 11,21,3,2011,no,no,yes,yes,no,yes,BURNT BRICKS,IRON SHEETS
10204586,Karonga,4,10,04 Jun 10,4,6,2010,19,07 Jun 10,7,6,2010,no,no,yes,yes,no,yes,BURNT BRICKS,IRON SHEETS
10204723,Karonga,4,10,24 Jul 10,24,7,2010,19,30 Jul 10,30,7,2010,yes,no,yes,yes,no,yes,BURNT BRICKS,grass
10205202,Karonga,5,10,27 Mar 10,27,3,2010,19,22 Jul 10,22,7,2010,no,no,yes,yes,no,no,MUD (YOMATA),grass
10205507,Karonga,5,10,27 Oct 10,27,10,2010,19,28 Oct 10,28,10,2010,yes,no,yes,yes,no,yes,BURNT BRICKS,grass
10220027,Karonga,20,10,08 Feb 11,8,2,2011,19,09 Feb 11,9,2,2011,yes,yes,yes,yes,yes,yes,BURNT BRICKS,IRON SHEETS
10220103,Karonga,20,10,05 Sep 10,5,9,2010,19,07 Sep 10,7,9,2010,yes,no,yes,yes,no,yes,BURNT BRICKS,grass
10220521,Karonga,20,10,27 Aug 10,27,8,2010,19,28 Aug 10,28,8,2010,yes,no,yes,yes,no,yes,BURNT BRICKS,IRON SHEETS
10220705,Karonga,20,10,30 Apr 10,30,4,2010,19,30 Jul 10,30,7,2010,yes,yes,yes,yes,yes,yes,BURNT BRICKS,IRON SHEETS
10301026,Nkhatabay,1,20,16 Mar 11,16,3,2011,29,16 Mar 11,16,3,2011,no,no,no,no,no,no,wood,grass
10301306,Nkhatabay,1,20,29 Jan 11,29,1,2011,29,31 Jan 11,31,1,2011,no,no,yes,yes,yes,yes,BURNT BRICKS,IRON SHEETS
10301347,Nkhatabay,1,20,06 Oct 10,6,10,2010,29,08 Oct 10,8,10,2010,no,no,no,yes,no,no,BURNT BRICKS,grass
10301663,Nkhatabay,1,20,20 May 10,20,5,2010,29,05 Jun 10,5,6,2010,no,no,no,yes,yes,yes,BURNT BRICKS,IRON SHEETS
10301741,Nkhatabay,1,20,18 Nov 10,18,11,2010,29,22 Nov 10,22,11,2010,yes,no,yes,yes,no,no,BURNT BRICKS,grass
10302010,Nkhatabay,2,20,17 Jun 10,17,6,2010,29,01 Jul 10,1,7,2010,no,no,no,no,no,yes,MUD BRICK (UNFIRED),grass
10303454,Nkhatabay,3,20,24 Dec 10,24,12,2010,29,24 Dec 10,24,12,2010,no,no,yes,yes,no,yes,BURNT BRICKS,grass
10304012,Nkhatabay,4,20,29 Mar 10,29,3,2010,,,,,,yes,yes,yes,yes,yes,yes,BURNT BRICKS,IRON SHEETS
10304360,Nkhatabay,4,20,18 Jan 11,18,1,2011,29,20 Jan 11,20,1,2011,yes,no,yes,yes,yes,yes,BURNT BRICKS,IRON SHEETS
10304625,Nkhatabay,4,20,09 Oct 10,9,10,2010,29,09 Oct 10,9,10,2010,no,no,no,yes,yes,yes,BURNT BRICKS,grass
10305446,Nkhatabay,5,20,23 Aug 10,23,8,2010,29,04 Sep 10,4,9,2010,no,no,yes,yes,no,yes,BURNT BRICKS,grass
10306417,Nkhatabay,6,20,26 Jan 11,26,1,2011,29,27 Jan 11,27,1,2011,yes,no,yes,yes,no,yes,BURNT BRICKS,grass
10306431,Nkhatabay,6,20,16 Nov 10,16,11,2010,29,17 Nov 10,17,11,2010,no,no,yes,yes,yes,yes,BURNT BRICKS,grass
10307413,Nkhatabay,7,20,24 May 10,24,5,2010,29,05 Jun 10,5,6,2010,no,no,no,yes,no,no,BURNT BRICKS,grass
10308129,Nkhatabay,8,20,04 Dec 10,4,12,2010,29,09 Dec 10,9,12,2010,no,no,yes,yes,no,yes,BURNT BRICKS,grass
10308636,Nkhatabay,8,20,20 Sep 10,20,9,2010,29,22 Sep 10,22,9,2010,no,no,yes,yes,no,yes,BURNT BRICKS,grass
10309273,Nkhatabay,9,20,12 Mar 11,12,3,2011,29,16 Mar 11,16,3,2011,no,no,no,no,no,no,COMPACTED EARTH (YAMDINDO),grass
10309281,Nkhatabay,9,20,05 Nov 10,5,11,2010,29,10 Dec 10,10,12,2010,no,no,no,no,no,no,BURNT BRICKS,grass
10310469,Nkhatabay,10,20,07 Jun 10,7,6,2010,29,09 Jun 10,9,6,2010,no,no,yes,yes,no,no,MUD BRICK (UNFIRED),grass
10312048,Nkhatabay,12,20,01 Aug 10,1,8,2010,29,07 Aug 10,7,8,2010,no,no,yes,yes,no,yes,BURNT BRICKS,grass
10312078,Nkhatabay,12,20,20 Jan 11,20,1,2011,29,23 Jan 11,23,1,2011,no,no,yes,yes,no,no,BURNT BRICKS,grass
10312187,Nkhatabay,12,20,30 Nov 10,30,11,2010,29,06 Dec 10,6,12,2010,yes,no,yes,yes,no,yes,BURNT BRICKS,grass
10312600,Nkhatabay,12,20,24 Mar 10,24,3,2010,29,18 May 10,18,5,2010,no,no,no,no,no,yes,BURNT BRICKS,grass
10320227,Nkhatabay,20,20,20 Nov 10,20,11,2010,29,23 Nov 10,23,11,2010,yes,yes,yes,yes,yes,no,BURNT BRICKS,grass
10401140,Rumphi,1,20,01 Sep 10,1,9,2010,29,04 Sep 10,4,9,2010,yes,yes,yes,yes,yes,yes,BURNT BRICKS,IRON SHEETS
10401212,Rumphi,1,20,24 Sep 10,24,9,2010,29,24 Sep 10,24,9,2010,no,no,yes,yes,no,yes,BURNT BRICKS,IRON SHEETS
10401424,Rumphi,1,20,22 Oct 10,22,10,2010,29,23 Oct 10,23,10,2010,no,yes,yes,yes,yes,yes,BURNT BRICKS,IRON SHEETS
10401502,Rumphi,1,20,07 Apr 10,7,4,2010,29,05 Apr 10,5,4,2010,no,no,yes,yes,no,yes,BURNT BRICKS,grass
10401522,Rumphi,1,20,22 Sep 10,22,9,2010,29,24 Sep 10,24,9,2010,no,no,no,no,no,no,MUD BRICK (UNFIRED),grass
10401541,Rumphi,1,20,06 Mar 11,6,3,2011,29,09 Mar 11,9,3,2011,no,no,no,yes,no,yes,BURNT BRICKS,IRON SHEETS
10401604,Rumphi,1,20,10 Jun 10,10,6,2010,29,14 Jun 10,14,6,2010,no,no,no,yes,no,yes,MUD BRICK (UNFIRED),grass
10401635,Rumphi,1,20,11 Jan 11,11,1,2011,29,13 Jan 11,13,1,2011,no,no,yes,yes,no,yes,BURNT BRICKS,grass
10401742,Rumphi,1,20,23 Nov 10,23,11,2010,29,30 Nov 10,30,11,2010,yes,no,yes,yes,no,yes,BURNT BRICKS,grass
10402537,Rumphi,2,20,26 Nov 10,26,11,2010,29,02 Dec 10,2,12,2010,yes,no,yes,yes,no,yes,BURNT BRICKS,IRON SHEETS
10403332,Rumphi,3,20,13 May 10,13,5,2010,29,18 May 10,18,5,2010,no,no,yes,yes,no,yes,MUD BRICK (UNFIRED),grass
10403488,Rumphi,3,20,19 Feb 11,19,2,2011,29,24 Feb 11,24,2,2011,yes,no,yes,yes,no,yes,BURNT BRICKS,IRON SHEETS
10404186,Rumphi,4,20,17 Sep 10,17,9,2010,29,17 Sep 10,17,9,2010,no,no,no,no,no,no,BURNT BRICKS,grass
10404707,Rumphi,4,20,20 Dec 10,20,12,2010,29,21 Dec 10,21,12,2010,no,no,no,no,no,yes,COMPACTED EARTH (YAMDINDO),grass
10405213,Rumphi,5,20,05 Jul 10,5,7,2010,29,11 Jul 10,11,7,2010,no,no,no,no,no,no,MUD BRICK (UNFIRED),grass
10405404,Rumphi,5,20,03 Mar 11,3,3,2011,29,07 Mar 11,7,3,2011,yes,no,yes,yes,no,yes,BURNT BRICKS,IRON SHEETS
10407068,Rumphi,7,20,14 Jan 11,14,1,2011,29,15 Jan 11,15,1,2011,no,no,yes,yes,yes,yes,BURNT BRICKS,IRON SHEETS
10407194,Rumphi,7,20,28 Jul 10,28,7,2010,29,29 Jul 10,29,7,2010,yes,no,yes,yes,no,yes,BURNT BRICKS,grass
10407628,Rumphi,7,20,07 Jan 11,7,1,2011,29,11 Jan 11,11,1,2011,no,no,yes,yes,no,yes,BURNT BRICKS,IRON SHEETS
10408441,Rumphi,8,20,03 Apr 10,3,4,2010,29,18 May 10,18,5,2010,no,no,yes,yes,yes,yes,BURNT BRICKS,IRON SHEETS
10409468,Rumphi,9,20,20 Oct 10,20,10,2010,29,21 Oct 10,21,10,2010,no,no,yes,yes,no,no,COMPACTED EARTH (YAMDINDO),grass
10420001,Rumphi,20,20,03 Sep 10,3,9,2010,29,08 Sep 10,8,9,2010,yes,yes,yes,yes,yes,yes,BURNT BRICKS,IRON SHEETS
10420035,Rumphi,20,20,17 May 10,17,5,2010,29,25 May 10,25,5,2010,yes,yes,yes,yes,yes,yes,BURNT BRICKS,IRON SHEETS
10420080,Rumphi,20,20,26 Feb 11,26,2,2011,29,03 Mar 11,3,3,2011,yes,yes,yes,yes,yes,yes,grass,IRON SHEETS
10501055,Mzimba,1,38,19 Feb 11,19,2,2011,391,21 Feb 11,21,2,2011,yes,no,no,yes,no,yes,MUD BRICK (UNFIRED),grass
10501216,Mzimba,1,38,08 Nov 10,8,11,2010,391,11 Nov 10,11,11,2010,no,no,no,no,no,yes,MUD BRICK (UNFIRED),grass
10501505,Mzimba,1,38,30 Sep 10,30,9,2010,391,01 Oct 10,1,10,2010,no,no,yes,no,yes,yes,BURNT BRICKS,IRON SHEETS
10501709,Mzimba,1,30,30 Apr 10,30,4,2010,391,30 Mar 11,30,3,2011,no,no,yes,yes,yes,yes,BURNT BRICKS,grass
10502043,Mzimba,2,38,20 Dec 10,20,12,2010,391,10 Jan 11,10,1,2011,yes,no,yes,yes,yes,yes,MUD BRICK (UNFIRED),IRON SHEETS
10502268,Mzimba,2,30,08 Jun 11,8,6,2011,391,31 Mar 11,31,3,2011,no,no,yes,yes,no,yes,BURNT BRICKS,grass
10502439,Mzimba,2,38,25 Oct 10,25,10,2010,391,27 Oct 10,27,10,2010,no,no,no,yes,no,yes,MUD BRICK (UNFIRED),grass
10502593,Mzimba,2,38,10 Oct 10,10,10,2010,391,11 Oct 10,11,10,2010,no,no,no,yes,yes,yes,MUD BRICK (UNFIRED),grass
10502730,Mzimba,2,38,14 Mar 11,14,3,2011,391,18 Mar 11,18,3,2011,yes,no,yes,no,no,yes,MUD BRICK (UNFIRED),grass
10503211,Mzimba,3,38,14 Jan 11,14,1,2011,391,17 Jan 11,17,1,2011,no,no,no,no,no,no,MUD BRICK (UNFIRED),grass
10503367,Mzimba,3,30,24 Mar 10,24,3,2010,391,30 Mar 11,30,3,2011,no,no,yes,yes,no,yes,BURNT BRICKS,grass
10505136,Mzimba,5,30,19 May 10,19,5,2010,391,31 Mar 11,31,3,2011,no,no,yes,yes,yes,yes,BURNT BRICKS,grass
10505151,Mzimba,5,38,25 Feb 11,25,2,2011,391,27 Feb 11,27,2,2011,no,no,no,no,no,yes,MUD BRICK (UNFIRED),grass
10505231,Mzimba,5,38,19 Nov 10,19,11,2010,391,20 Nov 10,20,11,2010,yes,no,yes,yes,yes,yes,MUD BRICK (UNFIRED),grass
10505310,Mzimba,5,30,24 Jul 10,24,7,2010,222,08 Apr 11,8,4,2011,no,no,yes,no,no,yes,BURNT BRICKS,grass
10505508,Mzimba,5,38,27 Sep 10,27,9,2010,391,30 Sep 10,30,9,2010,no,yes,yes,yes,yes,yes,BURNT BRICKS,IRON SHEETS
10506127,Mzimba,6,38,09 Mar 11,9,3,2011,391,18 Mar 11,18,3,2011,yes,yes,yes,yes,yes,yes,BURNT BRICKS,IRON SHEETS
10506548,Mzimba,6,38,01 Dec 10,1,12,2010,391,02 Dec 10,2,12,2010,no,no,yes,yes,no,yes,MUD BRICK (UNFIRED),grass
10507175,Mzimba,7,38,11 Oct 10,11,10,2010,391,12 Oct 10,12,10,2010,no,no,yes,yes,no,yes,BURNT BRICKS,IRON SHEETS
10507344,Mzimba,7,30,06 Jul 10,6,7,2010,391,31 Mar 11,31,3,2011,no,no,yes,yes,no,yes,COMPACTED EARTH (YAMDINDO),grass
10508369,Mzimba,8,38,24 Oct 10,24,10,2010,391,26 Oct 10,26,10,2010,no,no,no,no,no,yes,MUD BRICK (UNFIRED),grass
10509319,Mzimba,9,30,30 Mar 11,30,3,2011,391,30 Mar 11,30,3,2011,no,no,yes,yes,no,yes,BURNT BRICKS,grass
10509474,Mzimba,9,38,20 Jan 11,20,1,2011,391,23 Jan 11,23,1,2011,no,no,yes,yes,no,yes,MUD BRICK (UNFIRED),grass
10510388,Mzimba,10,30,28 Jul 10,28,7,2010,391,30 Mar 11,30,3,2011,no,no,yes,yes,no,yes,BURNT BRICKS,grass
10732047,Mzuzu City,32,38,28 Jan 11,28,1,2011,391,31 Jan 11,31,1,2011,yes,yes,yes,yes,yes,yes,BURNT BRICKS,IRON SHEETS
10732070,Mzuzu City,32,38,20 Sep 10,20,9,2010,391,22 Sep 10,22,9,2010,no,no,no,no,yes,yes,BURNT BRICKS,IRON SHEETS
10732192,Mzuzu City,32,30,10 May 10,10,5,2010,391,29 Jun 10,29,6,2010,yes,yes,yes,yes,yes,yes,BURNT BRICKS,IRON SHEETS
10733465,Mzuzu City,33,38,06 Nov 10,6,11,2010,391,20 Nov 10,20,11,2010,yes,yes,yes,yes,yes,yes,BURNT BRICKS,IRON SHEETS
10733640,Mzuzu City,33,38,21 Sep 10,21,9,2010,391,22 Sep 10,22,9,2010,yes,yes,yes,yes,yes,yes,BURNT BRICKS,grass
10734370,Mzuzu City,34,38,06 Oct 10,6,10,2010,391,09 Oct 10,9,10,2010,yes,yes,yes,yes,yes,yes,BURNT BRICKS,IRON SHEETS
10734393,Mzuzu City,34,38,05 Mar 11,5,3,2011,391,10 Mar 11,10,3,2011,no,no,yes,yes,no,yes,MUD BRICK (UNFIRED),IRON SHEETS
10734407,Mzuzu City,34,38,22 Oct 10,22,10,2010,391,24 Oct 10,24,10,2010,yes,yes,yes,yes,yes,yes,BURNT BRICKS,IRON SHEETS
10734762,Mzuzu City,34,30,10 Jul 10,10,7,2010,391,13 Jul 10,13,7,2010,yes,no,yes,yes,yes,yes,MUD BRICK (UNFIRED),IRON SHEETS
10735130,Mzuzu City,35,38,12 Jan 11,12,1,2011,391,14 Jan 11,14,1,2011,yes,yes,yes,yes,yes,yes,BURNT BRICKS,IRON SHEETS
10735173,Mzuzu City,35,30,03 Apr 10,3,4,2010,39,21 May 10,21,5,2010,yes,no,yes,yes,yes,yes,MUD BRICK (UNFIRED),IRON SHEETS
10736053,Mzuzu City,36,38,23 Feb 11,23,2,2011,391,25 Feb 11,25,2,2011,yes,yes,yes,yes,yes,yes,BURNT BRICKS,IRON SHEETS
10736174,Mzuzu City,36,38,15 Nov 10,15,11,2010,391,16 Nov 10,16,11,2010,yes,yes,yes,yes,yes,yes,BURNT BRICKS,IRON SHEETS
10736377,Mzuzu City,36,30,27 Apr 10,27,4,2010,39,20 May 10,20,5,2010,yes,no,yes,yes,yes,yes,BURNT BRICKS,IRON SHEETS
10736466,Mzuzu City,36,38,04 Nov 10,4,11,2010,391,07 Nov 10,7,11,2010,yes,yes,yes,yes,yes,yes,BURNT BRICKS,IRON SHEETS
10736596,Mzuzu City,36,30,03 Aug 10,3,8,2010,391,17 Aug 10,17,8,2010,yes,yes,yes,yes,yes,yes,grass,IRON SHEETS
10737199,Mzuzu City,37,38,02 Dec 10,2,12,2010,391,10 Jan 11,10,1,2011,yes,yes,yes,yes,yes,yes,BURNT BRICKS,IRON SHEETS
10739309,Mzuzu City,39,38,08 Mar 11,8,3,2011,391,11 Mar 11,11,3,2011,yes,yes,yes,yes,yes,yes,BURNT BRICKS,IRON SHEETS
10741504,Mzuzu City,41,30,14 Jul 10,14,7,2010,391,18 Jul 10,18,7,2010,yes,yes,yes,yes,yes,yes,BURNT BRICKS,IRON SHEETS
10744039,Mzuzu City,44,38,21 Oct 10,21,10,2010,391,23 Oct 10,23,10,2010,yes,yes,yes,yes,yes,yes,BURNT BRICKS,IRON SHEETS
10744154,Mzuzu City,44,38,27 Jan 11,27,1,2011,391,31 Jan 11,31,1,2011,yes,yes,yes,yes,yes,yes,MUD BRICK (UNFIRED),grass
10744649,Mzuzu City,44,38,08 Oct 10,8,10,2010,391,10 Oct 10,10,10,2010,yes,no,yes,yes,yes,yes,BURNT BRICKS,IRON SHEETS
10746033,Mzuzu City,46,30,06 Apr 10,6,4,2010,391,29 Jun 10,29,6,2010,no,no,yes,yes,yes,yes,BURNT BRICKS,IRON SHEETS
10746244,Mzuzu City,46,30,31 Jul 10,31,7,2010,391,03 Aug 10,3,8,2010,no,no,yes,yes,no,yes,BURNT BRICKS,grass
20101014,Kasungu,1,40,26 Apr 10,26,4,2010,49,26 May 10,26,5,2010,no,no,yes,yes,no,yes,MUD BRICK (UNFIRED),grass
20101387,Kasungu,1,70,23 Feb 11,23,2,2011,49,05 Mar 11,5,3,2011,yes,no,yes,yes,no,yes,BURNT BRICKS,grass
20102311,Kasungu,2,70,25 Nov 10,25,11,2010,49,29 Nov 10,29,11,2010,yes,no,yes,yes,no,yes,COMPACTED EARTH (YAMDINDO),grass
20103365,Kasungu,3,70,03 Oct 10,3,10,2010,49,13 Oct 10,13,10,2010,yes,no,yes,yes,no,yes,BURNT BRICKS,grass
20105073,Kasungu,5,70,03 Mar 11,3,3,2011,49,14 Mar 11,14,3,2011,yes,yes,yes,yes,no,yes,BURNT BRICKS,grass
20105181,Kasungu,5,40,25 Jun 10,25,6,2010,49,28 Jun 10,28,6,2010,yes,no,yes,yes,no,yes,MUD BRICK (UNFIRED),grass
20106042,Kasungu,6,70,26 Sep 10,26,9,2010,49,05 Oct 10,5,10,2010,yes,no,yes,yes,yes,yes,MUD BRICK (UNFIRED),IRON SHEETS
20107490,Kasungu,7,70,19 Oct 10,19,10,2010,49,10 Nov 10,10,11,2010,yes,no,yes,yes,no,yes,COMPACTED EARTH (YAMDINDO),grass
20107615,Kasungu,7,70,10 Jan 11,10,1,2011,49,16 Jan 11,16,1,2011,yes,no,yes,yes,no,yes,BURNT BRICKS,grass
20108739,Kasungu,8,40,25 Mar 10,25,3,2010,49,26 May 10,26,5,2010,no,no,no,no,no,yes,COMPACTED EARTH (YAMDINDO),grass
20109486,Kasungu,9,70,08 Nov 10,8,11,2010,49,20 Nov 10,20,11,2010,yes,no,yes,yes,no,yes,COMPACTED EARTH (YAMDINDO),grass
20109653,Kasungu,9,70,14 Oct 10,14,10,2010,49,21 Oct 10,21,10,2010,yes,no,yes,yes,no,yes,MUD BRICK (UNFIRED),grass
20110170,Kasungu,10,70,28 Feb 11,28,2,2011,49,06 Mar 11,6,3,2011,no,no,yes,yes,no,yes,COMPACTED EARTH (YAMDINDO),grass
20110620,Kasungu,10,40,08 May 10,8,5,2010,49,14 May 10,14,5,2010,no,no,yes,yes,no,yes,BURNT BRICKS,grass
20111107,Kasungu,11,70,01 Mar 11,1,3,2011,49,10 Mar 11,10,3,2011,yes,no,yes,yes,no,yes,COMPACTED EARTH (YAMDINDO),grass
20111530,Kasungu,11,70,06 Jan 11,6,1,2011,49,14 Jan 11,14,1,2011,yes,no,yes,no,no,yes,MUD BRICK (UNFIRED),grass
20111718,Kasungu,11,40,26 Aug 10,26,8,2010,49,29 Aug 10,29,8,2010,yes,no,yes,yes,no,yes,MUD BRICK (UNFIRED),grass
20112290,Kasungu,12,70,23 Dec 10,23,12,2010,49,09 Jan 11,9,1,2011,yes,no,yes,no,no,yes,COMPACTED EARTH (YAMDINDO),grass
20112334,Kasungu,12,40,07 Jul 10,7,7,2010,49,18 Jul 10,18,7,2010,yes,no,yes,yes,no,yes,COMPACTED EARTH (YAMDINDO),grass
20112661,Kasungu,12,40,11 Jun 10,11,6,2010,49,29 Jun 10,29,6,2010,yes,no,yes,yes,no,yes,COMPACTED EARTH (YAMDINDO),grass
20113112,Kasungu,13,40,29 Mar 10,29,3,2010,49,25 May 10,25,5,2010,no,no,yes,yes,no,yes,COMPACTED EARTH (YAMDINDO),grass
20113529,Kasungu,13,70,12 Jan 11,12,1,2011,49,19 Jan 11,19,1,2011,no,no,yes,yes,no,yes,MUD BRICK (UNFIRED),grass
20115434,Kasungu,15,40,20 Jul 10,20,7,2010,49,24 Jul 10,24,7,2010,yes,no,yes,yes,yes,yes,MUD BRICK (UNFIRED),grass
20120081,Kasungu,20,70,01 Dec 10,1,12,2010,49,04 Dec 10,4,12,2010,yes,yes,yes,yes,yes,yes,BURNT BRICKS,IRON SHEETS
20201109,Nkhota kota,1,50,10 Nov 10,10,11,2010,59,15 Nov 10,15,11,2010,no,no,yes,yes,no,yes,BURNT BRICKS,grass
20201206,Nkhota kota,1,50,12 Mar 11,12,3,2011,59,18 Mar 11,18,3,2011,no,no,yes,no,no,yes,COMPACTED EARTH (YAMDINDO),grass
20201264,Nkhota kota,1,50,23 Dec 10,23,12,2010,59,22 Jan 11,22,1,2011,yes,no,yes,yes,no,yes,BURNT BRICKS,grass
20201269,Nkhota kota,1,50,16 Jun 10,16,6,2010,59,07 Jul 10,7,7,2010,yes,no,yes,yes,no,yes,BURNT BRICKS,grass
20201354,Nkhota kota,1,50,30 Sep 10,30,9,2010,59,06 Oct 10,6,10,2010,yes,yes,yes,yes,yes,yes,BURNT BRICKS,IRON SHEETS
20201450,Nkhota kota,1,50,01 Jun 10,1,6,2010,59,08 Jul 10,8,7,2010,yes,no,yes,yes,no,yes,BURNT BRICKS,grass
20201646,Nkhota kota,1,50,15 Jul 10,15,7,2010,59,22 Jul 10,22,7,2010,yes,no,yes,yes,no,yes,MUD BRICK (UNFIRED),grass
20202343,Nkhota kota,2,50,20 Jan 11,20,1,2011,59,26 Jan 11,26,1,2011,yes,no,yes,yes,no,yes,BURNT BRICKS,grass
20203135,Nkhota kota,3,50,28 Oct 10,28,10,2010,59,01 Nov 10,1,11,2010,no,no,yes,yes,no,yes,BURNT BRICKS,grass
20203494,Nkhota kota,3,50,10 Apr 10,10,4,2010,59,26 May 10,26,5,2010,no,no,yes,no,no,yes,BURNT BRICKS,grass
20203656,Nkhota kota,3,50,09 Sep 10,9,9,2010,59,15 Sep 10,15,9,2010,yes,no,yes,yes,no,yes,BURNT BRICKS,grass
20203694,Nkhota kota,3,50,20 Feb 11,20,2,2011,59,26 Feb 11,26,2,2011,yes,no,yes,yes,no,yes,BURNT BRICKS,grass
20204124,Nkhota kota,4,50,03 Jun 10,3,6,2010,59,08 Jul 10,8,7,2010,yes,no,yes,no,no,yes,BURNT BRICKS,grass
20204712,Nkhota kota,4,50,13 Nov 10,13,11,2010,59,15 Nov 10,15,11,2010,no,no,yes,yes,no,yes,BURNT BRICKS,grass
20205207,Nkhota kota,5,50,24 Sep 10,24,9,2010,59,02 Oct 10,2,10,2010,no,no,yes,yes,no,yes,BURNT BRICKS,grass
20205484,Nkhota kota,5,50,16 Sep 10,16,9,2010,59,19 Sep 10,19,9,2010,no,no,yes,yes,no,yes,BURNT BRICKS,grass
20205525,Nkhota kota,5,50,14 Jan 11,14,1,2011,59,26 Jan 11,26,1,2011,yes,no,yes,yes,no,yes,BURNT BRICKS,grass
20205634,Nkhota kota,5,50,19 Oct 10,19,10,2010,59,27 Oct 10,27,10,2010,no,no,yes,yes,no,yes,COMPACTED EARTH (YAMDINDO),grass
20205700,Nkhota kota,5,50,22 Mar 11,22,3,2011,59,23 Mar 11,23,3,2011,yes,no,yes,yes,no,yes,BURNT BRICKS,grass
20205721,Nkhota kota,5,50,13 Jun 10,13,6,2010,59,07 Jul 10,7,7,2010,yes,no,yes,yes,no,yes,BURNT BRICKS,grass
20206243,Nkhota kota,6,50,21 Oct 10,21,10,2010,59,01 Nov 10,1,11,2010,no,no,yes,yes,no,yes,COMPACTED EARTH (YAMDINDO),grass
20206362,Nkhota kota,6,50,03 Apr 10,3,4,2010,59,26 May 10,26,5,2010,no,no,yes,yes,no,yes,COMPACTED EARTH (YAMDINDO),grass
20220038,Nkhota kota,20,50,23 Feb 11,23,2,2011,59,01 Mar 11,1,3,2011,yes,yes,yes,yes,no,yes,MUD BRICK (UNFIRED),grass
20220153,Nkhota kota,20,50,04 Sep 10,4,9,2010,59,08 Sep 10,8,9,2010,yes,yes,yes,yes,no,yes,BURNT BRICKS,IRON SHEETS
20301075,Ntchisi,1,50,06 Feb 11,6,2,2011,59,10 Feb 11,10,2,2011,yes,no,yes,yes,no,yes,COMPACTED EARTH (YAMDINDO),grass
20302432,Ntchisi,2,50,19 Dec 10,19,12,2010,59,22 Jan 11,22,1,2011,yes,no,yes,yes,no,yes,COMPACTED EARTH (YAMDINDO),grass
20302539,Ntchisi,2,50,27 Apr 10,27,4,2010,59,26 May 10,26,5,2010,no,no,no,no,no,yes,COMPACTED EARTH (YAMDINDO),grass
20302592,Ntchisi,2,50,18 Nov 10,18,11,2010,59,19 Nov 10,19,11,2010,yes,no,yes,yes,no,yes,COMPACTED EARTH (YAMDINDO),grass
20303065,Ntchisi,3,50,08 Jun 10,8,6,2010,59,07 Jul 10,7,7,2010,no,no,yes,no,no,yes,COMPACTED EARTH (YAMDINDO),grass
20303447,Ntchisi,3,50,26 Mar 11,26,3,2011,59,27 Mar 11,27,3,2011,yes,no,yes,yes,no,yes,COMPACTED EARTH (YAMDINDO),grass
20303654,Ntchisi,3,50,09 Dec 10,9,12,2010,59,19 Dec 10,19,12,2010,no,no,yes,yes,no,yes,COMPACTED EARTH (YAMDINDO),grass
20304084,Ntchisi,4,50,12 Jul 10,12,7,2010,59,22 Jul 10,22,7,2010,yes,no,yes,yes,no,yes,COMPACTED EARTH (YAMDINDO),grass
20304164,Ntchisi,4,50,11 Oct 10,11,10,2010,59,18 Oct 10,18,10,2010,yes,no,yes,yes,no,yes,COMPACTED EARTH (YAMDINDO),grass
20304285,Ntchisi,4,50,08 Jan 11,8,1,2011,59,22 Jan 11,22,1,2011,no,no,yes,yes,no,yes,COMPACTED EARTH (YAMDINDO),grass
20304314,Ntchisi,4,50,24 Mar 10,24,3,2010,59,26 May 10,26,5,2010,yes,no,yes,yes,no,yes,COMPACTED EARTH (YAMDINDO),grass
20304662,Ntchisi,4,50,10 Feb 11,10,2,2011,59,12 Feb 11,12,2,2011,yes,no,yes,yes,no,yes,COMPACTED EARTH (YAMDINDO),grass
20304680,Ntchisi,4,50,23 Nov 10,23,11,2010,59,25 Nov 10,25,11,2010,yes,no,yes,yes,no,yes,COMPACTED EARTH (YAMDINDO),grass
20305023,Ntchisi,5,50,02 Dec 10,2,12,2010,59,19 Dec 10,19,12,2010,yes,no,yes,yes,no,yes,COMPACTED EARTH (YAMDINDO),CLAY TILES
20305172,Ntchisi,5,50,21 Sep 10,21,9,2010,59,22 Sep 10,22,9,2010,yes,no,yes,yes,no,yes,COMPACTED EARTH (YAMDINDO),grass
20305301,Ntchisi,5,50,26 Aug 10,26,8,2010,59,26 Aug 10,26,8,2010,no,no,yes,yes,no,yes,COMPACTED EARTH (YAMDINDO),grass
20305340,Ntchisi,5,50,06 Jul 10,6,7,2010,59,08 Jul 10,8,7,2010,yes,no,yes,yes,no,yes,COMPACTED EARTH (YAMDINDO),grass
20305382,Ntchisi,5,50,05 Mar 11,5,3,2011,59,06 Mar 11,6,3,2011,yes,no,yes,yes,no,yes,COMPACTED EARTH (YAMDINDO),grass
20305717,Ntchisi,5,50,25 May 10,25,5,2010,59,07 Jul 10,7,7,2010,no,no,yes,no,no,yes,COMPACTED EARTH (YAMDINDO),grass
20306272,Ntchisi,6,50,11 Jan 11,11,1,2011,59,22 Jan 11,22,1,2011,yes,no,yes,yes,no,yes,COMPACTED EARTH (YAMDINDO),grass
20306296,Ntchisi,6,50,29 Mar 10,29,3,2010,59,26 May 10,26,5,2010,no,no,yes,no,no,yes,COMPACTED EARTH (YAMDINDO),grass
20306433,Ntchisi,6,50,23 Jul 10,23,7,2010,59,27 Jul 10,27,7,2010,no,no,yes,yes,no,yes,COMPACTED EARTH (YAMDINDO),grass
20306557,Ntchisi,6,50,20 Jul 10,20,7,2010,59,04 Aug 10,4,8,2010,no,no,yes,yes,no,yes,COMPACTED EARTH (YAMDINDO),grass
20320675,Ntchisi,20,50,09 Aug 10,9,8,2010,59,26 Aug 10,26,8,2010,yes,yes,yes,yes,yes,yes,BURNT BRICKS,IRON SHEETS
20401171,Dowa,1,70,18 Feb 11,18,2,2011,49,22 Feb 11,22,2,2011,no,no,yes,yes,no,yes,BURNT BRICKS,grass
20401627,Dowa,1,70,02 Nov 10,2,11,2010,49,12 Nov 10,12,11,2010,yes,no,yes,yes,no,yes,MUD BRICK (UNFIRED),grass
20401737,Dowa,1,40,23 Apr 10,23,4,2010,49,25 May 10,25,5,2010,no,no,yes,yes,no,yes,COMPACTED EARTH (YAMDINDO),grass
20402045,Dowa,2,70,05 Mar 11,5,3,2011,49,18 Mar 11,18,3,2011,yes,no,yes,yes,no,yes,MUD BRICK (UNFIRED),grass
20402072,Dowa,2,70,16 Oct 10,16,10,2010,49,27 Oct 10,27,10,2010,yes,yes,yes,yes,yes,yes,BURNT BRICKS,IRON SHEETS
20402198,Dowa,2,40,01 Sep 10,1,9,2010,49,20 Sep 10,20,9,2010,yes,no,yes,yes,no,yes,BURNT BRICKS,grass
20402201,Dowa,2,40,14 Jun 10,14,6,2010,49,29 Jun 10,29,6,2010,yes,no,yes,no,no,yes,COMPACTED EARTH (YAMDINDO),grass
20402298,Dowa,2,70,29 Sep 10,29,9,2010,49,06 Oct 10,6,10,2010,yes,no,yes,yes,no,yes,MUD BRICK (UNFIRED),grass
20403049,Dowa,3,70,15 Jan 11,15,1,2011,49,24 Jan 11,24,1,2011,no,yes,yes,yes,no,yes,MUD (YOMATA),grass
20403668,Dowa,3,40,26 Mar 10,26,3,2010,49,25 May 10,25,5,2010,no,no,yes,yes,no,yes,COMPACTED EARTH (YAMDINDO),grass
20403697,Dowa,3,70,11 Oct 10,11,10,2010,49,21 Oct 10,21,10,2010,yes,no,yes,yes,no,yes,MUD BRICK (UNFIRED),grass
20404032,Dowa,4,40,29 Apr 10,29,4,2010,49,25 May 10,25,5,2010,yes,no,yes,yes,no,yes,COMPACTED EARTH (YAMDINDO),grass
20404509,Dowa,4,70,04 Nov 10,4,11,2010,49,16 Nov 10,16,11,2010,yes,no,yes,yes,no,yes,COMPACTED EARTH (YAMDINDO),grass
20404575,Dowa,4,40,31 Aug 10,31,8,2010,49,08 Sep 10,8,9,2010,no,no,yes,no,no,yes,COMPACTED EARTH (YAMDINDO),grass
20404660,Dowa,4,70,28 Jan 11,28,1,2011,49,21 Feb 11,21,2,2011,no,no,no,no,no,yes,COMPACTED EARTH (YAMDINDO),grass
20405132,Dowa,5,70,21 Dec 10,21,12,2010,49,06 Jan 11,6,1,2011,yes,no,yes,yes,no,yes,MUD BRICK (UNFIRED),grass
20405366,Dowa,5,40,09 Jun 10,9,6,2010,49,27 Jun 10,27,6,2010,yes,no,yes,no,no,yes,COMPACTED EARTH (YAMDINDO),grass
20405704,Dowa,5,70,14 Mar 11,14,3,2011,49,21 Mar 11,21,3,2011,no,yes,yes,yes,no,yes,MUD BRICK (UNFIRED),grass
20406177,Dowa,6,70,18 Dec 10,18,12,2010,49,21 Dec 10,21,12,2010,yes,no,yes,yes,no,yes,COMPACTED EARTH (YAMDINDO),grass
20406348,Dowa,6,70,18 Jan 11,18,1,2011,49,31 Jan 11,31,1,2011,yes,no,yes,yes,no,yes,BURNT BRICKS,grass
20406598,Dowa,6,40,28 Jun 10,28,6,2010,49,16 Jul 10,16,7,2010,no,no,yes,yes,no,yes,COMPACTED EARTH (YAMDINDO),grass
20407398,Dowa,7,40,23 Jul 10,23,7,2010,49,06 Aug 10,6,8,2010,yes,no,yes,yes,no,yes,COMPACTED EARTH (YAMDINDO),grass
20407481,Dowa,7,40,01 Apr 10,1,4,2010,49,25 May 10,25,5,2010,yes,no,yes,yes,no,yes,MUD BRICK (UNFIRED),IRON SHEETS
20421229,Dowa,21,40,02 Aug 10,2,8,2010,49,16 Aug 10,16,8,2010,yes,yes,yes,yes,yes,yes,BURNT BRICKS,IRON SHEETS
20501111,Salima,1,80,16 Sep 10,16,9,2010,89,25 Oct 10,25,10,2010,no,no,yes,no,no,yes,MUD BRICK (UNFIRED),grass
20501330,Salima,1,80,16 Sep 10,16,9,2010,89,25 Sep 10,25,9,2010,yes,no,yes,yes,no,yes,BURNT BRICKS,grass
20501664,Salima,1,80,15 Nov 10,15,11,2010,89,24 Nov 10,24,11,2010,no,no,yes,no,no,yes,COMPACTED EARTH (YAMDINDO),grass
20502159,Salima,2,80,18 Nov 10,18,11,2010,89,05 Jan 11,5,1,2011,yes,no,yes,no,yes,yes,BURNT BRICKS,grass
20502240,Salima,2,80,23 Feb 11,23,2,2011,89,20 Mar 11,20,3,2011,no,no,yes,no,no,yes,MUD (YOMATA),grass
20502740,Salima,2,20,14 May 11,14,5,2011,13,15 Jun 11,15,6,2011,no,no,yes,no,yes,yes,BURNT BRICKS,grass
20502758,Salima,2,80,14 Jul 10,14,7,2010,89,29 Jul 10,29,7,2010,no,no,yes,yes,no,yes,MUD BRICK (UNFIRED),grass
20503239,Salima,3,80,06 Apr 10,6,4,2010,89,01 Oct 10,1,10,2010,yes,no,yes,yes,yes,yes,BURNT BRICKS,grass
20503476,Salima,3,80,25 Feb 11,25,2,2011,89,20 Mar 11,20,3,2011,yes,no,yes,yes,no,yes,MUD (YOMATA),grass
20504373,Salima,4,80,06 Oct 10,6,10,2010,89,20 Oct 10,20,10,2010,no,no,yes,no,yes,yes,MUD BRICK (UNFIRED),grass
20504729,Salima,4,80,08 Nov 10,8,11,2010,89,20 Oct 10,20,10,2010,no,no,yes,yes,no,yes,MUD BRICK (UNFIRED),grass
20505317,Salima,5,80,09 May 10,9,5,2010,89,19 May 10,19,5,2010,yes,no,yes,yes,no,yes,BURNT BRICKS,grass
20505648,Salima,5,80,22 Feb 11,22,2,2011,89,20 Mar 11,20,3,2011,no,no,yes,yes,no,no,MUD (YOMATA),grass
20506412,Salima,6,80,22 Nov 10,22,11,2010,89,11 Jan 10,11,1,2010,no,no,yes,no,no,yes,BURNT BRICKS,grass
20507089,Salima,7,80,18 Sep 10,18,9,2010,89,25 Oct 10,25,10,2010,no,no,no,no,no,yes,MUD BRICK (UNFIRED),grass
20507371,Salima,7,80,20 Feb 11,20,2,2011,89,20 Mar 11,20,3,2011,no,no,yes,yes,no,yes,MUD (YOMATA),grass
20507422,Salima,7,80,27 Aug 10,27,8,2010,89,05 Jan 11,5,1,2011,yes,no,yes,yes,yes,yes,BURNT BRICKS,grass
20507459,Salima,7,80,11 Jun 10,11,6,2010,89,01 Oct 10,1,10,2010,no,no,yes,no,no,yes,MUD BRICK (UNFIRED),grass
20507571,Salima,7,80,15 Jul 10,15,7,2010,89,29 Jul 10,29,7,2010,yes,no,yes,yes,no,yes,MUD BRICK (UNFIRED),grass
20508349,Salima,8,80,11 Apr 10,11,4,2010,89,08 May 10,8,5,2010,yes,no,yes,no,no,yes,MUD (YOMATA),grass
20508547,Salima,8,80,18 Feb 11,18,2,2011,89,10 Mar 11,10,3,2011,no,no,yes,no,no,yes,MUD BRICK (UNFIRED),grass
20510584,Salima,10,80,10 Oct 10,10,10,2010,89,20 Oct 10,20,10,2010,no,no,yes,no,no,yes,MUD BRICK (UNFIRED),grass
20520255,Salima,20,80,24 Feb 11,24,2,2011,89,16 Mar 11,16,3,2011,yes,yes,yes,yes,yes,yes,BURNT BRICKS,IRON SHEETS
20520582,Salima,20,80,18 Nov 10,18,11,2010,89,24 Nov 10,24,11,2010,yes,no,yes,yes,no,yes,BURNT BRICKS,grass
20601141,Lilongwe,1,60,06 May 10,6,5,2010,690,07 Jul 10,7,7,2010,no,no,no,no,no,yes,COMPACTED EARTH (YAMDINDO),grass
20601626,Lilongwe,1,60,07 Aug 10,7,8,2010,690,13 Aug 10,13,8,2010,yes,yes,yes,yes,yes,yes,BURNT BRICKS,IRON SHEETS
20601658,Lilongwe,1,60,15 Nov 10,15,11,2010,691,21 Nov 10,21,11,2010,no,no,yes,no,no,yes,MUD BRICK (UNFIRED),grass
20601701,Lilongwe,1,60,19 Jan 11,19,1,2011,691,22 Feb 11,22,2,2011,yes,no,yes,no,no,yes,grass,grass
20602363,Lilongwe,2,60,08 Jul 10,8,7,2010,690,21 Sep 10,21,9,2010,yes,no,yes,no,yes,yes,MUD BRICK (UNFIRED),IRON SHEETS
20602479,Lilongwe,2,60,17 Jun 10,17,6,2010,690,20 Jul 10,20,7,2010,yes,no,yes,no,no,yes,BURNT BRICKS,grass
20602607,Lilongwe,2,60,30 Nov 10,30,11,2010,691,08 Dec 10,8,12,2010,yes,no,yes,yes,no,yes,COMPACTED EARTH (YAMDINDO),grass
20602617,Lilongwe,2,60,28 Feb 11,28,2,2011,691,07 Mar 11,7,3,2011,no,yes,yes,no,no,yes,COMPACTED EARTH (YAMDINDO),grass
20603090,Lilongwe,3,60,28 Jul 10,28,7,2010,690,14 Aug 10,14,8,2010,no,no,yes,no,no,yes,MUD BRICK (UNFIRED),grass
20603121,Lilongwe,3,60,07 Jan 11,7,1,2011,691,23 Jan 11,23,1,2011,no,no,yes,no,no,yes,COMPACTED EARTH (YAMDINDO),grass
20603133,Lilongwe,3,60,25 Nov 10,25,11,2010,691,01 Dec 10,1,12,2010,no,no,yes,no,no,yes,COMPACTED EARTH (YAMDINDO),grass
20603189,Lilongwe,3,60,25 Mar 10,25,3,2010,690,09 Jul 10,9,7,2010,no,no,yes,yes,no,yes,MUD BRICK (UNFIRED),IRON SHEETS
20603337,Lilongwe,3,60,09 Jul 10,9,7,2010,690,28 Jul 10,28,7,2010,no,no,yes,no,no,yes,COMPACTED EARTH (YAMDINDO),grass
20603455,Lilongwe,3,60,24 Feb 11,24,2,2011,691,07 Mar 11,7,3,2011,no,no,yes,no,no,yes,grass,grass
20603533,Lilongwe,3,60,02 Jun 10,2,6,2010,690,07 Jul 10,7,7,2010,yes,yes,yes,yes,yes,yes,BURNT BRICKS,IRON SHEETS
20604071,Lilongwe,4,60,20 Dec 10,20,12,2010,691,22 Dec 10,22,12,2010,yes,no,yes,no,no,yes,COMPACTED EARTH (YAMDINDO),grass
20604376,Lilongwe,4,60,01 Mar 11,1,3,2011,691,07 Mar 11,7,3,2011,yes,yes,yes,yes,yes,yes,BURNT BRICKS,IRON SHEETS
20604638,Lilongwe,4,60,05 Aug 10,5,8,2010,690,14 Aug 10,14,8,2010,yes,no,yes,no,no,yes,grass,grass
20605302,Lilongwe,5,60,14 Jun 10,14,6,2010,690,07 Jul 10,7,7,2010,yes,no,yes,no,no,yes,COMPACTED EARTH (YAMDINDO),grass
20606168,Lilongwe,6,60,29 Nov 10,29,11,2010,691,08 Dec 10,8,12,2010,yes,no,yes,no,no,yes,COMPACTED EARTH (YAMDINDO),grass
20606297,Lilongwe,6,60,25 Oct 10,25,10,2010,690,28 Oct 10,28,10,2010,no,no,yes,no,no,yes,COMPACTED EARTH (YAMDINDO),grass
20607260,Lilongwe,7,60,23 Jul 10,23,7,2010,690,14 Aug 10,14,8,2010,yes,no,yes,yes,no,yes,MUD BRICK (UNFIRED),IRON SHEETS
20607315,Lilongwe,7,60,31 Mar 10,31,3,2010,690,07 Jul 10,7,7,2010,yes,no,yes,yes,yes,yes,MUD BRICK (UNFIRED),grass
20607733,Lilongwe,7,60,01 Jan 11,1,1,2011,691,23 Jan 11,23,1,2011,no,no,yes,no,no,yes,MUD BRICK (UNFIRED),grass
20608499,Lilongwe,8,60,10 Nov 10,10,11,2010,691,15 Nov 10,15,11,2010,yes,no,yes,no,no,yes,MUD (YOMATA),grass
20609754,Lilongwe,9,60,25 Feb 11,25,2,2011,691,07 Mar 11,7,3,2011,no,yes,yes,no,no,yes,COMPACTED EARTH (YAMDINDO),grass
20610050,Lilongwe,10,60,24 May 10,24,5,2010,690,07 Jul 10,7,7,2010,yes,no,yes,no,no,yes,COMPACTED EARTH (YAMDINDO),grass
20610249,Lilongwe,10,60,20 Sep 10,20,9,2010,690,21 Sep 10,21,9,2010,no,no,yes,no,no,yes,MUD (YOMATA),grass
20611336,Lilongwe,11,60,02 Dec 10,2,12,2010,691,08 Dec 10,8,12,2010,yes,no,yes,yes,yes,yes,BURNT BRICKS,grass
20612564,Lilongwe,12,60,03 Mar 11,3,3,2011,691,07 Mar 11,7,3,2011,yes,no,yes,no,yes,yes,COMPACTED EARTH (YAMDINDO),grass
20613324,Lilongwe,13,60,08 Jun 10,8,6,2010,690,05 Jul 10,5,7,2010,no,no,yes,no,no,yes,MUD BRICK (UNFIRED),grass
20614477,Lilongwe,14,60,13 Sep 10,13,9,2010,690,21 Sep 10,21,9,2010,yes,no,no,no,no,yes,MUD BRICK (UNFIRED),grass
20614589,Lilongwe,14,60,07 Oct 10,7,10,2010,690,25 Oct 10,25,10,2010,no,no,yes,yes,no,yes,COMPACTED EARTH (YAMDINDO),grass
20615064,Lilongwe,15,60,06 Apr 10,6,4,2010,690,05 Jul 10,5,7,2010,yes,no,yes,no,no,yes,COMPACTED EARTH (YAMDINDO),grass
20615735,Lilongwe,15,60,01 Jul 10,1,7,2010,690,14 Aug 10,14,8,2010,no,no,yes,no,no,yes,MUD BRICK (UNFIRED),grass
20615752,Lilongwe,15,60,11 Jan 11,11,1,2011,691,23 Jan 11,23,1,2011,yes,no,yes,no,no,yes,COMPACTED EARTH (YAMDINDO),grass
20701527,Mchinji,1,60,19 May 10,19,5,2010,690,20 Jul 10,20,7,2010,no,no,yes,no,no,yes,BURNT BRICKS,grass
20701659,Mchinji,1,60,16 Mar 11,16,3,2011,691,19 Mar 11,19,3,2011,no,no,yes,yes,yes,yes,BURNT BRICKS,IRON SHEETS
20702011,Mchinji,2,40,01 Mar 11,1,3,2011,79,03 Mar 11,3,3,2011,yes,no,yes,yes,no,yes,BURNT BRICKS,IRON SHEETS
20702282,Mchinji,2,70,04 Jun 10,4,6,2010,79,04 Jun 10,4,6,2010,no,no,yes,yes,no,yes,BURNT BRICKS,grass
20702464,Mchinji,2,40,19 Nov 10,19,11,2010,79,20 Nov 10,20,11,2010,yes,no,yes,yes,no,yes,BURNT BRICKS,grass
20702471,Mchinji,2,40,06 Oct 10,6,10,2010,79,12 Oct 10,12,10,2010,yes,no,yes,yes,no,yes,BURNT BRICKS,grass
20702542,Mchinji,2,40,08 Oct 10,8,10,2010,79,10 Oct 10,10,10,2010,yes,no,yes,yes,yes,yes,MUD BRICK (UNFIRED),grass
20703025,Mchinji,3,60,05 Jul 10,5,7,2010,690,28 Jul 10,28,7,2010,no,no,yes,no,no,yes,MUD BRICK (UNFIRED),grass
20703083,Mchinji,3,60,04 Nov 10,4,11,2010,691,10 Nov 10,10,11,2010,yes,no,yes,yes,no,yes,BURNT BRICKS,grass
20703316,Mchinji,3,60,12 Oct 10,12,10,2010,690,25 Oct 10,25,10,2010,no,no,yes,no,no,yes,MUD (YOMATA),grass
20703565,Mchinji,3,60,02 May 10,2,5,2010,690,20 Jul 10,20,7,2010,no,no,yes,no,yes,yes,MUD BRICK (UNFIRED),grass
20703595,Mchinji,3,60,13 Jan 11,13,1,2011,691,20 Jan 11,20,1,2011,yes,no,yes,yes,no,yes,BURNT BRICKS,IRON SHEETS
20704037,Mchinji,4,40,11 Nov 10,11,11,2010,79,19 Nov 10,19,11,2010,yes,no,yes,yes,no,yes,BURNT BRICKS,grass
20704289,Mchinji,4,40,26 Nov 10,26,11,2010,79,02 Dec 10,2,12,2010,yes,no,yes,yes,no,yes,BURNT BRICKS,grass
20704353,Mchinji,4,40,21 Feb 11,21,2,2011,79,28 Feb 11,28,2,2011,yes,no,yes,yes,no,yes,COMPACTED EARTH (YAMDINDO),grass
20704738,Mchinji,4,70,13 May 10,13,5,2010,79,02 Jul 10,2,7,2010,no,no,no,no,no,yes,COMPACTED EARTH (YAMDINDO),grass
20705328,Mchinji,5,60,08 Mar 11,8,3,2011,691,15 Mar 11,15,3,2011,yes,no,no,no,no,yes,,
20705372,Mchinji,5,70,07 Jul 10,7,7,2010,79,01 Aug 10,1,8,2010,no,no,yes,yes,no,yes,COMPACTED EARTH (YAMDINDO),grass
20705495,Mchinji,5,40,07 Oct 11,7,10,2011,79,11 Jan 11,11,1,2011,yes,yes,yes,yes,yes,yes,BURNT BRICKS,IRON SHEETS
20705652,Mchinji,5,40,01 Dec 10,1,12,2010,79,05 Dec 10,5,12,2010,yes,no,yes,yes,no,yes,COMPACTED EARTH (YAMDINDO),grass
20705657,Mchinji,5,40,18 Oct 10,18,10,2010,79,30 Oct 10,30,10,2010,yes,no,yes,yes,no,yes,COMPACTED EARTH (YAMDINDO),grass
20706163,Mchinji,6,60,30 Apr 10,30,4,2010,690,20 Jul 10,20,7,2010,no,no,yes,no,no,yes,MUD (YOMATA),grass
20706294,Mchinji,6,60,11 Oct 10,11,10,2010,690,25 Oct 10,25,10,2010,yes,no,yes,yes,no,yes,MUD (YOMATA),grass
20720368,Mchinji,20,70,01 Sep 10,1,9,2010,79,10 Sep 10,10,9,2010,yes,yes,yes,yes,yes,yes,BURNT BRICKS,IRON SHEETS
20801046,Dedza,1,80,02 Nov 10,2,11,2010,89,08 Nov 10,8,11,2010,yes,no,yes,no,no,yes,MUD BRICK (UNFIRED),grass
20801208,Dedza,1,80,20 Jul 10,20,7,2010,89,30 Jul 10,30,7,2010,yes,no,yes,yes,no,yes,BURNT BRICKS,grass
20801271,Dedza,1,80,04 Nov 10,4,11,2010,89,08 Nov 10,8,11,2010,no,no,yes,yes,no,yes,COMPACTED EARTH (YAMDINDO),grass
20801356,Dedza,1,80,14 Mar 11,14,3,2011,89,21 Mar 11,21,3,2011,no,no,no,no,no,yes,MUD (YOMATA),grass
20801497,Dedza,1,80,31 Jan 11,31,1,2011,89,21 Jan 11,21,1,2011,no,no,yes,no,no,yes,COMPACTED EARTH (YAMDINDO),grass
20802019,Dedza,2,80,05 Oct 10,5,10,2010,89,06 Oct 10,6,10,2010,no,no,no,no,no,yes,COMPACTED EARTH (YAMDINDO),grass
20802041,Dedza,2,80,26 Aug 10,26,8,2010,89,06 Oct 10,6,10,2010,yes,no,yes,yes,no,yes,COMPACTED EARTH (YAMDINDO),grass
20802501,Dedza,2,80,02 Jun 10,2,6,2010,89,30 Jul 10,30,7,2010,no,no,yes,no,no,yes,COMPACTED EARTH (YAMDINDO),grass
20803155,Dedza,3,80,10 Jan 11,10,1,2011,89,04 Feb 11,4,2,2011,no,no,yes,yes,no,yes,COMPACTED EARTH (YAMDINDO),grass
20803156,Dedza,3,80,31 Jul 10,31,7,2010,89,08 Nov 10,8,11,2010,yes,no,yes,no,no,yes,COMPACTED EARTH (YAMDINDO),grass
20803503,Dedza,3,80,12 Jan 11,12,1,2011,89,21 Jan 11,21,1,2011,no,no,no,no,no,yes,COMPACTED EARTH (YAMDINDO),grass
20803599,Dedza,3,80,09 Nov 10,9,11,2010,89,01 Dec 10,1,12,2010,yes,no,yes,yes,no,yes,BURNT BRICKS,grass
20803731,Dedza,3,80,27 Mar 10,27,3,2010,89,30 Jul 10,30,7,2010,no,no,yes,no,no,yes,COMPACTED EARTH (YAMDINDO),grass
20804405,Dedza,4,80,18 May 10,18,5,2010,89,30 Jul 10,30,7,2010,no,no,yes,yes,no,yes,BURNT BRICKS,grass
20804768,Dedza,4,80,03 Apr 10,3,4,2010,89,24 Mar 11,24,3,2011,no,no,yes,yes,no,yes,COMPACTED EARTH (YAMDINDO),grass
20805345,Dedza,5,80,21 Dec 10,21,12,2010,89,05 Jan 11,5,1,2011,yes,no,yes,yes,no,yes,BURNT BRICKS,grass
20806131,Dedza,6,80,16 Jun 10,16,6,2010,89,30 Jul 10,30,7,2010,no,no,no,no,no,no,COMPACTED EARTH (YAMDINDO),grass
20806546,Dedza,6,80,27 Nov 10,27,11,2010,89,07 Dec 10,7,12,2010,yes,no,yes,no,no,yes,COMPACTED EARTH (YAMDINDO),grass
20806716,Dedza,6,80,08 Mar 11,8,3,2011,89,21 Mar 11,21,3,2011,yes,no,yes,yes,no,yes,MUD (YOMATA),grass
20807711,Dedza,7,80,20 Jul 10,20,7,2010,89,29 Jul 10,29,7,2010,no,no,yes,no,no,yes,BURNT BRICKS,grass
20807727,Dedza,7,80,11 Apr 10,11,4,2010,89,18 May 10,18,5,2010,no,no,yes,no,no,yes,COMPACTED EARTH (YAMDINDO),grass
20807728,Dedza,7,80,11 Mar 11,11,3,2011,89,21 Mar 11,21,3,2011,no,no,yes,no,no,yes,MUD BRICK (UNFIRED),grass
20808421,Dedza,8,80,29 Jul 10,29,7,2010,89,20 Sep 10,20,9,2010,no,no,yes,no,no,yes,COMPACTED EARTH (YAMDINDO),grass
20820318,Dedza,20,20,30 May 11,30,5,2011,,,,,,yes,yes,yes,yes,yes,yes,BURNT BRICKS,IRON SHEETS
20901232,Ntcheu,1,90,03 Feb 11,3,2,2011,99,04 Feb 11,4,2,2011,yes,no,yes,yes,no,yes,BURNT BRICKS,grass
20901276,Ntcheu,1,90,29 Apr 10,29,4,2010,99,21 May 10,21,5,2010,yes,no,yes,no,no,yes,BURNT BRICKS,grass
20902437,Ntcheu,2,90,18 Mar 11,18,3,2011,99,21 Mar 11,21,3,2011,no,no,yes,no,no,yes,MUD BRICK (UNFIRED),grass
20902449,Ntcheu,2,90,22 Nov 10,22,11,2010,99,05 Dec 10,5,12,2010,yes,no,yes,yes,no,yes,MUD BRICK (UNFIRED),grass
20902461,Ntcheu,2,90,03 Sep 10,3,9,2010,99,14 Sep 10,14,9,2010,no,no,yes,no,no,yes,MUD BRICK (UNFIRED),grass
20903543,Ntcheu,3,90,26 Jun 10,26,6,2010,99,07 Jul 10,7,7,2010,yes,no,yes,no,no,yes,BURNT BRICKS,grass
20903583,Ntcheu,3,90,30 Sep 10,30,9,2010,99,11 Oct 10,11,10,2010,yes,no,yes,yes,no,yes,MUD BRICK (UNFIRED),grass
20904018,Ntcheu,4,90,07 Oct 10,7,10,2010,99,18 Oct 10,18,10,2010,yes,no,yes,no,no,yes,MUD BRICK (UNFIRED),grass
20904160,Ntcheu,4,90,26 Mar 10,26,3,2010,99,21 May 10,21,5,2010,yes,no,yes,yes,no,yes,MUD BRICK (UNFIRED),grass
20904342,Ntcheu,4,90,18 Oct 10,18,10,2010,99,21 Oct 10,21,10,2010,yes,no,yes,yes,no,yes,MUD BRICK (UNFIRED),grass
20904602,Ntcheu,4,90,13 Jan 11,13,1,2011,99,18 Jan 11,18,1,2011,yes,no,yes,yes,no,yes,MUD BRICK (UNFIRED),grass
20905295,Ntcheu,5,90,11 Nov 10,11,11,2010,99,18 Nov 10,18,11,2010,yes,no,yes,yes,no,yes,MUD BRICK (UNFIRED),grass
20906110,Ntcheu,6,90,26 Jan 11,26,1,2011,99,02 Feb 11,2,2,2011,yes,no,yes,yes,yes,yes,BURNT BRICKS,IRON SHEETS
20906524,Ntcheu,6,90,17 May 10,17,5,2010,99,25 May 10,25,5,2010,yes,no,yes,no,no,yes,BURNT BRICKS,IRON SHEETS
20906605,Ntcheu,6,90,16 Aug 10,16,8,2010,99,29 Aug 10,29,8,2010,yes,no,yes,yes,no,yes,BURNT BRICKS,grass
20907238,Ntcheu,7,90,20 Dec 10,20,12,2010,99,23 Dec 10,23,12,2010,yes,no,yes,yes,yes,yes,MUD BRICK (UNFIRED),grass
20908051,Ntcheu,8,90,16 Jul 10,16,7,2010,99,19 Jul 10,19,7,2010,yes,no,yes,no,no,yes,MUD BRICK (UNFIRED),grass
20908088,Ntcheu,8,90,05 Apr 10,5,4,2010,99,21 May 10,21,5,2010,yes,no,yes,yes,no,yes,MUD BRICK (UNFIRED),grass
20908119,Ntcheu,8,90,12 Jun 10,12,6,2010,99,06 Jul 10,6,7,2010,no,no,yes,yes,no,yes,MUD BRICK (UNFIRED),grass
20908293,Ntcheu,8,90,06 Jan 10,6,1,2010,99,09 Jan 10,9,1,2010,yes,no,yes,yes,no,yes,MUD BRICK (UNFIRED),grass
20908329,Ntcheu,8,90,13 Dec 10,13,12,2010,99,23 Dec 10,23,12,2010,yes,no,yes,yes,no,yes,MUD BRICK (UNFIRED),grass
20908538,Ntcheu,8,90,28 Feb 11,28,2,2011,99,05 Mar 11,5,3,2011,yes,no,yes,yes,no,yes,MUD BRICK (UNFIRED),grass
20909113,Ntcheu,9,90,28 Jul 10,28,7,2010,99,10 Aug 10,10,8,2010,yes,no,yes,no,no,yes,MUD BRICK (UNFIRED),grass
20920520,Ntcheu,20,90,12 Aug 10,12,8,2010,99,29 Aug 10,29,8,2010,no,yes,yes,yes,yes,yes,BURNT BRICKS,IRON SHEETS
21031643,Lilongwe City,31,40,04 Nov 10,4,11,2010,79,14 Nov 10,14,11,2010,yes,no,yes,yes,yes,yes,MUD BRICK (UNFIRED),IRON SHEETS
21037030,Lilongwe City,37,70,28 Aug 10,28,8,2010,79,21 Sep 10,21,9,2010,yes,yes,yes,yes,yes,yes,BURNT BRICKS,IRON SHEETS
21037224,Lilongwe City,37,40,17 Feb 11,17,2,2011,79,24 Feb 11,24,2,2011,yes,yes,yes,yes,yes,yes,MUD BRICK (UNFIRED),IRON SHEETS
21037536,Lilongwe City,37,70,26 Apr 10,26,4,2010,79,22 Jun 10,22,6,2010,yes,yes,yes,yes,yes,yes,BURNT BRICKS,IRON SHEETS
21038392,Lilongwe City,38,40,08 Mar 11,8,3,2011,79,12 Mar 11,12,3,2011,yes,yes,yes,yes,yes,yes,COMPACTED EARTH (YAMDINDO),IRON SHEETS
21038763,Lilongwe City,38,40,20 Dec 10,20,12,2010,79,21 Dec 10,21,12,2010,yes,yes,yes,yes,yes,yes,BURNT BRICKS,IRON SHEETS
21048764,Lilongwe City,48,70,18 Jul 10,18,7,2010,79,04 Aug 10,4,8,2010,yes,yes,yes,yes,yes,yes,BURNT BRICKS,IRON SHEETS
21051203,Lilongwe City,51,40,04 Oct 10,4,10,2010,79,10 Oct 10,10,10,2010,yes,yes,yes,yes,yes,yes,BURNT BRICKS,IRON SHEETS
21051517,Lilongwe City,51,40,20 Oct 10,20,10,2010,79,31 Oct 10,31,10,2010,yes,yes,yes,yes,yes,yes,BURNT BRICKS,IRON SHEETS
21052427,Lilongwe City,52,70,30 Mar 10,30,3,2010,79,22 Jun 10,22,6,2010,yes,yes,yes,yes,yes,yes,BURNT BRICKS,IRON SHEETS
21052642,Lilongwe City,52,40,18 Jan 11,18,1,2011,79,20 Jan 11,20,1,2011,yes,yes,yes,yes,yes,yes,BURNT BRICKS,IRON SHEETS
21053430,Lilongwe City,53,70,27 Aug 10,27,8,2010,79,10 Sep 10,10,9,2010,yes,yes,yes,yes,yes,yes,BURNT BRICKS,IRON SHEETS
21053745,Lilongwe City,53,70,27 Jul 10,27,7,2010,79,04 Aug 10,4,8,2010,yes,yes,yes,yes,yes,yes,BURNT BRICKS,IRON SHEETS
21054673,Lilongwe City,54,40,24 Jan 11,24,1,2011,79,26 Jan 11,26,1,2011,yes,yes,yes,yes,yes,yes,MUD BRICK (UNFIRED),IRON SHEETS
21055165,Lilongwe City,55,40,10 Dec 10,10,12,2010,79,21 Dec 10,21,12,2010,yes,yes,yes,yes,yes,yes,BURNT BRICKS,IRON SHEETS
21055241,Lilongwe City,55,70,14 Sep 10,14,9,2010,79,15 Sep 10,15,9,2010,yes,yes,yes,yes,yes,yes,BURNT BRICKS,IRON SHEETS
21055693,Lilongwe City,55,70,29 May 10,29,5,2010,79,22 Jun 10,22,6,2010,yes,yes,yes,yes,yes,yes,BURNT BRICKS,IRON SHEETS
21056222,Lilongwe City,56,40,10 Mar 11,10,3,2011,79,11 Mar 11,11,3,2011,yes,no,yes,yes,no,yes,MUD BRICK (UNFIRED),grass
21066096,Lilongwe City,66,40,27 Sep 10,27,9,2010,79,10 Oct 10,10,10,2010,yes,yes,yes,yes,yes,yes,MUD BRICK (UNFIRED),IRON SHEETS
21066339,Lilongwe City,66,70,08 Jun 10,8,6,2010,79,22 Jun 10,22,6,2010,no,no,yes,yes,yes,yes,MUD BRICK (UNFIRED),IRON SHEETS
21066478,Lilongwe City,66,40,28 Oct 10,28,10,2010,79,31 Oct 10,31,10,2010,yes,no,yes,yes,yes,yes,BURNT BRICKS,grass
21069400,Lilongwe City,69,40,07 Jan 11,7,1,2011,79,12 Jan 11,12,1,2011,yes,no,yes,yes,no,yes,MUD BRICK (UNFIRED),grass
21074510,Lilongwe City,74,70,09 Apr 10,9,4,2010,79,21 Jun 10,21,6,2010,no,no,no,yes,no,no,MUD BRICK (UNFIRED),IRON SHEETS
21077725,Lilongwe City,77,70,07 Aug 10,7,8,2010,79,30 Aug 10,30,8,2010,yes,yes,yes,yes,yes,yes,BURNT BRICKS,IRON SHEETS
21079006,Lilongwe City,79,70,13 Sep 10,13,9,2010,79,15 Sep 10,15,9,2010,yes,yes,yes,yes,yes,yes,BURNT BRICKS,IRON SHEETS
21080308,Lilongwe City,80,70,24 Apr 10,24,4,2010,,,,,,no,no,yes,yes,yes,yes,MUD BRICK (UNFIRED),IRON SHEETS
21080755,Lilongwe City,80,40,27 Jan 11,27,1,2011,79,08 Feb 11,8,2,2011,yes,yes,yes,yes,yes,yes,MUD BRICK (UNFIRED),IRON SHEETS
21081573,Lilongwe City,81,70,16 Sep 10,16,9,2010,79,21 Sep 10,21,9,2010,no,no,yes,yes,yes,yes,MUD BRICK (UNFIRED),IRON SHEETS
21083535,Lilongwe City,83,40,06 Dec 10,6,12,2010,79,08 Dec 10,8,12,2010,yes,no,yes,yes,yes,yes,MUD BRICK (UNFIRED),IRON SHEETS
21085094,Lilongwe City,85,40,04 Mar 11,4,3,2011,79,07 Mar 11,7,3,2011,yes,no,yes,yes,no,yes,MUD BRICK (UNFIRED),grass
21086069,Lilongwe City,86,40,24 Sep 10,24,9,2010,79,29 Sep 10,29,9,2010,yes,no,yes,yes,yes,yes,MUD BRICK (UNFIRED),IRON SHEETS
21086436,Lilongwe City,86,70,12 Jul 10,12,7,2010,79,01 Aug 10,1,8,2010,no,no,yes,yes,yes,yes,MUD BRICK (UNFIRED),IRON SHEETS
21087057,Lilongwe City,87,40,25 Oct 10,25,10,2010,79,30 Oct 10,30,10,2010,yes,yes,yes,yes,yes,yes,MUD BRICK (UNFIRED),IRON SHEETS
21087531,Lilongwe City,87,70,25 Mar 10,25,3,2010,79,22 Jun 10,22,6,2010,no,no,yes,yes,yes,yes,BURNT BRICKS,IRON SHEETS
21087736,Lilongwe City,87,40,11 Jan 11,11,1,2011,79,17 Jan 11,17,1,2011,yes,yes,yes,yes,yes,yes,MUD BRICK (UNFIRED),IRON SHEETS
21088597,Lilongwe City,88,70,12 Aug 10,12,8,2010,79,03 Sep 10,3,9,2010,yes,no,yes,yes,yes,yes,BURNT BRICKS,IRON SHEETS
30101280,Mangochi,1,100,04 Apr 10,4,4,2010,109,05 Jul 10,5,7,2010,no,no,no,yes,yes,yes,MUD BRICK (UNFIRED),grass
30101545,Mangochi,1,100,07 Sep 10,7,9,2010,109,08 Sep 10,8,9,2010,yes,no,yes,yes,yes,yes,BURNT BRICKS,grass
30101552,Mangochi,1,150,28 Jan 11,28,1,2011,109,01 Feb 11,1,2,2011,no,no,yes,no,no,yes,MUD BRICK (UNFIRED),grass
30102028,Mangochi,2,100,08 Jul 10,8,7,2010,109,20 Jul 10,20,7,2010,yes,no,yes,yes,yes,yes,BURNT BRICKS,grass
30102540,Mangochi,2,150,15 Nov 10,15,11,2010,109,18 Nov 10,18,11,2010,no,no,yes,no,no,no,MUD BRICK (UNFIRED),grass
30102632,Mangochi,2,150,04 Mar 11,4,3,2011,109,05 Mar 11,5,3,2011,no,no,yes,no,no,yes,MUD BRICK (UNFIRED),grass
30102641,Mangochi,2,150,30 Nov 10,30,11,2010,109,06 Dec 10,6,12,2010,no,no,yes,no,no,yes,MUD BRICK (UNFIRED),grass
30103021,Mangochi,3,150,11 Jan 11,11,1,2011,109,13 Jan 11,13,1,2011,no,no,yes,no,no,yes,MUD BRICK (UNFIRED),grass
30103074,Mangochi,3,100,26 Apr 10,26,4,2010,109,05 Jul 10,5,7,2010,no,no,no,yes,yes,yes,MUD BRICK (UNFIRED),grass
30103420,Mangochi,3,150,22 Oct 10,22,10,2010,109,28 Oct 10,28,10,2010,yes,no,yes,yes,no,yes,MUD BRICK (UNFIRED),grass
30104022,Mangochi,4,150,18 Nov 10,18,11,2010,109,20 Nov 10,20,11,2010,yes,no,yes,yes,no,yes,MUD BRICK (UNFIRED),grass
30104040,Mangochi,4,150,25 Feb 11,25,2,2011,109,28 Feb 11,28,2,2011,yes,yes,yes,yes,yes,yes,BURNT BRICKS,IRON SHEETS
30104708,Mangochi,4,100,21 Jul 10,21,7,2010,109,29 Jul 10,29,7,2010,yes,no,yes,yes,yes,yes,MUD BRICK (UNFIRED),grass
30105325,Mangochi,5,100,14 May 10,14,5,2010,109,05 Jul 10,5,7,2010,yes,no,yes,yes,yes,yes,BURNT BRICKS,grass
30105448,Mangochi,5,100,03 Sep 10,3,9,2010,109,09 Sep 10,9,9,2010,no,no,yes,no,no,yes,MUD BRICK (UNFIRED),grass
30106005,Mangochi,6,150,02 Mar 11,2,3,2011,109,03 Mar 11,3,3,2011,no,no,yes,no,no,yes,MUD BRICK (UNFIRED),grass
30106331,Mangochi,6,150,03 Dec 10,3,12,2010,109,08 Dec 10,8,12,2010,yes,no,yes,yes,yes,yes,BURNT BRICKS,grass
30106750,Mangochi,6,100,06 Jun 10,6,6,2010,109,05 Jul 10,5,7,2010,no,no,yes,yes,yes,yes,MUD BRICK (UNFIRED),grass
30107395,Mangochi,7,100,09 Jul 10,9,7,2010,109,29 Jul 10,29,7,2010,yes,yes,yes,yes,yes,yes,MUD BRICK (UNFIRED),grass
30107624,Mangochi,7,150,14 Nov 10,14,11,2010,109,18 Nov 10,18,11,2010,no,no,yes,no,no,no,MUD BRICK (UNFIRED),grass
30108117,Mangochi,8,150,18 Jan 11,18,1,2011,109,21 Jan 11,21,1,2011,yes,no,yes,no,no,yes,MUD BRICK (UNFIRED),grass
30108401,Mangochi,8,100,23 Mar 10,23,3,2010,109,05 Jul 10,5,7,2010,no,no,no,yes,no,yes,MUD BRICK (UNFIRED),grass
30109724,Mangochi,9,100,22 Jul 10,22,7,2010,109,29 Jul 10,29,7,2010,no,no,yes,no,yes,yes,MUD BRICK (UNFIRED),grass
30120262,Mangochi,20,150,24 Nov 10,24,11,2010,109,24 Nov 10,24,11,2010,yes,yes,yes,yes,yes,yes,MUD BRICK (UNFIRED),IRON SHEETS
30201076,Machinga,1,150,06 Oct 10,6,10,2010,109,09 Oct 10,9,10,2010,yes,no,yes,yes,no,yes,MUD BRICK (UNFIRED),grass
30201146,Machinga,1,150,04 Nov 10,4,11,2010,109,04 Nov 10,4,11,2010,no,no,yes,no,no,yes,MUD BRICK (UNFIRED),grass
30201498,Machinga,1,150,22 Feb 11,22,2,2011,109,23 Feb 11,23,2,2011,yes,no,yes,no,no,yes,MUD BRICK (UNFIRED),grass
30201587,Machinga,1,100,06 Apr 10,6,4,2010,109,06 Jul 10,6,7,2010,yes,no,yes,no,yes,yes,MUD BRICK (UNFIRED),grass
30202252,Machinga,2,100,05 Jun 10,5,6,2010,109,31 Aug 10,31,8,2010,yes,yes,yes,yes,yes,yes,BURNT BRICKS,grass
30202403,Machinga,2,150,15 Mar 11,15,3,2011,109,16 Mar 11,16,3,2011,no,no,no,no,no,no,MUD BRICK (UNFIRED),grass
30203044,Machinga,3,100,13 Jul 10,13,7,2010,109,20 Jul 10,20,7,2010,yes,yes,yes,yes,yes,yes,MUD BRICK (UNFIRED),grass
30203122,Machinga,3,150,22 Dec 10,22,12,2010,109,23 Dec 10,23,12,2010,no,no,no,no,no,no,MUD BRICK (UNFIRED),grass
30203142,Machinga,3,150,14 Jan 11,14,1,2011,109,17 Jan 11,17,1,2011,yes,no,yes,no,no,yes,MUD BRICK (UNFIRED),grass
30203256,Machinga,3,100,30 Mar 10,30,3,2010,109,06 Jul 10,6,7,2010,no,no,yes,yes,yes,yes,MUD BRICK (UNFIRED),grass
30203767,Machinga,3,150,14 Oct 10,14,10,2010,109,22 Oct 10,22,10,2010,no,no,yes,yes,no,yes,MUD BRICK (UNFIRED),grass
30204126,Machinga,4,150,11 Nov 10,11,11,2010,109,15 Nov 10,15,11,2010,yes,no,yes,yes,no,yes,MUD BRICK (UNFIRED),grass
30205702,Machinga,5,150,18 Feb 11,18,2,2011,109,22 Feb 11,22,2,2011,yes,no,yes,yes,yes,yes,MUD BRICK (UNFIRED),IRON SHEETS
30206341,Machinga,6,100,22 Aug 10,22,8,2010,109,31 Aug 10,31,8,2010,yes,no,yes,yes,yes,yes,BURNT BRICKS,IRON SHEETS
30206572,Machinga,6,100,19 May 10,19,5,2010,109,05 Jul 10,5,7,2010,no,no,yes,yes,yes,yes,MUD BRICK (UNFIRED),grass
30207060,Machinga,7,150,11 Mar 11,11,3,2011,109,16 Mar 11,16,3,2011,no,no,yes,no,no,yes,MUD BRICK (UNFIRED),grass
30207188,Machinga,7,100,12 Jun 10,12,6,2010,109,20 Jul 10,20,7,2010,no,no,no,no,no,no,MUD BRICK (UNFIRED),grass
30207491,Machinga,7,150,21 Dec 10,21,12,2010,109,23 Dec 10,23,12,2010,no,no,yes,no,no,no,MUD BRICK (UNFIRED),grass
30208396,Machinga,8,150,13 Nov 10,13,11,2010,109,16 Nov 10,16,11,2010,no,no,yes,no,no,no,MUD BRICK (UNFIRED),grass
30209287,Machinga,9,150,21 Oct 10,21,10,2010,109,28 Oct 10,28,10,2010,yes,no,yes,yes,yes,yes,MUD BRICK (UNFIRED),grass
30212167,Machinga,12,150,21 Jan 11,21,1,2011,109,24 Jan 11,24,1,2011,no,no,yes,no,no,yes,BURNT BRICKS,grass
30212307,Machinga,12,100,17 May 10,17,5,2010,109,31 Aug 10,31,8,2010,yes,no,yes,yes,yes,yes,BURNT BRICKS,grass
30212492,Machinga,12,100,03 Aug 10,3,8,2010,109,08 Sep 10,8,9,2010,yes,no,yes,yes,no,no,MUD BRICK (UNFIRED),grass
30222077,Machinga,22,150,15 Sep 10,15,9,2010,109,16 Sep 10,16,9,2010,yes,yes,yes,yes,yes,yes,BURNT BRICKS,IRON SHEETS
30301554,Zomba,1,110,31 Jan 11,31,1,2011,119,31 Jan 11,31,1,2011,no,no,yes,yes,yes,yes,BURNT BRICKS,grass
30301576,Zomba,1,110,11 Nov 10,11,11,2010,119,14 Nov 10,14,11,2010,no,no,yes,yes,yes,yes,MUD BRICK (UNFIRED),grass
30301590,Zomba,1,110,19 May 10,19,5,2010,222,08 Apr 11,8,4,2011,yes,no,yes,no,yes,yes,BURNT BRICKS,IRON SHEETS
30302283,Zomba,2,110,09 Nov 10,9,11,2010,119,11 Nov 10,11,11,2010,yes,no,yes,yes,yes,yes,BURNT BRICKS,grass
30302357,Zomba,2,110,17 Nov 10,17,11,2010,119,19 Nov 10,19,11,2010,yes,no,yes,yes,yes,yes,BURNT BRICKS,IRON SHEETS
30302601,Zomba,2,110,01 Jun 10,1,6,2010,119,23 Jun 10,23,6,2010,yes,no,yes,no,no,yes,MUD BRICK (UNFIRED),grass
30302687,Zomba,2,110,25 Feb 11,25,2,2011,119,25 Feb 11,25,2,2011,no,no,yes,yes,yes,yes,BURNT BRICKS,grass
30302692,Zomba,2,110,28 Sep 10,28,9,2010,119,01 Oct 10,1,10,2010,yes,yes,yes,yes,yes,yes,BURNT BRICKS,grass
30304139,Zomba,4,110,11 Jan 11,11,1,2011,119,13 Jan 11,13,1,2011,no,no,yes,yes,yes,yes,BURNT BRICKS,grass
30304143,Zomba,4,110,12 Jul 10,12,7,2010,,,,,,yes,no,yes,no,no,yes,BURNT BRICKS,grass
30305082,Zomba,5,110,15 Sep 10,15,9,2010,119,01 Oct 10,1,10,2010,no,no,yes,yes,yes,yes,MUD BRICK (UNFIRED),grass
30305258,Zomba,5,110,24 Aug 10,24,8,2010,119,30 Aug 10,30,8,2010,yes,no,yes,no,yes,yes,BURNT BRICKS,grass
30305277,Zomba,5,110,30 Mar 10,30,3,2010,119,14 Jun 10,14,6,2010,yes,no,yes,no,yes,yes,BURNT BRICKS,IRON SHEETS
30305506,Zomba,5,110,04 Feb 11,4,2,2011,119,09 Feb 11,9,2,2011,no,no,yes,yes,yes,yes,BURNT BRICKS,grass
30305561,Zomba,5,110,12 Oct 10,12,10,2010,119,20 Oct 10,20,10,2010,no,no,yes,yes,yes,yes,MUD (YOMATA),PLASTIC SHEETING
30305580,Zomba,5,110,01 May 10,1,5,2010,119,29 Jun 10,29,6,2010,yes,no,yes,yes,no,yes,BURNT BRICKS,grass
30306024,Zomba,6,110,04 Nov 10,4,11,2010,119,08 Nov 10,8,11,2010,no,no,yes,yes,yes,yes,BURNT BRICKS,IRON SHEETS
30306056,Zomba,6,110,06 Jan 11,6,1,2011,119,08 Jan 11,8,1,2011,yes,no,yes,yes,yes,yes,BURNT BRICKS,grass
30306087,Zomba,6,110,30 Jun 10,30,6,2010,119,05 Jul 10,5,7,2010,yes,no,yes,no,yes,yes,BURNT BRICKS,grass
30306460,Zomba,6,110,02 Mar 11,2,3,2011,119,05 Mar 11,5,3,2011,no,no,yes,yes,yes,yes,MUD BRICK (UNFIRED),grass
30306555,Zomba,6,110,05 Oct 10,5,10,2010,119,02 Nov 10,2,11,2010,no,no,yes,no,yes,yes,BURNT BRICKS,grass
30306594,Zomba,6,110,30 Nov 10,30,11,2010,119,03 Dec 10,3,12,2010,yes,no,yes,yes,yes,yes,MUD BRICK (UNFIRED),grass
30307577,Zomba,7,110,25 Mar 10,25,3,2010,119,02 Nov 10,2,11,2010,yes,no,yes,no,yes,yes,BURNT BRICKS,IRON SHEETS
30307678,Zomba,7,110,30 Jul 10,30,7,2010,119,21 Aug 10,21,8,2010,yes,yes,yes,yes,yes,yes,BURNT BRICKS,IRON SHEETS
30401015,Chiradzulu,1,120,15 Nov 10,15,11,2010,129,30 Nov 10,30,11,2010,no,no,yes,yes,no,yes,MUD BRICK (UNFIRED),IRON SHEETS
30401062,Chiradzulu,1,120,26 Apr 10,26,4,2010,129,27 May 10,27,5,2010,yes,no,yes,yes,yes,no,BURNT BRICKS,grass
30401178,Chiradzulu,1,120,01 Sep 10,1,9,2010,129,04 Oct 10,4,10,2010,yes,no,yes,yes,yes,yes,BURNT BRICKS,IRON SHEETS
30401397,Chiradzulu,1,120,04 Feb 11,4,2,2011,129,23 Feb 11,23,2,2011,yes,yes,yes,yes,no,yes,BURNT BRICKS,IRON SHEETS
30402291,Chiradzulu,2,120,08 Jan 11,8,1,2011,129,29 Jan 11,29,1,2011,no,no,yes,yes,no,yes,MUD BRICK (UNFIRED),IRON SHEETS
30402402,Chiradzulu,2,120,10 Jul 10,10,7,2010,129,04 Aug 10,4,8,2010,yes,yes,yes,yes,yes,yes,BURNT BRICKS,IRON SHEETS
30402515,Chiradzulu,2,120,12 Jun 10,12,6,2010,129,30 Jun 10,30,6,2010,no,no,yes,yes,yes,yes,MUD BRICK (UNFIRED),grass
30402570,Chiradzulu,2,120,21 Mar 11,21,3,2011,129,20 Mar 11,20,3,2011,no,no,yes,yes,no,no,MUD (YOMATA),grass
30402669,Chiradzulu,2,120,09 Dec 10,9,12,2010,129,17 Jan 11,17,1,2011,yes,no,yes,yes,no,yes,BURNT BRICKS,IRON SHEETS
30403185,Chiradzulu,3,120,05 Oct 10,5,10,2010,129,14 Oct 10,14,10,2010,yes,no,yes,yes,yes,yes,BURNT BRICKS,IRON SHEETS
30403225,Chiradzulu,3,120,24 Mar 10,24,3,2010,129,27 May 10,27,5,2010,no,no,yes,yes,yes,yes,BURNT BRICKS,IRON SHEETS
30403261,Chiradzulu,3,120,05 Sep 10,5,9,2010,129,04 Oct 10,4,10,2010,yes,no,yes,yes,yes,yes,BURNT BRICKS,IRON SHEETS
30403444,Chiradzulu,3,120,01 May 10,1,5,2010,129,27 May 10,27,5,2010,yes,yes,yes,yes,no,yes,MUD BRICK (UNFIRED),grass
30403558,Chiradzulu,3,120,17 Feb 11,17,2,2011,129,09 Mar 11,9,3,2011,yes,no,yes,yes,no,yes,BURNT BRICKS,grass
30403699,Chiradzulu,3,120,11 Nov 10,11,11,2010,129,30 Nov 10,30,11,2010,no,no,yes,yes,no,yes,MUD BRICK (UNFIRED),grass
30403766,Chiradzulu,3,120,14 Nov 10,14,11,2010,129,30 Nov 10,30,11,2010,no,no,yes,yes,no,yes,MUD BRICK (UNFIRED),grass
30404093,Chiradzulu,4,120,02 Dec 10,2,12,2010,129,17 Jan 11,17,1,2011,no,no,yes,no,no,no,MUD BRICK (UNFIRED),grass
30404458,Chiradzulu,4,120,11 Jun 10,11,6,2010,129,01 Jul 10,1,7,2010,yes,no,yes,yes,no,yes,BURNT BRICKS,grass
30404493,Chiradzulu,4,120,05 Mar 11,5,3,2011,129,20 Mar 11,20,3,2011,yes,no,yes,yes,yes,yes,BURNT BRICKS,IRON SHEETS
30405588,Chiradzulu,5,120,23 Jul 10,23,7,2010,129,05 Aug 10,5,8,2010,yes,no,yes,yes,no,yes,BURNT BRICKS,grass
30406125,Chiradzulu,6,120,11 Jan 11,11,1,2011,129,25 Jan 11,25,1,2011,yes,no,yes,yes,no,yes,BURNT BRICKS,grass
30406378,Chiradzulu,6,120,12 Oct 10,12,10,2010,129,22 Oct 10,22,10,2010,yes,no,yes,yes,yes,yes,BURNT BRICKS,IRON SHEETS
30406710,Chiradzulu,6,120,05 Apr 10,5,4,2010,129,27 May 10,27,5,2010,no,no,yes,yes,yes,yes,BURNT BRICKS,IRON SHEETS
30420223,Chiradzulu,20,120,10 Aug 10,10,8,2010,129,06 Sep 10,6,9,2010,yes,yes,yes,yes,yes,yes,BURNT BRICKS,IRON SHEETS
30501008,Blanytyre,1,120,05 Dec 10,5,12,2010,129,17 Jan 11,17,1,2011,yes,yes,yes,yes,yes,yes,BURNT BRICKS,IRON SHEETS
30501020,Blanytyre,1,120,05 May 10,5,5,2010,129,27 May 10,27,5,2010,yes,no,yes,yes,no,yes,BURNT BRICKS,grass
30501359,Blanytyre,1,120,24 Feb 11,24,2,2011,129,09 Mar 11,9,3,2011,yes,yes,yes,yes,no,yes,MUD BRICK (UNFIRED),grass
30501383,Blanytyre,1,120,27 Aug 10,27,8,2010,129,08 Sep 10,8,9,2010,no,no,yes,yes,yes,yes,BURNT BRICKS,IRON SHEETS
30501566,Blanytyre,1,120,03 Aug 10,3,8,2010,129,06 Sep 10,6,9,2010,yes,no,yes,yes,no,yes,BURNT BRICKS,IRON SHEETS
30502418,Blanytyre,2,120,09 Mar 11,9,3,2011,129,20 Mar 11,20,3,2011,yes,no,yes,yes,no,yes,BURNT BRICKS,IRON SHEETS
30502456,Blanytyre,2,120,30 May 10,30,5,2010,129,01 Jul 10,1,7,2010,no,no,yes,no,no,no,MUD BRICK (UNFIRED),grass
30503214,Blanytyre,3,120,20 Jan 11,20,1,2011,129,29 Jan 11,29,1,2011,yes,no,yes,yes,no,yes,BURNT BRICKS,IRON SHEETS
30503292,Blanytyre,3,120,20 Oct 10,20,10,2010,129,08 Nov 10,8,11,2010,yes,yes,yes,yes,no,yes,MUD (YOMATA),IRON SHEETS
30503685,Blanytyre,3,120,16 Sep 10,16,9,2010,129,04 Oct 10,4,10,2010,yes,no,yes,yes,no,yes,BURNT BRICKS,grass
30504251,Blanytyre,4,120,31 Mar 10,31,3,2010,129,27 May 10,27,5,2010,yes,yes,yes,yes,no,yes,BURNT BRICKS,IRON SHEETS
30504518,Blanytyre,4,120,30 May 10,30,5,2010,129,03 Aug 10,3,8,2010,no,no,yes,yes,no,no,BURNT BRICKS,grass
30505180,Blanytyre,5,120,18 Nov 10,18,11,2010,129,03 Dec 10,3,12,2010,yes,no,yes,yes,yes,yes,BURNT BRICKS,IRON SHEETS
30506017,Blanytyre,6,120,28 Feb 11,28,2,2011,129,09 Mar 11,9,3,2011,yes,yes,yes,yes,no,yes,MUD BRICK (UNFIRED),grass
30506031,Blanytyre,6,120,12 Jun 10,12,6,2010,129,30 Jun 10,30,6,2010,yes,no,yes,yes,yes,yes,BURNT BRICKS,IRON SHEETS
30506105,Blanytyre,6,120,,,,,129,20 Mar 11,20,3,2011,yes,yes,yes,yes,yes,yes,BURNT BRICKS,IRON SHEETS
30506326,Blanytyre,6,120,09 Sep 10,9,9,2010,129,04 Oct 10,4,10,2010,yes,no,yes,yes,no,yes,MUD BRICK (UNFIRED),grass
30506457,Blanytyre,6,120,25 Nov 10,25,11,2010,129,09 Dec 10,9,12,2010,yes,no,yes,yes,no,yes,BURNT BRICKS,IRON SHEETS
30506748,Blanytyre,6,120,12 May 10,12,5,2010,129,27 May 10,27,5,2010,yes,yes,yes,yes,no,yes,MUD BRICK (UNFIRED),IRON SHEETS
30507667,Blanytyre,7,120,18 Dec 10,18,12,2010,129,17 Jan 11,17,1,2011,yes,no,yes,yes,no,yes,BURNT BRICKS,IRON SHEETS
30508364,Blanytyre,8,120,23 Jan 11,23,1,2011,129,29 Jan 11,29,1,2011,no,no,yes,no,no,yes,MUD BRICK (UNFIRED),grass
30508435,Blanytyre,8,120,10 Apr 10,10,4,2010,129,27 May 10,27,5,2010,no,no,yes,no,no,yes,BURNT BRICKS,grass
30508473,Blanytyre,8,120,14 Oct 10,14,10,2010,129,28 Oct 10,28,10,2010,yes,no,yes,no,no,yes,MUD (YOMATA),grass
30508629,Blanytyre,8,120,10 Jul 10,10,7,2010,129,04 Aug 10,4,8,2010,no,no,yes,yes,yes,no,BURNT BRICKS,IRON SHEETS
30601052,Mwanza,1,158,07 Mar 11,7,3,2011,159,10 Mar 11,10,3,2011,yes,no,yes,yes,no,yes,MUD BRICK (UNFIRED),grass
30601144,Mwanza,1,158,23 Oct 10,23,10,2010,159,26 Oct 10,26,10,2010,yes,no,yes,no,no,yes,MUD BRICK (UNFIRED),grass
30601190,Mwanza,1,150,,,9,2010,159,22 Sep 10,22,9,2010,yes,yes,yes,yes,no,yes,MUD BRICK (UNFIRED),grass
30601191,Mwanza,1,158,23 Sep 10,23,9,2010,159,23 Sep 10,23,9,2010,no,no,yes,no,no,yes,MUD BRICK (UNFIRED),grass
30601428,Mwanza,1,158,11 Jan 11,11,1,2011,159,12 Jan 11,12,1,2011,yes,no,yes,no,no,yes,MUD BRICK (UNFIRED),grass
30601526,Mwanza,1,150,27 Jul 10,27,7,2010,159,23 Oct 10,23,10,2010,no,no,yes,no,no,no,MUD BRICK (UNFIRED),grass
30601608,Mwanza,1,158,27 Nov 10,27,11,2010,159,18 Nov 10,18,11,2010,yes,no,yes,yes,no,yes,BURNT BRICKS,grass
30601639,Mwanza,1,150,,,9,2010,159,22 Sep 10,22,9,2010,yes,no,yes,no,no,yes,MUD (YOMATA),grass
30601746,Mwanza,1,150,28 May 10,28,5,2010,159,22 Sep 10,22,9,2010,yes,no,yes,no,no,yes,MUD BRICK (UNFIRED),grass
30602059,Mwanza,2,150,,,,,159,22 Sep 10,22,9,2010,yes,yes,yes,yes,no,yes,MUD BRICK (UNFIRED),grass
30602217,Mwanza,2,150,29 May 10,29,5,2010,159,29 Jun 10,29,6,2010,no,no,no,yes,yes,yes,MUD BRICK (UNFIRED),grass
30602220,Mwanza,2,158,10 Mar 11,10,3,2011,159,15 Mar 11,15,3,2011,yes,no,yes,no,no,yes,MUD BRICK (UNFIRED),grass
30602235,Mwanza,2,150,03 Aug 10,3,8,2010,159,22 Sep 10,22,9,2010,yes,no,yes,yes,no,yes,MUD BRICK (UNFIRED),grass
30602408,Mwanza,2,158,07 Feb 11,7,2,2011,159,08 Feb 11,8,2,2011,yes,no,yes,no,no,yes,MUD BRICK (UNFIRED),grass
30602443,Mwanza,2,158,21 Jan 11,21,1,2011,159,22 Jan 11,22,1,2011,yes,no,yes,no,no,yes,MUD BRICK (UNFIRED),grass
30602445,Mwanza,2,158,29 Oct 10,29,10,2010,159,30 Oct 10,30,10,2010,yes,no,yes,yes,no,yes,BURNT BRICKS,grass
30602472,Mwanza,2,158,19 Sep 10,19,9,2010,159,20 Sep 10,20,9,2010,yes,no,yes,yes,no,yes,BURNT BRICKS,IRON SHEETS
30602512,Mwanza,2,158,22 Oct 10,22,10,2010,159,23 Oct 10,23,10,2010,yes,no,yes,yes,no,yes,BURNT BRICKS,grass
30602713,Mwanza,2,158,08 Dec 10,8,12,2010,159,10 Dec 10,10,12,2010,yes,no,yes,no,no,yes,BURNT BRICKS,grass
30602734,Mwanza,2,150,16 Jul 10,16,7,2010,159,23 Oct 10,23,10,2010,yes,no,yes,no,no,yes,MUD BRICK (UNFIRED),grass
30620179,Mwanza,20,150,12 Aug 10,12,8,2010,159,22 Sep 10,22,9,2010,yes,yes,yes,yes,yes,yes,BURNT BRICKS,IRON SHEETS
30620196,Mwanza,20,150,12 May 10,12,5,2010,159,23 Oct 10,23,10,2010,yes,yes,yes,yes,yes,yes,BURNT BRICKS,IRON SHEETS
30620323,Mwanza,20,158,03 Feb 11,3,2,2011,159,03 Feb 11,3,2,2011,yes,yes,yes,yes,yes,yes,BURNT BRICKS,IRON SHEETS
30620644,Mwanza,20,158,17 Nov 10,17,11,2010,159,18 Nov 10,18,11,2010,yes,yes,yes,yes,yes,yes,BURNT BRICKS,IRON SHEETS
30701411,Thyolo,1,130,10 Nov 10,10,11,2010,139,12 Nov 10,12,11,2010,no,no,yes,yes,no,yes,MUD BRICK (UNFIRED),grass
30702134,Thyolo,2,130,02 Feb 11,2,2,2011,149,10 Mar 11,10,3,2011,no,no,no,no,no,yes,MUD BRICK (UNFIRED),grass
30703381,Thyolo,3,130,28 Apr 10,28,4,2010,139,31 Aug 10,31,8,2010,no,no,no,no,no,yes,MUD BRICK (UNFIRED),grass
30704158,Thyolo,4,130,16 Dec 10,16,12,2010,139,26 Dec 10,26,12,2010,no,no,no,no,no,yes,MUD BRICK (UNFIRED),grass
30704313,Thyolo,4,130,03 Sep 10,3,9,2010,139,10 Sep 10,10,9,2010,no,no,no,no,no,no,MUD BRICK (UNFIRED),grass
30705248,Thyolo,5,130,03 Mar 11,3,3,2011,149,25 Mar 11,25,3,2011,no,no,yes,yes,no,yes,MUD BRICK (UNFIRED),grass
30705391,Thyolo,5,130,26 May 10,26,5,2010,139,31 Aug 10,31,8,2010,no,no,no,no,no,yes,MUD BRICK (UNFIRED),other
30706619,Thyolo,6,130,19 Sep 10,19,9,2010,139,21 Sep 10,21,9,2010,no,no,yes,no,no,yes,MUD BRICK (UNFIRED),grass
30706743,Thyolo,6,130,07 Oct 10,7,10,2010,139,03 Nov 10,3,11,2010,no,no,no,no,no,yes,MUD BRICK (UNFIRED),grass
30707534,Thyolo,7,130,26 Mar 10,26,3,2010,139,28 Aug 10,28,8,2010,no,no,no,no,no,yes,MUD BRICK (UNFIRED),grass
30707722,Thyolo,7,130,12 Jan 11,12,1,2011,139,18 Jan 11,18,1,2011,no,no,no,no,no,yes,MUD BRICK (UNFIRED),grass
30708338,Thyolo,8,130,22 Jul 10,22,7,2010,139,16 Nov 10,16,11,2010,no,no,no,no,no,yes,BURNT BRICKS,grass
30708665,Thyolo,8,130,16 Apr 10,16,4,2010,139,07 Oct 10,7,10,2010,yes,no,no,no,no,yes,BURNT BRICKS,IRON SHEETS
30709116,Thyolo,9,130,18 Feb 11,18,2,2011,149,10 Mar 11,10,3,2011,no,no,yes,no,no,yes,MUD BRICK (UNFIRED),grass
30709358,Thyolo,9,130,12 Nov 10,12,11,2010,139,13 Nov 10,13,11,2010,yes,yes,yes,yes,no,yes,BURNT BRICKS,grass
30709438,Thyolo,9,130,07 May 10,7,5,2010,139,16 Nov 10,16,11,2010,no,no,yes,no,no,yes,MUD BRICK (UNFIRED),grass
30709650,Thyolo,9,130,08 Sep 10,8,9,2010,139,16 Sep 10,16,9,2010,no,no,yes,no,no,yes,MUD BRICK (UNFIRED),IRON SHEETS
30709698,Thyolo,9,130,03 Mar 11,3,3,2011,149,29 Mar 11,29,3,2011,no,no,no,no,yes,yes,BURNT BRICKS,IRON SHEETS
30710079,Thyolo,10,130,20 Sep 10,20,9,2010,139,04 Dec 10,4,12,2010,yes,yes,yes,no,no,no,BURNT BRICKS,IRON SHEETS
30710128,Thyolo,10,130,03 Jun 10,3,6,2010,139,29 Sep 10,29,9,2010,no,no,no,no,yes,yes,BURNT BRICKS,grass
30710157,Thyolo,10,130,11 Jul 10,11,7,2010,139,07 Oct 10,7,10,2010,no,no,no,no,no,yes,MUD BRICK (UNFIRED),grass
30710451,Thyolo,10,130,11 Jan 11,11,1,2011,139,18 Jan 11,18,1,2011,no,no,no,yes,no,yes,MUD BRICK (UNFIRED),other
30711684,Thyolo,11,130,02 Apr 10,2,4,2010,139,29 Aug 10,29,8,2010,no,no,no,no,no,yes,MUD BRICK (UNFIRED),grass
30720666,Thyolo,20,130,13 Oct 10,13,10,2010,139,26 Dec 10,26,12,2010,yes,yes,yes,yes,yes,yes,BURNT BRICKS,IRON SHEETS
30801205,Mulanje,1,140,02 Mar 11,2,3,2011,1491,20 Mar 11,20,3,2011,yes,no,yes,no,no,yes,BURNT BRICKS,grass
30801300,Mulanje,1,140,02 May 10,2,5,2010,149,06 Oct 10,6,10,2010,no,no,yes,no,no,yes,BURNT BRICKS,grass
30801305,Mulanje,1,140,02 Nov 10,2,11,2010,149,09 Dec 10,9,12,2010,no,no,yes,no,no,yes,BURNT BRICKS,grass
30801386,Mulanje,1,140,25 Jan 11,25,1,2011,1491,04 Mar 11,4,3,2011,no,no,yes,no,yes,no,MUD BRICK (UNFIRED),IRON SHEETS
30801631,Mulanje,1,140,25 Nov 10,25,11,2010,149,17 Jan 11,17,1,2011,yes,no,yes,yes,no,yes,BURNT BRICKS,grass
30801672,Mulanje,1,140,01 Jun 10,1,6,2010,149,25 Jun 10,25,6,2010,no,no,yes,no,no,yes,BURNT BRICKS,grass
30801679,Mulanje,1,140,14 Aug 10,14,8,2010,149,06 Oct 10,6,10,2010,yes,no,yes,no,yes,yes,BURNT BRICKS,grass
30802036,Mulanje,2,140,30 Nov 10,30,11,2010,149,17 Jan 11,17,1,2011,no,no,yes,no,no,yes,MUD BRICK (UNFIRED),grass
30802485,Mulanje,2,140,13 Jan 11,13,1,2011,149,14 Feb 11,14,2,2011,yes,no,yes,no,no,yes,MUD BRICK (UNFIRED),grass
30802579,Mulanje,2,140,26 Jun 10,26,6,2010,149,06 Oct 10,6,10,2010,no,no,yes,no,no,yes,BURNT BRICKS,grass
30803115,Mulanje,3,140,21 Jul 10,21,7,2010,149,06 Oct 10,6,10,2010,no,no,yes,yes,no,yes,MUD BRICK (UNFIRED),grass
30803233,Mulanje,3,140,26 Mar 10,26,3,2010,149,25 Jun 10,25,6,2010,no,no,yes,no,no,yes,BURNT BRICKS,IRON SHEETS
30803321,Mulanje,3,140,01 Feb 11,1,2,2011,,,,,,no,no,yes,no,no,yes,MUD BRICK (UNFIRED),grass
30803480,Mulanje,3,140,05 Nov 10,5,11,2010,149,09 Dec 10,9,12,2010,yes,no,yes,yes,no,yes,BURNT BRICKS,grass
30804416,Mulanje,4,140,15 May 10,15,5,2010,149,01 Jun 10,1,6,2010,yes,no,yes,yes,yes,yes,BURNT BRICKS,IRON SHEETS
30804426,Mulanje,4,140,09 Nov 10,9,11,2010,149,09 Dec 10,9,12,2010,no,no,yes,no,no,yes,MUD BRICK (UNFIRED),grass
30805259,Mulanje,5,140,25 Sep 10,25,9,2010,149,06 Oct 10,6,10,2010,no,no,yes,no,yes,yes,MUD BRICK (UNFIRED),grass
30805375,Mulanje,5,140,25 Aug 10,25,8,2010,149,06 Oct 10,6,10,2010,no,no,yes,no,no,yes,MUD BRICK (UNFIRED),grass
30805463,Mulanje,5,140,05 Mar 11,5,3,2011,1491,20 Mar 11,20,3,2011,yes,no,yes,no,no,yes,MUD BRICK (UNFIRED),grass
30805551,Mulanje,5,140,27 May 10,27,5,2010,149,25 Jun 10,25,6,2010,no,no,yes,no,no,yes,MUD BRICK (UNFIRED),grass
30806145,Mulanje,6,140,06 Jul 10,6,7,2010,149,06 Oct 10,6,10,2010,no,no,yes,yes,no,yes,MUD BRICK (UNFIRED),grass
30806483,Mulanje,6,140,05 Oct 10,5,10,2010,149,03 Nov 10,3,11,2010,yes,yes,yes,yes,yes,yes,BURNT BRICKS,IRON SHEETS
30806611,Mulanje,6,140,28 Mar 10,28,3,2010,149,25 Jun 10,25,6,2010,no,no,no,no,no,no,BURNT BRICKS,grass
30806630,Mulanje,6,140,06 Jan 11,6,1,2011,149,14 Feb 11,14,2,2011,no,no,yes,no,no,yes,MUD BRICK (UNFIRED),grass
30901029,Phalombe,1,140,17 Dec 10,17,12,2010,149,17 Jan 11,17,1,2011,yes,no,yes,no,no,yes,MUD BRICK (UNFIRED),grass
30901054,Phalombe,1,140,28 Aug 10,28,8,2010,149,06 Oct 10,6,10,2010,no,no,no,yes,no,yes,MUD BRICK (UNFIRED),grass
30901193,Phalombe,1,140,24 Feb 11,24,2,2011,1491,04 Mar 11,4,3,2011,no,no,yes,no,no,yes,MUD BRICK (UNFIRED),grass
30901253,Phalombe,1,140,03 Dec 10,3,12,2010,149,17 Jan 11,17,1,2011,no,no,yes,no,no,yes,MUD BRICK (UNFIRED),grass
30901275,Phalombe,1,140,06 Apr 10,6,4,2010,,,,,,yes,no,yes,yes,yes,yes,BURNT BRICKS,IRON SHEETS
30901320,Phalombe,1,140,11 Jan 11,11,1,2011,149,14 Feb 11,14,2,2011,yes,no,yes,yes,no,yes,MUD BRICK (UNFIRED),grass
30901380,Phalombe,1,140,,,,,149,26 May 10,26,5,2010,yes,no,yes,no,no,yes,MUD BRICK (UNFIRED),grass
30901409,Phalombe,1,140,03 Aug 10,3,8,2010,149,06 Oct 10,6,10,2010,yes,no,yes,yes,no,yes,MUD BRICK (UNFIRED),grass
30901475,Phalombe,1,140,07 Jun 10,7,6,2010,,,,,,no,no,yes,no,no,yes,MUD BRICK (UNFIRED),grass
30901550,Phalombe,1,140,18 May 10,18,5,2010,149,26 May 10,26,5,2010,yes,no,yes,yes,yes,yes,BURNT BRICKS,grass
30901569,Phalombe,1,140,12 Oct 10,12,10,2010,149,05 Nov 10,5,11,2010,yes,no,yes,yes,no,yes,MUD BRICK (UNFIRED),IRON SHEETS
30901603,Phalombe,1,140,24 Jul 10,24,7,2010,149,06 Oct 10,6,10,2010,yes,no,yes,no,no,yes,MUD BRICK (UNFIRED),grass
30901715,Phalombe,1,140,09 Dec 10,9,12,2010,149,09 Dec 10,9,12,2010,no,no,yes,no,no,yes,BURNT BRICKS,grass
30901720,Phalombe,1,140,22 Feb 11,22,2,2011,1491,04 Mar 11,4,3,2011,no,yes,yes,no,no,yes,MUD BRICK (UNFIRED),grass
30901732,Phalombe,1,140,06 Sep 10,6,9,2010,149,06 Oct 10,6,10,2010,yes,no,yes,yes,yes,yes,BURNT BRICKS,grass
30901756,Phalombe,1,140,08 Mar 11,8,3,2011,1491,20 Mar 11,20,3,2011,no,no,yes,no,no,yes,MUD BRICK (UNFIRED),grass
30902236,Phalombe,2,140,11 Jun 10,11,6,2010,149,12 Jun 10,12,6,2010,no,no,yes,no,no,yes,MUD BRICK (UNFIRED),grass
30902299,Phalombe,2,140,20 Jan 11,20,1,2011,149,14 Feb 11,14,2,2011,no,no,yes,no,no,yes,MUD BRICK (UNFIRED),grass
30902346,Phalombe,2,140,13 Jul 10,13,7,2010,149,06 Oct 10,6,10,2010,no,no,yes,no,no,yes,MUD BRICK (UNFIRED),grass
30902425,Phalombe,2,140,12 Mar 11,12,3,2011,1491,20 Mar 11,20,3,2011,no,no,yes,no,no,yes,MUD BRICK (UNFIRED),grass
30902606,Phalombe,2,140,22 Dec 10,22,12,2010,149,17 Jan 11,17,1,2011,no,no,yes,no,no,yes,MUD BRICK (UNFIRED),grass
30903114,Phalombe,3,140,02 Apr 10,2,4,2010,149,12 Jun 10,12,6,2010,no,no,no,no,no,yes,BURNT BRICKS,IRON SHEETS
30903528,Phalombe,3,140,21 Oct 10,21,10,2010,149,05 Nov 10,5,11,2010,no,no,yes,no,no,yes,MUD BRICK (UNFIRED),grass
30920609,Phalombe,20,140,09 Dec 10,9,12,2010,149,09 Dec 10,9,12,2010,yes,yes,yes,yes,yes,yes,BURNT BRICKS,IRON SHEETS
31001034,Chikwawa,1,160,17 Jul 10,17,7,2010,169,29 Jul 10,29,7,2010,no,no,no,no,no,yes,MUD (YOMATA),grass
31001092,Chikwawa,1,160,16 Nov 10,16,11,2010,169,17 Nov 10,17,11,2010,no,no,no,no,no,no,MUD BRICK (UNFIRED),grass
31001123,Chikwawa,1,160,22 Feb 11,22,2,2011,169,23 Feb 11,23,2,2011,no,no,no,no,yes,yes,MUD BRICK (UNFIRED),grass
31001228,Chikwawa,1,160,14 Mar 11,14,3,2011,169,16 Mar 11,16,3,2011,no,no,yes,no,no,yes,MUD BRICK (UNFIRED),grass
31001242,Chikwawa,1,160,19 Nov 10,19,11,2010,169,19 Nov 10,19,11,2010,yes,no,yes,no,yes,yes,BURNT BRICKS,grass
31001333,Chikwawa,1,160,27 Apr 10,27,4,2010,169,17 May 10,17,5,2010,no,no,no,no,no,no,MUD (YOMATA),grass
31001647,Chikwawa,1,160,08 Oct 10,8,10,2010,169,20 Oct 10,20,10,2010,no,no,no,no,no,yes,MUD BRICK (UNFIRED),grass
31001749,Chikwawa,1,160,22 Sep 10,22,9,2010,169,28 Sep 10,28,9,2010,no,no,yes,yes,no,yes,MUD BRICK (UNFIRED),grass
31002169,Chikwawa,2,160,30 Mar 10,30,3,2010,169,17 May 10,17,5,2010,yes,yes,yes,yes,yes,yes,MUD BRICK (UNFIRED),IRON SHEETS
31002245,Chikwawa,2,160,22 Jan 11,22,1,2011,169,24 Jan 11,24,1,2011,yes,yes,yes,yes,yes,yes,BURNT BRICKS,IRON SHEETS
31002677,Chikwawa,2,160,23 Jul 10,23,7,2010,169,29 Jul 10,29,7,2010,yes,yes,yes,yes,yes,yes,BURNT BRICKS,IRON SHEETS
31003100,Chikwawa,3,160,27 Aug 10,27,8,2010,169,28 Aug 10,28,8,2010,yes,no,yes,no,no,yes,MUD (YOMATA),grass
31003226,Chikwawa,3,160,12 Oct 10,12,10,2010,169,14 Aug 10,14,8,2010,no,no,no,no,yes,yes,BURNT BRICKS,grass
31003482,Chikwawa,3,160,25 Feb 11,25,2,2011,169,28 Mar 11,28,3,2011,no,no,no,no,yes,yes,MUD BRICK (UNFIRED),grass
31003759,Chikwawa,3,160,09 Apr 10,9,4,2010,169,26 Jun 10,26,6,2010,no,no,no,no,no,no,MUD (YOMATA),grass
31004098,Chikwawa,4,160,10 Dec 10,10,12,2010,169,13 Dec 10,13,12,2010,no,no,no,no,no,yes,MUD BRICK (UNFIRED),grass
31004312,Chikwawa,4,160,06 Sep 10,6,9,2010,169,09 Sep 10,9,9,2010,no,no,no,no,no,yes,MUD BRICK (UNFIRED),grass
31005061,Chikwawa,5,160,03 Mar 11,3,3,2011,169,06 Mar 11,6,3,2011,yes,yes,yes,yes,yes,yes,MUD (YOMATA),grass
31006284,Chikwawa,6,160,20 Dec 10,20,12,2010,169,21 Dec 10,21,12,2010,no,no,yes,no,yes,yes,BURNT BRICKS,grass
31006556,Chikwawa,6,160,06 Jun 10,6,6,2010,169,26 Jun 10,26,6,2010,no,no,yes,yes,yes,yes,BURNT BRICKS,grass
31007335,Chikwawa,7,160,28 Jul 10,28,7,2010,169,20 Oct 10,20,10,2010,no,no,yes,no,yes,yes,BURNT BRICKS,grass
31007544,Chikwawa,7,160,26 Mar 10,26,3,2010,169,17 May 10,17,5,2010,no,no,no,no,yes,yes,BURNT BRICKS,grass
31007549,Chikwawa,7,160,05 Nov 10,5,11,2010,169,09 Nov 10,9,11,2010,no,no,yes,no,no,yes,MUD BRICK (UNFIRED),grass
31007645,Chikwawa,7,160,18 Jan 11,18,1,2011,169,21 Jan 11,21,1,2011,no,no,no,no,no,yes,BURNT BRICKS,grass
31101009,Nsanje,1,160,12 May 10,12,5,2010,169,26 Jun 10,26,6,2010,no,no,no,no,no,yes,MUD BRICK (UNFIRED),grass
31101399,Nsanje,1,160,10 Nov 10,10,11,2010,169,12 Oct 10,12,10,2010,no,no,no,no,no,yes,MUD (YOMATA),grass
31102266,Nsanje,2,160,06 Oct 10,6,10,2010,169,20 Oct 10,20,10,2010,no,no,yes,yes,no,yes,MUD BRICK (UNFIRED),grass
31102591,Nsanje,2,160,01 Mar 11,1,3,2011,169,03 Mar 11,3,3,2011,yes,no,yes,yes,yes,yes,BURNT BRICKS,grass
31104086,Nsanje,4,160,03 Nov 10,3,11,2010,169,04 Nov 10,4,11,2010,yes,yes,yes,yes,yes,yes,MUD BRICK (UNFIRED),IRON SHEETS
31104147,Nsanje,4,160,07 Jan 11,7,1,2011,169,10 Jan 11,10,1,2011,no,no,no,no,no,yes,MUD BRICK (UNFIRED),grass
31104361,Nsanje,4,160,19 Jul 10,19,7,2010,169,29 Jul 10,29,7,2010,no,no,no,no,yes,yes,BURNT BRICKS,grass
31104496,Nsanje,4,160,31 May 10,31,5,2010,169,26 Jun 10,26,6,2010,no,no,no,no,no,no,MUD (YOMATA),grass
31104691,Nsanje,4,160,12 Nov 10,12,11,2010,169,15 Nov 10,15,11,2010,yes,no,yes,yes,no,yes,BURNT BRICKS,grass
31104696,Nsanje,4,160,14 Apr 10,14,4,2010,169,20 Oct 10,20,10,2010,no,no,no,no,yes,no,BURNT BRICKS,grass
31105091,Nsanje,5,160,01 Aug 10,1,8,2010,169,06 Sep 10,6,9,2010,no,no,yes,no,yes,yes,BURNT BRICKS,grass
31105559,Nsanje,5,160,07 Feb 11,7,2,2011,169,09 Feb 11,9,2,2011,no,no,no,no,no,yes,MUD BRICK (UNFIRED),grass
31105581,Nsanje,5,160,15 May 10,15,5,2010,169,20 Oct 10,20,10,2010,no,no,no,no,yes,yes,BURNT BRICKS,grass
31106066,Nsanje,6,160,14 Sep 10,14,9,2010,169,23 Sep 10,23,9,2010,no,no,yes,no,no,yes,MUD (YOMATA),grass
31106182,Nsanje,6,160,11 Mar 11,11,3,2011,169,13 Mar 11,13,3,2011,yes,no,yes,yes,no,yes,MUD BRICK (UNFIRED),grass
31106519,Nsanje,6,160,07 Dec 10,7,12,2010,169,08 Dec 10,8,12,2010,no,no,yes,yes,yes,yes,MUD BRICK (UNFIRED),grass
31106574,Nsanje,6,160,17 Jul 10,17,7,2010,169,29 Jul 10,29,7,2010,yes,yes,yes,yes,yes,yes,BURNT BRICKS,IRON SHEETS
31106682,Nsanje,6,160,18 Dec 10,18,12,2010,169,19 Dec 10,19,12,2010,no,no,no,no,no,yes,MUD BRICK (UNFIRED),grass
31107406,Nsanje,7,160,04 Aug 10,4,8,2010,169,28 Aug 10,28,8,2010,no,no,no,no,yes,yes,MUD BRICK (UNFIRED),grass
31108265,Nsanje,8,160,12 Jan 11,12,1,2011,169,17 Jan 11,17,1,2011,no,no,no,no,no,no,MUD BRICK (UNFIRED),grass
31108703,Nsanje,8,160,03 Apr 10,3,4,2010,169,17 May 10,17,5,2010,no,no,yes,yes,no,yes,MUD BRICK (UNFIRED),grass
31110462,Nsanje,10,160,27 Oct 10,27,10,2010,169,28 Oct 10,28,10,2010,no,no,no,no,no,no,MUD BRICK (UNFIRED),grass
31120097,Nsanje,20,160,08 Sep 10,8,9,2010,169,23 Sep 10,23,9,2010,yes,no,yes,yes,yes,yes,BURNT BRICKS,IRON SHEETS
31120218,Nsanje,20,160,25 Jan 11,25,1,2011,169,27 Jan 11,27,1,2011,no,no,yes,yes,no,yes,MUD BRICK (UNFIRED),grass
31201007,Balaka,1,90,08 May 10,8,5,2010,99,25 May 10,25,5,2010,yes,no,yes,yes,no,yes,MUD BRICK (UNFIRED),grass
31201058,Balaka,1,90,17 Nov 10,17,11,2010,99,05 Dec 10,5,12,2010,yes,no,yes,no,no,yes,MUD BRICK (UNFIRED),grass
31201104,Balaka,1,90,16 Sep 10,16,9,2010,99,01 Oct 10,1,10,2010,yes,no,yes,yes,yes,yes,MUD BRICK (UNFIRED),grass
31201106,Balaka,1,90,22 Oct 10,22,10,2010,99,28 Oct 10,28,10,2010,yes,no,yes,yes,no,yes,BURNT BRICKS,grass
31201197,Balaka,1,90,30 Jul 10,30,7,2010,99,10 Aug 10,10,8,2010,yes,no,yes,yes,no,yes,MUD BRICK (UNFIRED),grass
31201230,Balaka,1,90,30 Mar 10,30,3,2010,99,21 May 10,21,5,2010,yes,no,yes,yes,no,yes,BURNT BRICKS,grass
31201234,Balaka,1,90,21 Feb 11,21,2,2011,99,25 Feb 11,25,2,2011,yes,no,yes,no,no,yes,MUD BRICK (UNFIRED),grass
31201250,Balaka,1,90,09 Dec 10,9,12,2010,99,23 Dec 10,23,12,2010,yes,no,yes,no,no,yes,MUD BRICK (UNFIRED),grass
31201350,Balaka,1,90,21 Jan 11,21,1,2011,99,24 Jan 11,24,1,2011,yes,no,yes,yes,no,yes,BURNT BRICKS,grass
31201516,Balaka,1,90,24 Aug 10,24,8,2010,99,29 Aug 10,29,8,2010,yes,no,yes,yes,no,yes,BURNT BRICKS,grass
31201726,Balaka,1,90,21 Jun 10,21,6,2010,99,06 Jul 10,6,7,2010,yes,no,yes,yes,no,yes,MUD BRICK (UNFIRED),grass
31201747,Balaka,1,90,09 Mar 10,9,3,2010,99,15 Mar 11,15,3,2011,yes,no,yes,yes,no,yes,BURNT BRICKS,grass
31201765,Balaka,1,90,29 May 10,29,5,2010,99,08 Jun 10,8,6,2010,yes,no,yes,yes,yes,yes,BURNT BRICKS,grass
31204138,Balaka,4,90,27 Oct 10,27,10,2010,99,28 Oct 10,28,10,2010,yes,no,yes,yes,yes,yes,BURNT BRICKS,grass
31204184,Balaka,4,90,14 Mar 11,14,3,2011,99,21 Mar 11,21,3,2011,yes,no,yes,yes,no,yes,BURNT BRICKS,grass
31204209,Balaka,4,90,17 Jan 11,17,1,2011,99,19 Jan 11,19,1,2011,yes,no,yes,yes,no,yes,BURNT BRICKS,grass
31204267,Balaka,4,90,09 Apr 10,9,4,2010,99,25 May 10,25,5,2010,no,no,yes,no,no,yes,MUD BRICK (UNFIRED),grass
31204390,Balaka,4,90,08 Sep 10,8,9,2010,99,14 Sep 10,14,9,2010,yes,no,yes,yes,no,yes,MUD BRICK (UNFIRED),grass
31204410,Balaka,4,90,15 Nov 10,15,11,2010,99,26 Nov 10,26,11,2010,no,yes,yes,yes,no,yes,MUD BRICK (UNFIRED),grass
31204489,Balaka,4,90,06 Dec 10,6,12,2010,99,16 Dec 10,16,12,2010,yes,no,yes,no,no,yes,MUD BRICK (UNFIRED),grass
31204532,Balaka,4,90,08 Jul 10,8,7,2010,99,16 Jul 10,16,7,2010,no,no,yes,no,no,yes,MUD BRICK (UNFIRED),grass
31204618,Balaka,4,90,15 Jun 10,15,6,2010,99,06 Jul 10,6,7,2010,yes,no,yes,no,no,yes,MUD BRICK (UNFIRED),grass
31220487,Balaka,20,90,03 Aug 10,3,8,2010,99,10 Aug 10,10,8,2010,yes,no,yes,yes,yes,yes,BURNT BRICKS,IRON SHEETS
31220637,Balaka,20,90,24 Feb 11,24,2,2011,99,25 Feb 11,25,2,2011,yes,yes,yes,yes,yes,yes,BURNT BRICKS,IRON SHEETS
31301246,Neno,1,150,26 Aug 10,26,8,2010,159,22 Sep 10,22,9,2010,no,no,yes,no,no,no,MUD (YOMATA),grass
31301304,Neno,1,150,15 May 10,15,5,2010,159,18 May 10,18,5,2010,no,no,no,no,no,no,MUD (YOMATA),grass
31301385,Neno,1,158,08 Nov 10,8,11,2010,159,10 Nov 10,10,11,2010,yes,no,yes,no,no,yes,MUD BRICK (UNFIRED),grass
31301560,Neno,1,150,08 Sep 10,8,9,2010,159,22 Sep 10,22,9,2010,yes,no,yes,no,no,no,MUD BRICK (UNFIRED),grass
31301671,Neno,1,158,02 Feb 11,2,2,2011,159,04 Feb 11,4,2,2011,no,no,yes,no,no,no,MUD BRICK (UNFIRED),grass
31301683,Neno,1,158,15 Feb 11,15,2,2011,159,16 Feb 11,16,2,2011,no,no,yes,no,no,no,MUD BRICK (UNFIRED),grass
31302162,Neno,2,158,31 Dec 10,31,12,2010,159,04 Dec 10,4,12,2010,no,no,yes,no,no,yes,MUD BRICK (UNFIRED),grass
31302415,Neno,2,150,01 Apr 10,1,4,2010,159,13 Apr 10,13,4,2010,yes,no,yes,no,no,no,MUD (YOMATA),grass
31302578,Neno,2,150,,,,,159,23 Oct 10,23,10,2010,no,no,yes,no,no,no,MUD BRICK (UNFIRED),grass
31302651,Neno,2,158,15 Jan 11,15,1,2011,159,16 Jan 10,16,1,2010,yes,no,yes,no,yes,yes,BURNT BRICKS,grass
31302761,Neno,2,150,20 Jul 10,20,7,2010,159,22 Sep 10,22,9,2010,no,no,no,no,no,no,MUD BRICK (UNFIRED),grass
31303067,Neno,3,158,25 Feb 11,25,2,2011,159,28 Feb 11,28,2,2011,yes,no,yes,no,yes,yes,BURNT BRICKS,IRON SHEETS
31303263,Neno,3,158,20 Feb 11,20,2,2011,159,22 Feb 11,22,2,2011,no,no,yes,no,no,no,MUD BRICK (UNFIRED),grass
31303327,Neno,3,158,15 Sep 10,15,9,2010,159,16 Sep 10,16,9,2010,yes,no,yes,no,no,yes,MUD BRICK (UNFIRED),grass
31303467,Neno,3,150,,,9,2010,159,22 Sep 10,22,9,2010,no,no,no,no,no,no,MUD BRICK (UNFIRED),grass
31303567,Neno,3,158,13 Nov 10,13,11,2010,159,14 Nov 10,14,11,2010,yes,no,yes,no,no,yes,BURNT BRICKS,grass
31303585,Neno,3,158,10 Oct 10,10,10,2010,159,10 Oct 10,10,10,2010,yes,no,yes,no,no,yes,MUD BRICK (UNFIRED),grass
31303610,Neno,3,150,04 Sep 10,4,9,2010,159,23 Oct 10,23,10,2010,no,yes,yes,no,no,no,MUD BRICK (UNFIRED),grass
31303655,Neno,3,158,04 Dec 10,4,12,2010,159,05 Dec 10,5,12,2010,yes,no,yes,no,no,yes,BURNT BRICKS,IRON SHEETS
31303757,Neno,3,150,,,9,2010,159,22 Sep 10,22,9,2010,yes,yes,yes,no,no,yes,MUD BRICK (UNFIRED),grass
31306166,Neno,6,150,,,,,159,23 Oct 10,23,10,2010,yes,no,yes,no,no,yes,MUD BRICK (UNFIRED),grass
31306274,Neno,6,158,08 Jan 11,8,1,2011,159,10 Jan 11,10,1,2011,yes,no,yes,no,no,yes,MUD (YOMATA),grass
31306500,Neno,6,150,17 Apr 10,17,4,2010,159,17 Apr 10,17,4,2010,yes,no,yes,no,no,yes,MUD BRICK (UNFIRED),grass
31306719,Neno,6,158,07 Sep 10,7,9,2010,159,10 Oct 10,10,10,2010,no,no,yes,yes,no,yes,BURNT BRICKS,grass
31431714,Zomba City,31,110,02 Sep 10,2,9,2010,119,14 Sep 10,14,9,2010,no,no,yes,yes,yes,yes,BURNT BRICKS,IRON SHEETS
31432279,Zomba City,32,110,09 Feb 11,9,2,2011,119,10 Feb 11,10,2,2011,yes,no,yes,yes,yes,yes,BURNT BRICKS,IRON SHEETS
31432523,Zomba City,32,110,17 Sep 10,17,9,2010,119,01 Oct 10,1,10,2010,yes,no,yes,no,yes,yes,BURNT BRICKS,IRON SHEETS
31432676,Zomba City,32,110,03 May 10,3,5,2010,119,23 Jun 10,23,6,2010,yes,yes,yes,yes,yes,yes,BURNT BRICKS,IRON SHEETS
31434099,Zomba City,34,110,20 Nov 10,20,11,2010,119,24 Nov 10,24,11,2010,yes,yes,yes,yes,yes,yes,BURNT BRICKS,IRON SHEETS
31435120,Zomba City,35,110,24 Sep 10,24,9,2010,119,01 Oct 10,1,10,2010,yes,yes,yes,yes,yes,yes,BURNT BRICKS,IRON SHEETS
31435149,Zomba City,35,110,22 Oct 10,22,10,2010,119,02 Nov 10,2,11,2010,yes,yes,yes,yes,yes,yes,BURNT BRICKS,IRON SHEETS
31435423,Zomba City,35,110,15 Mar 11,15,3,2011,119,16 Mar 11,16,3,2011,yes,yes,yes,yes,yes,yes,BURNT BRICKS,IRON SHEETS
31435753,Zomba City,35,110,06 Jul 10,6,7,2010,119,20 Jul 10,20,7,2010,yes,yes,yes,yes,yes,yes,BURNT BRICKS,IRON SHEETS
31436063,Zomba City,36,110,14 Jan 11,14,1,2011,119,16 Jan 11,16,1,2011,yes,yes,yes,yes,yes,yes,BURNT BRICKS,IRON SHEETS
31436695,Zomba City,36,110,06 Apr 10,6,4,2010,119,15 Jun 10,15,6,2010,yes,yes,yes,yes,yes,yes,BURNT BRICKS,IRON SHEETS
31438563,Zomba City,38,110,28 Apr 10,28,4,2010,222,08 Apr 11,8,4,2011,yes,yes,yes,yes,yes,yes,BURNT BRICKS,IRON SHEETS
31438622,Zomba City,38,110,16 Feb 11,16,2,2011,119,19 Feb 11,19,2,2011,yes,yes,yes,yes,yes,yes,BURNT BRICKS,IRON SHEETS
31438689,Zomba City,38,110,28 Aug 10,28,8,2010,119,14 Sep 10,14,9,2010,yes,yes,yes,yes,yes,yes,BURNT BRICKS,IRON SHEETS
31438690,Zomba City,38,110,28 Jul 10,28,7,2010,119,20 Aug 10,20,8,2010,yes,no,yes,yes,yes,yes,BURNT BRICKS,IRON SHEETS
31439102,Zomba City,39,110,11 Sep 10,11,9,2010,119,13 Sep 10,13,9,2010,yes,yes,yes,yes,yes,yes,MUD (YOMATA),PLASTIC SHEETING
31440002,Zomba City,40,110,07 Dec 10,7,12,2010,119,17 Dec 10,17,12,2010,yes,yes,yes,yes,yes,yes,MUD (YOMATA),PLASTIC SHEETING
31440152,Zomba City,40,110,10 Mar 11,10,3,2011,119,11 Mar 11,11,3,2011,yes,yes,yes,yes,yes,yes,BURNT BRICKS,IRON SHEETS
31441389,Zomba City,41,110,24 Jun 10,24,6,2010,119,29 Jun 10,29,6,2010,yes,yes,yes,yes,yes,yes,BURNT BRICKS,IRON SHEETS
31442200,Zomba City,42,110,19 Oct 10,19,10,2010,119,20 Oct 10,20,10,2010,yes,yes,yes,yes,yes,yes,BURNT BRICKS,IRON SHEETS
31442394,Zomba City,42,110,21 Sep 10,21,9,2010,119,01 Oct 10,1,10,2010,yes,yes,yes,yes,yes,yes,BURNT BRICKS,IRON SHEETS
31442616,Zomba City,42,110,17 Jan 11,17,1,2011,119,18 Jan 11,18,1,2011,yes,yes,yes,yes,yes,yes,MUD (YOMATA),PLASTIC SHEETING
31443108,Zomba City,43,110,08 Apr 10,8,4,2010,119,15 Jun 10,15,6,2010,yes,yes,yes,yes,yes,yes,grass,grass
31443270,Zomba City,43,110,23 Jul 10,23,7,2010,119,21 Aug 10,21,8,2010,yes,yes,yes,yes,yes,yes,BURNT BRICKS,IRON SHEETS
31531161,Blantyre City,31,130,20 Feb 11,20,2,2011,149,10 Mar 11,10,3,2011,no,yes,yes,yes,yes,no,MUD BRICK (UNFIRED),IRON SHEETS
31531303,Blantyre City,31,130,19 Nov 10,19,11,2010,139,27 Dec 10,27,12,2010,no,no,yes,yes,no,no,MUD BRICK (UNFIRED),IRON SHEETS
31532674,Blantyre City,32,130,09 May 10,9,5,2010,139,01 Dec 10,1,12,2010,yes,no,yes,yes,yes,no,MUD BRICK (UNFIRED),IRON SHEETS
31533095,Blantyre City,33,130,27 Aug 10,27,8,2010,139,03 Oct 10,3,10,2010,no,no,yes,yes,yes,yes,MUD BRICK (UNFIRED),IRON SHEETS
31534553,Blantyre City,34,130,20 Dec 10,20,12,2010,139,26 Dec 10,26,12,2010,no,no,yes,yes,yes,no,MUD BRICK (UNFIRED),IRON SHEETS
31535633,Blantyre City,35,130,10 Mar 11,10,3,2011,149,25 Mar 11,25,3,2011,no,no,yes,yes,yes,no,BURNT BRICKS,IRON SHEETS
31536118,Blantyre City,36,130,22 Sep 10,22,9,2010,139,07 Oct 10,7,10,2010,no,no,yes,yes,yes,yes,MUD BRICK (UNFIRED),IRON SHEETS
31536257,Blantyre City,36,130,27 Oct 10,27,10,2010,139,28 Nov 10,28,11,2010,no,no,yes,yes,yes,yes,MUD BRICK (UNFIRED),IRON SHEETS
31536751,Blantyre City,36,130,07 Jun 10,7,6,2010,139,28 Nov 10,28,11,2010,no,no,no,yes,yes,no,MUD BRICK (UNFIRED),IRON SHEETS
31538278,Blantyre City,38,130,15 Jan 11,15,1,2011,139,17 Jan 11,17,1,2011,yes,yes,yes,yes,yes,yes,concrete,CLAY TILES
31539670,Blantyre City,39,130,05 Apr 10,5,4,2010,139,02 Oct 10,2,10,2010,no,no,yes,yes,yes,no,MUD BRICK (UNFIRED),IRON SHEETS
31540003,Blantyre City,40,130,17 Nov 10,17,11,2010,139,26 Dec 10,26,12,2010,yes,yes,yes,yes,yes,yes,BURNT BRICKS,IRON SHEETS
31540419,Blantyre City,40,130,31 Jul 10,31,7,2010,139,28 Nov 10,28,11,2010,yes,yes,yes,yes,yes,no,MUD BRICK (UNFIRED),IRON SHEETS
31541183,Blantyre City,41,130,22 Feb 11,22,2,2011,149,25 Mar 11,25,3,2011,yes,yes,yes,yes,yes,yes,BURNT BRICKS,IRON SHEETS
31545384,Blantyre City,45,130,13 May 10,13,5,2010,139,28 Nov 10,28,11,2010,no,no,yes,yes,no,no,MUD BRICK (UNFIRED),IRON SHEETS
31546760,Blantyre City,46,130,29 Aug 10,29,8,2010,139,21 Nov 10,21,11,2010,no,no,no,no,yes,no,MUD BRICK (UNFIRED),IRON SHEETS
31547429,Blantyre City,47,130,23 Dec 10,23,12,2010,139,27 Dec 10,27,12,2010,no,no,yes,yes,no,yes,BURNT BRICKS,IRON SHEETS
31548148,Blantyre City,48,130,18 Mar 11,18,3,2011,149,25 Mar 11,25,3,2011,yes,yes,yes,yes,yes,yes,BURNT BRICKS,CLAY TILES
31550254,Blantyre City,50,130,28 May 10,28,5,2010,139,01 Dec 10,1,12,2010,yes,yes,yes,yes,yes,yes,BURNT BRICKS,IRON SHEETS
31552612,Blantyre City,52,130,03 Nov 10,3,11,2010,139,02 Dec 10,2,12,2010,yes,yes,yes,yes,yes,yes,BURNT BRICKS,IRON SHEETS
31552686,Blantyre City,52,130,23 Sep 10,23,9,2010,139,26 Dec 10,26,12,2010,yes,yes,yes,yes,yes,yes,BURNT BRICKS,IRON SHEETS
31553237,Blantyre City,53,130,15 Jan 11,15,1,2011,139,18 Jan 11,18,1,2011,no,yes,no,yes,yes,no,MUD BRICK (UNFIRED),IRON SHEETS
31554613,Blantyre City,54,130,09 Apr 10,9,4,2010,139,29 Aug 10,29,8,2010,no,no,no,no,no,yes,BURNT BRICKS,grass
31555614,Blantyre City,55,130,01 Aug 10,1,8,2010,139,31 Aug 10,31,8,2010,yes,yes,no,no,yes,yes,MUD BRICK (UNFIRED),IRON SHEETS
