occ,ea_id,com_cb01,com_cb03,com_cb04,com_cb05a,com_cb05b,com_cb05_1,com_cb06,com_cb07,com_cb08
1,10101016,1,MALE,73,HEADMAN,,12,73,JCE,LAMBYA
2,10101016,2,MALE,38,COUNSELOR TO HEADMAN,,10,3,JCE,SUKWA
3,10101016,3,FEMALE,22,RELIGIOUS LEADER,,1,11,PSLC,LAMBYA
4,10101016,4,MALE,35,POLICE,,1,13,PSLC,SUKWA
5,10101016,5,MALE,45,OTHER (SPECIFY),,4,14,NONE,LAMBYA
6,10101016,6,FEMALE,67,BUSINESS MAN/WOMAN,,1,5,NONE,SUKWA
7,10101016,7,MALE,23,RELIGIOUS LEADER,,4,23,NONE,LAMBYA
8,10101016,8,FEMALE,62,OTHER (SPECIFY),,1,3,NONE,SUKWA
9,10101016,9,MALE,56,HEADMAN,,1,8,PSLC,SUKWA
10,10101016,10,MALE,35,COUNSELOR TO HEADMAN,,4,8,NONE,SUKWA
11,10101016,11,MALE,52,OTHER (SPECIFY),,1,25,PSLC,SUKWA
12,10101016,12,MALE,32,OTHER (SPECIFY),,8,26,PSLC,LAMBYA
1,10101204,1,MALE,31,HEADMAN,,3,31,PSLC,LAMBYA
2,10101204,2,MALE,58,SCHOOL HEADMASTER,,23,15,MSCE,TUMBUKA
3,10101204,3,MALE,30,HEALTH WORKER,,5,1,MSCE,NYAKYUSA
4,10101204,4,FEMALE,36,OTHER (SPECIFY),,2,36,PSLC,LAMBYA
5,10101204,5,FEMALE,57,OTHER (SPECIFY),,48,48,NONE,LAMBYA
6,10101204,6,MALE,35,OTHER (SPECIFY),,1,28,NON-UNIV. DIPLOMA,LAMBYA
7,10101204,7,MALE,45,OTHER (SPECIFY),,1,25,PSLC,LAMBYA
8,10101204,8,FEMALE,38,SCHOOL TEACHER,,1,20,JCE,LAMBYA
9,10101204,9,FEMALE,38,OTHER (SPECIFY),,12,12,PSLC,LAMBYA
10,10101204,10,FEMALE,45,SCHOOL TEACHER,,24,1,MSCE,LAMBYA
11,10101204,11,FEMALE,25,OTHER (SPECIFY),BUSINESS MAN/WOMAN,8,8,PSLC,LAMBYA
1,10101215,1,MALE,49,HEADMAN,,5,49,NONE,LAMBYA
2,10101215,2,MALE,73,COUNSELOR TO HEADMAN,,3,73,JCE,LAMBYA
3,10101215,3,MALE,32,COUNSELOR TO HEADMAN,,74,37,NONE,LAMBYA
4,10101215,4,MALE,32,RELIGIOUS LEADER,,5,32,NONE,LAMBYA
5,10101215,5,MALE,61,OTHER (SPECIFY),,61,61,NONE,LAMBYA
6,10101215,6,MALE,28,BUSINESS MAN/WOMAN,,2,28,NONE,LAMBYA
7,10101215,7,FEMALE,42,SPOUSE OF HEADMAN,,5,42,NONE,LAMBYA
1,10101562,1,MALE,72,HEADMAN,RELIGIOUS LEADER,21,60,NONE,LAMBYA
2,10101562,2,FEMALE,68,SPOUSE OF HEADMAN,,44,43,NONE,NKHONDE
3,10101562,3,FEMALE,46,ASSIST. AGRICULTURAL EXTENSION DEVELOPMENT OFFICER,,3,6,NONE,SUKWA
4,10101562,4,MALE,30,SCHOOL TEACHER,,10,4,NONE,SUKWA
5,10101562,5,FEMALE,32,OTHER (SPECIFY),,3,13,JCE,SUKWA
6,10101562,6,FEMALE,49,OTHER (SPECIFY),,49,49,NONE,SUKWA
7,10101562,7,MALE,27,COUNSELOR TO HEADMAN,,6,22,JCE,SUKWA
8,10101562,8,FEMALE,36,BUSINESS MAN/WOMAN,,9,19,MSCE,NKHONDE
9,10101562,9,MALE,40,OTHER (SPECIFY),,4,36,PSLC,NKHONDE
10,10101562,10,FEMALE,55,OTHER (SPECIFY),,1,23,NONE,NKHONDE
1,10102004,1,MALE,35,HEADMAN,POLICE,35,2,NONE,SUKWA
2,10102004,2,FEMALE,32,SPOUSE OF HEADMAN,,10,18,NONE,SUKWA
3,10102004,3,MALE,29,COUNSELOR TO HEADMAN,,5,9,PSLC,SUKWA
4,10102004,4,FEMALE,33,BUSINESS MAN/WOMAN,,7,18,NONE,SUKWA
5,10102004,5,MALE,42,HEADMAN,,42,42,PSLC,SUKWA
6,10102004,6,MALE,43,RELIGIOUS LEADER,,6,43,NONE,SUKWA
7,10102004,7,MALE,23,OTHER (SPECIFY),,23,23,NONE,SUKWA
1,10103414,1,MALE,50,HEADMAN,HEALTH WORKER,8,50,PSLC,LAMBYA
2,10103414,2,MALE,61,HEADMAN,,3,61,PSLC,LAMBYA
3,10103414,3,MALE,40,SCHOOL TEACHER,,9,8,MSCE,LAMBYA
4,10103414,4,MALE,30,ASSIST. AGRICULTURAL EXTENSION DEVELOPMENT OFFICER,,4,3,MSCE,TUMBUKA
5,10103414,5,FEMALE,52,HEALTH WORKER,,7,10,JCE,LAMBYA
6,10103414,6,FEMALE,58,RELIGIOUS LEADER,,8,42,NONE,TUMBUKA
7,10103414,7,FEMALE,48,ASSIST. AGRICULTURAL EXTENSION DEVELOPMENT OFFICER,,3,25,NONE,LAMBYA
8,10103414,8,FEMALE,29,HEADMAN,OTHER (SPECIFY),29,29,PSLC,NYAKYUSA
9,10103414,9,MALE,27,HEALTH WORKER,,3,27,JCE,NYAKYUSA
10,10103414,10,MALE,42,HEALTH WORKER,,10,2,NON-UNIV. DIPLOMA,TUMBUKA
11,10103414,11,FEMALE,45,HEALTH WORKER,,20,45,PSLC,LAMBYA
12,10103414,12,MALE,36,HEALTH WORKER,,5,1,NON-UNIV. DIPLOMA,TUMBUKA
1,10104150,1,MALE,48,HEADMAN,,10,48,PSLC,TUMBUKA
2,10104150,2,FEMALE,45,SPOUSE OF HEADMAN,,10,25,PSLC,TUMBUKA
3,10104150,3,MALE,70,COUNSELOR TO HEADMAN,,30,70,NONE,TUMBUKA
4,10104150,4,MALE,64,COUNSELOR TO HEADMAN,,10,64,NONE,TUMBUKA
5,10104150,5,MALE,32,ASSIST. AGRICULTURAL EXTENSION DEVELOPMENT OFFICER,,6,32,JCE,TUMBUKA
6,10104150,6,FEMALE,78,OTHER (SPECIFY),,78,78,NONE,TUMBUKA
7,10104150,7,MALE,29,POLICE,,5,29,NONE,TUMBUKA
8,10104150,8,MALE,36,RELIGIOUS LEADER,,11,6,PSLC,TUMBUKA
9,10104150,9,MALE,69,HEADMAN,,12,69,NONE,TUMBUKA
10,10104150,10,FEMALE,45,BUSINESS MAN/WOMAN,,10,45,NONE,TUMBUKA
1,10201688,1,MALE,65,HEADMAN,,2,51,PSLC,NKHONDE
2,10201688,2,FEMALE,59,SPOUSE OF HEADMAN,RELIGIOUS LEADER,40,44,NONE,NKHONDE
3,10201688,3,MALE,52,COUNSELOR TO HEADMAN,,5,52,PSLC,NKHONDE
4,10201688,4,MALE,37,OTHER (SPECIFY),RELIGIOUS LEADER,4,34,JCE,NKHONDE
5,10201688,5,MALE,52,COUNSELOR TO HEADMAN,HEALTH WORKER,2,52,PSLC,NKHONDE
6,10201688,6,MALE,31,BUSINESS MAN/WOMAN,,5,25,MSCE,NKHONDE
7,10201688,7,MALE,35,OTHER (SPECIFY),COUNSELOR TO HEADMAN,31,3,UNIVER. DIPLOMA,NKHONDE
8,10201688,8,FEMALE,64,RELIGIOUS LEADER,,1,59,NONE,NKHONDE
9,10201688,9,FEMALE,67,OTHER (SPECIFY),,67,67,NONE,NKHONDE
10,10201688,10,FEMALE,71,OTHER (SPECIFY),,53,53,NONE,NKHONDE
11,10201688,11,MALE,71,COUNSELOR TO HEADMAN,,14,53,NONE,NKHONDE
12,10201688,12,MALE,42,RELIGIOUS LEADER,,6,35,NONE,NKHONDE
1,10202514,1,MALE,56,HEADMAN,,16,56,PSLC,NKHONDE
2,10202514,2,MALE,60,RELIGIOUS LEADER,,15,60,PSLC,NKHONDE
3,10202514,3,MALE,27,BUSINESS MAN/WOMAN,,1,27,NONE,NKHONDE
4,10202514,4,FEMALE,51,HEALTH WORKER,,5,51,NONE,NKHONDE
5,10202514,5,MALE,50,COUNSELOR TO HEADMAN,,5,10,MSCE,NKHONDE
6,10202514,6,MALE,35,BUSINESS MAN/WOMAN,,1,3,PSLC,NKHONDE
7,10202514,7,MALE,31,OTHER (SPECIFY),,31,31,NONE,NKHONDE
1,10203176,1,MALE,35,OTHER (SPECIFY),,4,35,PSLC,SUKWA
2,10203176,2,MALE,43,ASSIST. AGRICULTURAL EXTENSION DEVELOPMENT OFFICER,,10,3,NON-UNIV. DIPLOMA,TUMBUKA
3,10203176,3,MALE,24,OTHER (SPECIFY),,4,24,JCE,SUKWA
4,10203176,4,MALE,47,SCHOOL TEACHER,,20,4,MSCE,CHEWA
5,10203176,5,MALE,51,ASSIST. AGRICULTURAL EXTENSION DEVELOPMENT OFFICER,,18,8,JCE,NKHONDE
6,10203176,6,MALE,70,HEADMAN,,70,35,NONE,NKHONDE
7,10203176,7,FEMALE,39,HEALTH WORKER,,3,3,UNIVER. DIPLOMA,CHEWA
1,10203744,1,MALE,74,HEADMAN,,14,74,NONE,NKHONDE
2,10203744,2,MALE,68,COUNSELOR TO HEADMAN,,12,68,NONE,TUMBUKA
3,10203744,3,MALE,45,COUNSELOR TO HEADMAN,,13,45,NONE,TUMBUKA
4,10203744,4,MALE,60,OTHER (SPECIFY),,69,69,NONE,TUMBUKA
5,10203744,5,MALE,47,POLICE,,47,47,JCE,NKHONDE
6,10203744,6,FEMALE,45,OTHER (SPECIFY),,45,45,NONE,NKHONDE
7,10203744,7,FEMALE,47,OTHER (SPECIFY),,47,47,NONE,NKHONDE
8,10203744,8,FEMALE,20,OTHER (SPECIFY),,20,20,NONE,NKHONDE
9,10203744,9,FEMALE,36,HEALTH WORKER,,13,13,JCE,TUMBUKA
10,10203744,10,MALE,63,OTHER (SPECIFY),,12,12,NONE,TUMBUKA
11,10203744,11,MALE,45,COUNSELOR TO HEADMAN,,5,13,MSCE,TUMBUKA
12,10203744,12,MALE,51,OTHER (SPECIFY),,51,51,NONE,TUMBUKA
1,10204322,1,MALE,66,HEADMAN,,20,60,NONE,NKHONDE
2,10204322,2,FEMALE,59,SPOUSE OF HEADMAN,,35,59,NONE,NKHONDE
3,10204322,3,FEMALE,55,SPOUSE OF HEADMAN,,10,55,NONE,NKHONDE
4,10204322,4,FEMALE,56,SPOUSE OF HEADMAN,,6,56,NONE,NKHONDE
5,10204322,5,MALE,42,OTHER (SPECIFY),,2,39,PSLC,NKHONDE
6,10204322,6,MALE,50,RELIGIOUS LEADER,,4,50,NONE,NKHONDE
7,10204322,7,MALE,38,SCHOOL HEADMASTER,,8,3,NON-UNIV. DIPLOMA,NKHONDE
8,10204322,8,MALE,40,OTHER (SPECIFY),,1,26,PSLC,NKHONDE
9,10204322,9,MALE,38,BUSINESS MAN/WOMAN,,2,14,JCE,NKHONDE
1,10204586,1,MALE,61,HEADMAN,,3,61,PSLC,TUMBUKA
2,10204586,2,FEMALE,50,SPOUSE OF HEADMAN,,3,50,PSLC,TUMBUKA
3,10204586,3,MALE,78,OTHER (SPECIFY),,78,78,JCE,TUMBUKA
4,10204586,4,MALE,70,RELIGIOUS LEADER,,8,70,MSCE,TUMBUKA
5,10204586,5,MALE,71,COUNSELOR TO HEADMAN,,12,71,NONE,TUMBUKA
6,10204586,6,MALE,40,COUNSELOR TO HEADMAN,SCHOOL TEACHER,3,40,PSLC,TUMBUKA
7,10204586,7,MALE,30,BUSINESS MAN/WOMAN,,10,30,JCE,TUMBUKA
8,10204586,8,FEMALE,35,BUSINESS MAN/WOMAN,,5,35,JCE,TUMBUKA
9,10204586,9,FEMALE,60,OTHER (SPECIFY),RELIGIOUS LEADER,60,60,PSLC,TUMBUKA
1,10220103,1,MALE,41,OTHER (SPECIFY),,1,15,NONE,TUMBUKA
2,10220103,2,MALE,35,RELIGIOUS LEADER,,1,2,NONE,NKHONDE
3,10220103,3,MALE,40,OTHER (SPECIFY),,40,40,NONE,NYAKYUSA
4,10220103,4,MALE,27,OTHER (SPECIFY),,27,27,NONE,TUMBUKA
5,10220103,5,MALE,36,POLICE,,1,4,JCE,TUMBUKA
6,10220103,6,MALE,50,OTHER (SPECIFY),,5,5,JCE,TUMBUKA
7,10220103,7,FEMALE,41,BUSINESS MAN/WOMAN,,7,14,PSLC,NKHONDE
8,10220103,8,FEMALE,44,OTHER (SPECIFY),,5,5,NONE,NKHONDE
9,10220103,9,FEMALE,33,SPOUSE OF HEADMAN,,5,5,PSLC,TUMBUKA
10,10220103,10,FEMALE,20,BUSINESS MAN/WOMAN,,8,4,NONE,NKHONDE
11,10220103,11,MALE,47,HEADMAN,,11,47,PSLC,TUMBUKA
12,10220103,12,FEMALE,26,OTHER (SPECIFY),,1,1,NONE,TUMBUKA
1,10220705,1,MALE,71,HEADMAN,,19,71,NONE,NKHONDE
2,10220705,2,MALE,78,COUNSELOR TO HEADMAN,,19,78,NONE,NKHONDE
3,10220705,3,MALE,75,RELIGIOUS LEADER,,19,75,JCE,NKHONDE
4,10220705,4,MALE,50,BUSINESS MAN/WOMAN,,19,50,PSLC,NKHONDE
5,10220705,5,MALE,34,OTHER (SPECIFY),,34,34,JCE,NKHONDE
6,10220705,6,MALE,36,OTHER (SPECIFY),,36,36,JCE,NKHONDE
1,10301663,1,MALE,30,HEADMAN,,7,30,NONE,TONGA
2,10301663,2,MALE,42,COUNSELOR TO HEADMAN,,10,42,NONE,TONGA
3,10301663,3,FEMALE,35,BUSINESS MAN/WOMAN,,7,35,NONE,TONGA
4,10301663,4,MALE,29,POLICE,,3,29,MSCE,TONGA
5,10301663,5,FEMALE,18,RELIGIOUS LEADER,,2,18,JCE,TONGA
6,10301663,6,MALE,52,OTHER (SPECIFY),,11,13,PSLC,TONGA
7,10301663,7,MALE,32,ASSIST. AGRICULTURAL EXTENSION DEVELOPMENT OFFICER,,5,32,NONE,TONGA
8,10301663,8,MALE,40,SCHOOL TEACHER,,12,5,MSCE,TONGA
9,10301663,9,FEMALE,71,OTHER (SPECIFY),,71,71,NONE,TONGA
1,10302010,1,MALE,83,HEADMAN,,22,35,NONE,TONGA
2,10302010,2,MALE,54,COUNSELOR TO HEADMAN,,14,29,NONE,TONGA
3,10302010,3,MALE,54,COUNSELOR TO HEADMAN,,14,27,NONE,TONGA
4,10302010,4,MALE,71,HEALTH WORKER,,2,71,PSLC,TONGA
5,10302010,5,MALE,26,SCHOOL TEACHER,,3,26,MSCE,TONGA
6,10302010,6,MALE,60,OTHER (SPECIFY),,60,60,NONE,TONGA
7,10302010,7,MALE,49,OTHER (SPECIFY),RELIGIOUS LEADER,49,49,NONE,TONGA
8,10302010,8,MALE,49,OTHER (SPECIFY),POLICE,49,49,NONE,TONGA
9,10302010,9,FEMALE,52,OTHER (SPECIFY),,52,52,NONE,TONGA
10,10302010,10,MALE,62,OTHER (SPECIFY),,62,62,NONE,TONGA
1,10304012,1,MALE,57,HEADMAN,,49,49,PSLC,TONGA
2,10304012,2,MALE,48,OTHER (SPECIFY),,8,48,PSLC,TONGA
3,10304012,3,MALE,45,SCHOOL HEADMASTER,,5,5,UNIVER. DIPLOMA,TUMBUKA
4,10304012,4,MALE,39,ASSIST. AGRICULTURAL EXTENSION DEVELOPMENT OFFICER,,15,9,UNIVER. DIPLOMA,CHEWA
5,10304012,5,FEMALE,52,OTHER (SPECIFY),,3,5,UNIVER. DIPLOMA,TUMBUKA
6,10304012,6,FEMALE,37,SCHOOL HEADMASTER,,7,11,UNIVER. DIPLOMA,TUMBUKA
7,10304012,7,MALE,25,OTHER (SPECIFY),,5,5,MSCE,CHEWA
8,10304012,8,FEMALE,48,RELIGIOUS LEADER,,8,25,PSLC,TONGA
9,10304012,9,MALE,60,OTHER (SPECIFY),,4,31,JCE,TONGA
1,10305446,1,MALE,51,HEADMAN,,25,44,NONE,TONGA
2,10305446,2,MALE,46,COUNSELOR TO HEADMAN,,3,8,PSLC,TONGA
3,10305446,3,MALE,47,HEADMAN,,21,47,PSLC,TONGA
4,10305446,4,MALE,23,COUNSELOR TO HEADMAN,,2,23,JCE,TONGA
5,10305446,5,MALE,46,OTHER (SPECIFY),,3,21,JCE,TONGA
6,10305446,6,MALE,34,POLICE,,4,34,NONE,TONGA
7,10305446,7,FEMALE,35,BUSINESS MAN/WOMAN,,2,35,NONE,TONGA
8,10305446,8,MALE,61,ASSIST. AGRICULTURAL EXTENSION DEVELOPMENT OFFICER,,13,10,NONE,TONGA
9,10305446,9,MALE,34,RELIGIOUS LEADER,,4,34,PSLC,TONGA
1,10307413,1,MALE,72,HEADMAN,,11,72,NONE,TONGA
2,10307413,2,FEMALE,65,SPOUSE OF HEADMAN,,11,38,NONE,TONGA
3,10307413,3,MALE,68,COUNSELOR TO HEADMAN,,3,68,NONE,TONGA
4,10307413,4,MALE,48,ASSIST. AGRICULTURAL EXTENSION DEVELOPMENT OFFICER,,24,48,NONE,TONGA
5,10307413,5,FEMALE,35,RELIGIOUS LEADER,,7,65,NONE,TONGA
6,10307413,6,MALE,33,POLICE,,4,33,JCE,TONGA
7,10307413,7,MALE,62,HEALTH WORKER,OTHER (SPECIFY),7,62,NONE,TONGA
8,10307413,8,FEMALE,30,BUSINESS MAN/WOMAN,OTHER (SPECIFY),4,8,NONE,TONGA
1,10308636,1,MALE,56,HEADMAN,,9,56,JCE,TONGA
2,10308636,2,MALE,42,COUNSELOR TO HEADMAN,,9,42,NONE,TONGA
3,10308636,3,FEMALE,52,SPOUSE OF HEADMAN,,9,52,NONE,TONGA
4,10308636,4,MALE,34,BUSINESS MAN/WOMAN,,7,34,NONE,TONGA
5,10308636,5,MALE,81,OTHER (SPECIFY),,81,81,NONE,TONGA
6,10308636,6,MALE,27,RELIGIOUS LEADER,,3,27,NONE,TONGA
7,10308636,7,MALE,52,ASSIST. AGRICULTURAL EXTENSION DEVELOPMENT OFFICER,,3,52,NONE,TONGA
8,10308636,8,FEMALE,50,OTHER (SPECIFY),,6,50,NONE,TONGA
9,10308636,9,FEMALE,38,OTHER (SPECIFY),,10,38,NONE,TONGA
10,10308636,10,FEMALE,40,OTHER (SPECIFY),,7,40,NONE,TONGA
1,10401140,1,MALE,60,HEADMAN,,19,23,NONE,TUMBUKA
2,10401140,2,FEMALE,22,BUSINESS MAN/WOMAN,,4,22,NONE,NGONI
3,10401140,3,FEMALE,73,COUNSELOR TO HEADMAN,,14,25,NONE,TUMBUKA
4,10401140,4,FEMALE,36,COUNSELOR TO HEADMAN,,14,25,NONE,TUMBUKA
5,10401140,5,MALE,48,HEALTH WORKER,,8,12,JCE,TUMBUKA
6,10401140,6,FEMALE,47,RELIGIOUS LEADER,,6,17,NONE,TUMBUKA
7,10401140,7,FEMALE,41,BUSINESS MAN/WOMAN,,9,33,NONE,TUMBUKA
8,10401140,8,FEMALE,32,COUNSELOR TO HEADMAN,,4,32,NONE,TUMBUKA
9,10401140,9,MALE,32,OTHER (SPECIFY),,4,10,JCE,TUMBUKA
10,10401140,10,MALE,44,SCHOOL HEADMASTER,,12,3,MSCE,TUMBUKA
1,10401502,1,MALE,48,HEADMAN,,20,48,NONE,TUMBUKA
2,10401502,2,FEMALE,51,COUNSELOR TO HEADMAN,COUNSELOR TO HEADMAN,20,51,NONE,CHEWA
3,10401502,3,FEMALE,63,RELIGIOUS LEADER,,15,63,NONE,TUMBUKA
4,10401502,4,MALE,43,COUNSELOR TO HEADMAN,,12,43,NONE,TUMBUKA
5,10401502,5,FEMALE,70,COUNSELOR TO HEADMAN,,20,70,NONE,TUMBUKA
6,10401502,6,MALE,50,BUSINESS MAN/WOMAN,RELIGIOUS LEADER,9,48,NONE,TUMBUKA
7,10401502,7,MALE,48,BUSINESS MAN/WOMAN,COUNSELOR TO HEADMAN,3,48,NONE,TUMBUKA
8,10401502,8,MALE,23,OTHER (SPECIFY),,1,23,NONE,TUMBUKA
9,10401502,9,MALE,23,OTHER (SPECIFY),SPOUSE OF HEADMAN,22,1,MSCE,TUMBUKA
10,10401502,10,MALE,50,SCHOOL HEADMASTER,,15,7,JCE,NGONI
1,10401522,1,MALE,42,HEADMAN,,4,42,NONE,TUMBUKA
2,10401522,2,FEMALE,38,SPOUSE OF HEADMAN,,4,18,NONE,TUMBUKA
3,10401522,3,MALE,35,OTHER (SPECIFY),,1,5,PSLC,CHEWA
4,10401522,4,FEMALE,61,COUNSELOR TO HEADMAN,,4,50,NONE,TUMBUKA
5,10401522,5,MALE,34,OTHER (SPECIFY),,2,30,JCE,TUMBUKA
1,10404186,1,MALE,84,HEADMAN,,43,84,NONE,TUMBUKA
2,10404186,2,MALE,57,COUNSELOR TO HEADMAN,,15,29,MSCE,TUMBUKA
3,10404186,3,MALE,70,COUNSELOR TO HEADMAN,,22,70,NONE,TUMBUKA
4,10404186,4,MALE,79,COUNSELOR TO HEADMAN,,19,35,NONE,TUMBUKA
5,10404186,5,MALE,77,COUNSELOR TO HEADMAN,,19,77,NONE,TUMBUKA
6,10404186,6,MALE,44,POLICE,,10,44,JCE,TUMBUKA
7,10404186,7,MALE,49,RELIGIOUS LEADER,,6,49,MSCE,TUMBUKA
8,10404186,8,MALE,47,HEALTH WORKER,,7,47,PSLC,TUMBUKA
9,10404186,9,MALE,47,SCHOOL TEACHER,,19,36,MSCE,TUMBUKA
10,10404186,10,MALE,47,OTHER (SPECIFY),,5,47,NONE,TUMBUKA
11,10404186,11,MALE,92,OTHER (SPECIFY),,10,59,NONE,TUMBUKA
12,10404186,12,FEMALE,65,SCHOOL TEACHER,,20,30,JCE,TUMBUKA
1,10405213,1,MALE,56,HEADMAN,,22,30,NONE,TUMBUKA
2,10405213,2,FEMALE,50,SPOUSE OF HEADMAN,,22,30,NONE,TUMBUKA
3,10405213,3,MALE,45,RELIGIOUS LEADER,COUNSELOR TO HEADMAN,1,45,PSLC,TUMBUKA
4,10405213,4,FEMALE,26,RELIGIOUS LEADER,,4,9,PSLC,TUMBUKA
5,10405213,5,FEMALE,22,OTHER (SPECIFY),,2,3,NONE,TUMBUKA
6,10405213,6,MALE,44,COUNSELOR TO HEADMAN,,5,44,JCE,TUMBUKA
7,10405213,7,MALE,36,COUNSELOR TO HEADMAN,,2,36,JCE,TUMBUKA
8,10405213,8,FEMALE,23,POLICE,,4,8,NONE,TUMBUKA
9,10405213,9,FEMALE,27,POLICE,,4,9,NONE,TUMBUKA
10,10405213,10,FEMALE,27,RELIGIOUS LEADER,,2,5,NONE,TUMBUKA
1,10501505,1,FEMALE,44,SPOUSE OF HEADMAN,,1,23,NONE,TUMBUKA
2,10501505,2,MALE,48,HEADMAN,,1,48,NONE,TUMBUKA
3,10501505,3,MALE,25,BUSINESS MAN/WOMAN,,1,22,NONE,TUMBUKA
4,10501505,4,MALE,40,HEALTH WORKER,,10,10,MSCE,TUMBUKA
5,10501505,5,MALE,45,SCHOOL TEACHER,,12,12,MSCE,TUMBUKA
6,10501505,6,FEMALE,51,HEALTH WORKER,,28,8,MSCE,TUMBUKA
1,10501709,1,MALE,32,HEADMAN,,3,30,NONE,TUMBUKA
2,10501709,2,MALE,48,COUNSELOR TO HEADMAN,,3,33,NONE,TUMBUKA
3,10501709,3,MALE,18,SPOUSE OF HEADMAN,,4,18,NONE,TUMBUKA
4,10501709,4,MALE,47,OTHER (SPECIFY),,2,27,NONE,TUMBUKA
5,10501709,5,MALE,64,RELIGIOUS LEADER,,6,61,NONE,TUMBUKA
6,10501709,6,FEMALE,31,RELIGIOUS LEADER,,6,30,NONE,TUMBUKA
7,10501709,7,MALE,55,SCHOOL HEADMASTER,,15,5,MSCE,TUMBUKA
1,10502268,1,MALE,54,HEADMAN,,22,54,NONE,TUMBUKA
2,10502268,2,FEMALE,51,SPOUSE OF HEADMAN,,22,32,NONE,TUMBUKA
3,10502268,3,MALE,66,COUNSELOR TO HEADMAN,RELIGIOUS LEADER,12,66,NONE,TUMBUKA
4,10502268,4,FEMALE,36,OTHER (SPECIFY),,2,13,NONE,TUMBUKA
5,10502268,5,MALE,45,SCHOOL HEADMASTER,,9,4,MSCE,TUMBUKA
6,10502268,6,MALE,61,COUNSELOR TO HEADMAN,,22,61,NONE,TUMBUKA
7,10502268,7,FEMALE,34,OTHER (SPECIFY),,30,1,MSCE,TUMBUKA
8,10502268,8,FEMALE,54,RELIGIOUS LEADER,,11,30,NONE,TUMBUKA
1,10502593,1,MALE,71,HEADMAN,,25,55,JCE,TUMBUKA
2,10502593,2,FEMALE,67,SPOUSE OF HEADMAN,,25,40,JCE,TUMBUKA
3,10502593,3,FEMALE,79,COUNSELOR TO HEADMAN,,10,70,NONE,TUMBUKA
4,10502593,4,MALE,38,BUSINESS MAN/WOMAN,,4,31,NONE,TUMBUKA
5,10502593,5,MALE,45,RELIGIOUS LEADER,,6,33,NONE,TUMBUKA
6,10502593,6,FEMALE,36,OTHER (SPECIFY),,2,13,JCE,TUMBUKA
7,10502593,7,FEMALE,44,COUNSELOR TO HEADMAN,,25,44,NONE,TUMBUKA
8,10502593,8,FEMALE,20,BUSINESS MAN/WOMAN,,1,2,NONE,TUMBUKA
9,10502593,9,FEMALE,60,COUNSELOR TO HEADMAN,,25,60,NONE,TUMBUKA
10,10502593,10,MALE,53,SCHOOL HEADMASTER,,7,11,JCE,TUMBUKA
1,10503367,1,MALE,72,HEADMAN,,2,72,NONE,TUMBUKA
2,10503367,2,FEMALE,66,SPOUSE OF HEADMAN,,2,46,NONE,TUMBUKA
3,10503367,3,FEMALE,36,OTHER (SPECIFY),BUSINESS MAN/WOMAN,4,36,NONE,TUMBUKA
4,10503367,4,MALE,62,BUSINESS MAN/WOMAN,,8,62,PSLC,TUMBUKA
5,10503367,5,FEMALE,54,RELIGIOUS LEADER,,4,54,PSLC,TUMBUKA
6,10503367,6,FEMALE,42,COUNSELOR TO HEADMAN,BUSINESS MAN/WOMAN,1,28,NONE,TUMBUKA
7,10503367,7,MALE,61,COUNSELOR TO HEADMAN,,9,61,NONE,TUMBUKA
8,10503367,8,FEMALE,68,COUNSELOR TO HEADMAN,,12,40,NONE,TUMBUKA
9,10503367,9,FEMALE,20,OTHER (SPECIFY),,1,20,NONE,TUMBUKA
10,10503367,10,MALE,41,SCHOOL HEADMASTER,,3,3,MSCE,TUMBUKA
11,10503367,11,FEMALE,24,SCHOOL TEACHER,,1,1,MSCE,TUMBUKA
1,10505136,1,MALE,58,HEADMAN,,23,57,NONE,TUMBUKA
2,10505136,2,FEMALE,32,BUSINESS MAN/WOMAN,RELIGIOUS LEADER,10,32,NONE,TUMBUKA
3,10505136,3,MALE,84,COUNSELOR TO HEADMAN,,23,89,NONE,TUMBUKA
4,10505136,4,FEMALE,32,RELIGIOUS LEADER,,7,32,NONE,TUMBUKA
5,10505136,5,MALE,59,OTHER (SPECIFY),,2,34,NONE,TUMBUKA
6,10505136,6,MALE,69,COUNSELOR TO HEADMAN,,23,69,NONE,TUMBUKA
7,10505136,7,MALE,85,COUNSELOR TO HEADMAN,,23,85,NONE,TUMBUKA
8,10505136,8,MALE,70,RELIGIOUS LEADER,,12,64,NONE,TUMBUKA
9,10505136,9,MALE,26,BUSINESS MAN/WOMAN,,10,25,NONE,TUMBUKA
10,10505136,10,FEMALE,21,SCHOOL TEACHER,,1,1,MSCE,TUMBUKA
1,10505310,1,FEMALE,55,SPOUSE OF HEADMAN,,3,30,NONE,TUMBUKA
2,10505310,2,MALE,49,COUNSELOR TO HEADMAN,,9,35,JCE,TUMBUKA
3,10505310,3,MALE,46,SCHOOL HEADMASTER,,3,3,MSCE,TUMBUKA
4,10505310,4,FEMALE,41,RELIGIOUS LEADER,,16,19,PSLC,TUMBUKA
5,10505310,5,MALE,34,BUSINESS MAN/WOMAN,RELIGIOUS LEADER,1,25,JCE,TUMBUKA
6,10505310,6,FEMALE,33,HEALTH WORKER,,14,18,JCE,TUMBUKA
7,10505310,7,MALE,60,COUNSELOR TO HEADMAN,,3,40,JCE,TUMBUKA
8,10505310,8,MALE,27,BUSINESS MAN/WOMAN,,6,20,MSCE,TUMBUKA
1,10505508,1,MALE,50,HEADMAN,,7,50,NONE,TUMBUKA
2,10505508,2,MALE,56,RELIGIOUS LEADER,,3,22,MSCE,TUMBUKA
3,10505508,3,FEMALE,40,SPOUSE OF HEADMAN,,7,20,NONE,TUMBUKA
4,10505508,4,FEMALE,51,COUNSELOR TO HEADMAN,RELIGIOUS LEADER,4,45,NONE,TUMBUKA
5,10505508,5,MALE,50,RELIGIOUS LEADER,,7,50,PSLC,TUMBUKA
6,10505508,6,MALE,61,OTHER (SPECIFY),,4,61,NONE,TUMBUKA
7,10505508,7,MALE,68,COUNSELOR TO HEADMAN,,7,62,NONE,TUMBUKA
8,10505508,8,MALE,70,OTHER (SPECIFY),SCHOOL HEADMASTER,63,38,NONE,TUMBUKA
9,10505508,9,MALE,48,BUSINESS MAN/WOMAN,SCHOOL HEADMASTER,38,1,MSCE,TUMBUKA
10,10505508,10,MALE,69,BUSINESS MAN/WOMAN,RELIGIOUS LEADER,30,5,MSCE,TUMBUKA
1,10507175,1,MALE,40,HEADMAN,,4,40,NONE,TUMBUKA
2,10507175,2,MALE,31,OTHER (SPECIFY),,2,31,PSLC,TUMBUKA
3,10507175,3,FEMALE,29,SPOUSE OF HEADMAN,,4,11,NONE,TUMBUKA
4,10507175,4,MALE,39,COUNSELOR TO HEADMAN,,2,39,NONE,TUMBUKA
5,10507175,5,MALE,40,COUNSELOR TO HEADMAN,,2,15,JCE,TUMBUKA
6,10507175,6,MALE,32,OTHER (SPECIFY),,10,32,NONE,TUMBUKA
7,10507175,7,MALE,35,BUSINESS MAN/WOMAN,,4,35,NONE,TUMBUKA
8,10507175,8,MALE,33,RELIGIOUS LEADER,,6,33,NONE,TUMBUKA
9,10507175,9,MALE,44,SCHOOL HEADMASTER,,8,1,MSCE,TUMBUKA
1,10507344,1,MALE,61,HEADMAN,,39,61,NONE,TUMBUKA
2,10507344,2,MALE,69,COUNSELOR TO HEADMAN,,8,6,NONE,TUMBUKA
3,10507344,3,MALE,22,BUSINESS MAN/WOMAN,,3,22,PSLC,TUMBUKA
4,10507344,4,MALE,26,SCHOOL TEACHER,,1,1,MSCE,CHEWA
5,10507344,5,FEMALE,56,BUSINESS MAN/WOMAN,RELIGIOUS LEADER,2,30,NONE,TUMBUKA
6,10507344,6,FEMALE,27,BUSINESS MAN/WOMAN,,1,27,PSLC,TUMBUKA
7,10507344,7,FEMALE,52,SPOUSE OF HEADMAN,,39,40,NONE,TUMBUKA
8,10507344,8,FEMALE,28,RELIGIOUS LEADER,,4,12,NONE,TUMBUKA
9,10507344,9,MALE,55,BUSINESS MAN/WOMAN,,8,24,PSLC,TUMBUKA
10,10507344,10,FEMALE,49,SPOUSE OF HEADMAN,,21,21,NONE,TUMBUKA
1,10509319,1,MALE,76,HEADMAN,RELIGIOUS LEADER,22,51,PSLC,TUMBUKA
2,10509319,2,FEMALE,45,SPOUSE OF HEADMAN,BUSINESS MAN/WOMAN,22,29,NONE,TUMBUKA
3,10509319,3,MALE,71,COUNSELOR TO HEADMAN,,6,66,NONE,TUMBUKA
4,10509319,4,MALE,32,BUSINESS MAN/WOMAN,,10,32,JCE,TUMBUKA
5,10509319,5,FEMALE,42,RELIGIOUS LEADER,BUSINESS MAN/WOMAN,3,32,NONE,TUMBUKA
6,10509319,6,MALE,52,HEALTH WORKER,,6,2,MSCE,TUMBUKA
7,10509319,7,FEMALE,64,COUNSELOR TO HEADMAN,RELIGIOUS LEADER,20,49,NONE,TUMBUKA
8,10509319,8,MALE,50,SCHOOL HEADMASTER,,7,1,MSCE,TUMBUKA
1,10510388,1,MALE,74,HEADMAN,,18,34,MSCE,TUMBUKA
2,10510388,2,FEMALE,49,OTHER (SPECIFY),,2,26,NONE,TUMBUKA
3,10510388,3,MALE,51,SCHOOL HEADMASTER,,9,6,MSCE,TUMBUKA
4,10510388,4,MALE,42,SCHOOL TEACHER,,6,1,UNIVER. DIPLOMA,CHEWA
5,10510388,5,FEMALE,50,RELIGIOUS LEADER,BUSINESS MAN/WOMAN,23,23,NONE,TUMBUKA
6,10510388,6,MALE,57,BUSINESS MAN/WOMAN,,1,24,MSCE,TUMBUKA
7,10510388,7,FEMALE,34,COUNSELOR TO HEADMAN,,4,15,PSLC,TUMBUKA
8,10510388,8,MALE,54,COUNSELOR TO HEADMAN,,18,44,NONE,TUMBUKA
9,10510388,9,FEMALE,51,COUNSELOR TO HEADMAN,,6,39,NONE,TUMBUKA
10,10510388,10,MALE,30,BUSINESS MAN/WOMAN,,2,29,JCE,TUMBUKA
11,10510388,11,FEMALE,47,RELIGIOUS LEADER,,18,22,NONE,TUMBUKA
12,10510388,12,MALE,37,OTHER (SPECIFY),,5,21,PSLC,TUMBUKA
1,10732192,1,MALE,36,HEADMAN,,8,36,JCE,TUMBUKA
2,10732192,2,FEMALE,52,COUNSELOR TO HEADMAN,,8,52,PSLC,TUMBUKA
3,10732192,3,FEMALE,26,SPOUSE OF HEADMAN,,4,4,JCE,TUMBUKA
4,10732192,4,MALE,29,BUSINESS MAN/WOMAN,,2,3,JCE,TUMBUKA
5,10732192,5,FEMALE,34,SCHOOL TEACHER,,7,2,NON-UNIV. DIPLOMA,TUMBUKA
6,10732192,6,FEMALE,58,SCHOOL HEADMASTER,,20,2,NON-UNIV. DIPLOMA,TUMBUKA
1,10733640,1,MALE,60,HEADMAN,,5,12,UNIVER. DIPLOMA,TUMBUKA
2,10733640,2,MALE,46,COUNSELOR TO HEADMAN,,5,16,MSCE,TUMBUKA
3,10733640,3,FEMALE,53,SPOUSE OF HEADMAN,,5,12,MSCE,TUMBUKA
4,10733640,4,FEMALE,39,BUSINESS MAN/WOMAN,,15,10,JCE,NYANJA
5,10733640,5,MALE,36,RELIGIOUS LEADER,,8,12,PSLC,TUMBUKA
6,10733640,6,MALE,48,OTHER (SPECIFY),,20,8,NONE,NKHONDE
7,10733640,7,FEMALE,62,OTHER (SPECIFY),,4,40,NONE,TUMBUKA
1,10734370,1,FEMALE,44,HEADMAN,HEALTH WORKER,8,20,MSCE,NKHONDE
2,10734370,2,MALE,47,COUNSELOR TO HEADMAN,,6,23,NONE,TUMBUKA
3,10734370,3,MALE,58,OTHER (SPECIFY),,51,51,PSLC,TONGA
4,10734370,4,FEMALE,45,RELIGIOUS LEADER,,51,51,PSLC,TONGA
5,10734370,5,FEMALE,45,OTHER (SPECIFY),,8,8,NONE,NKHONDE
6,10734370,6,MALE,21,POLICE,,2,11,JCE,LAMBYA
7,10734370,7,FEMALE,30,BUSINESS MAN/WOMAN,,12,13,JCE,LAMBYA
8,10734370,8,FEMALE,33,OTHER (SPECIFY),BUSINESS MAN/WOMAN,8,8,NONE,TUMBUKA
1,10734762,1,MALE,57,HEADMAN,,9,35,NONE,TUMBUKA
2,10734762,2,MALE,46,COUNSELOR TO HEADMAN,,6,30,NONE,TUMBUKA
3,10734762,3,FEMALE,48,COUNSELOR TO HEADMAN,,4,30,NONE,TUMBUKA
4,10734762,4,FEMALE,50,SPOUSE OF HEADMAN,,9,46,NONE,TUMBUKA
5,10734762,5,FEMALE,56,SCHOOL HEADMASTER,,1,20,JCE,TUMBUKA
6,10734762,6,FEMALE,51,SCHOOL HEADMASTER,,8,8,UNIVER. DIPLOMA,CHEWA
1,10735173,1,MALE,52,HEADMAN,,11,24,NONE,TUMBUKA
2,10735173,2,FEMALE,42,SPOUSE OF HEADMAN,,17,18,PSLC,TUMBUKA
3,10735173,3,FEMALE,40,OTHER (SPECIFY),,8,4,PSLC,TUMBUKA
4,10735173,4,FEMALE,56,RELIGIOUS LEADER,,6,20,NONE,TUMBUKA
5,10735173,5,MALE,68,HEALTH WORKER,,10,34,NONE,TUMBUKA
6,10735173,6,MALE,39,SCHOOL TEACHER,,14,39,MSCE,TUMBUKA
7,10735173,7,MALE,46,ASSIST. AGRICULTURAL EXTENSION DEVELOPMENT OFFICER,,6,19,MSCE,TUMBUKA
1,10736596,1,MALE,56,HEADMAN,,20,56,NONE,TUMBUKA
2,10736596,2,MALE,73,COUNSELOR TO HEADMAN,,20,73,NONE,TUMBUKA
3,10736596,3,MALE,34,RELIGIOUS LEADER,,13,9,MSCE,YAO
4,10736596,4,MALE,40,ASSIST. AGRICULTURAL EXTENSION DEVELOPMENT OFFICER,,2,17,JCE,TUMBUKA
5,10736596,5,MALE,25,POLICE,,5,23,PSLC,TUMBUKA
6,10736596,6,FEMALE,35,BUSINESS MAN/WOMAN,,10,10,JCE,TUMBUKA
7,10736596,7,FEMALE,39,HEALTH WORKER,,14,6,MSCE,LAMBYA
8,10736596,8,FEMALE,56,OTHER (SPECIFY),,56,56,NONE,TUMBUKA
9,10736596,9,FEMALE,34,OTHER (SPECIFY),,11,11,JCE,TUMBUKA
1,10741504,1,MALE,67,HEADMAN,,1,20,NONE,TUMBUKA
2,10741504,2,MALE,42,COUNSELOR TO HEADMAN,,1,25,PSLC,NKHONDE
3,10741504,3,MALE,46,RELIGIOUS LEADER,,6,9,JCE,NKHONDE
4,10741504,4,FEMALE,37,BUSINESS MAN/WOMAN,,11,9,JCE,TUMBUKA
5,10741504,5,FEMALE,48,OTHER (SPECIFY),,9,15,NONE,TUMBUKA
6,10741504,6,MALE,52,OTHER (SPECIFY),,47,47,NONE,TUMBUKA
1,10744649,1,MALE,64,HEADMAN,,30,64,NONE,CHEWA
2,10744649,2,FEMALE,42,SPOUSE OF HEADMAN,,30,42,NONE,TUMBUKA
3,10744649,3,MALE,48,COUNSELOR TO HEADMAN,,13,48,PSLC,TONGA
4,10744649,4,MALE,33,RELIGIOUS LEADER,,1,33,JCE,TONGA
5,10744649,5,MALE,19,POLICE,BUSINESS MAN/WOMAN,3,3,JCE,TUMBUKA
6,10744649,6,FEMALE,35,HEALTH WORKER,,1,10,NONE,TUMBUKA
1,10746033,1,FEMALE,60,HEADMAN,,17,45,PSLC,TUMBUKA
2,10746033,2,MALE,51,HEADMAN,,12,37,PSLC,TUMBUKA
3,10746033,3,FEMALE,58,SCHOOL HEADMASTER,,6,6,MSCE,TUMBUKA
4,10746033,4,MALE,55,SCHOOL TEACHER,,3,7,MSCE,TUMBUKA
5,10746033,5,FEMALE,35,RELIGIOUS LEADER,,5,29,JCE,TUMBUKA
6,10746033,6,MALE,27,BUSINESS MAN/WOMAN,,8,22,MSCE,TUMBUKA
7,10746033,7,MALE,50,SCHOOL TEACHER,,4,6,MSCE,TUMBUKA
1,10746244,1,MALE,68,HEADMAN,,9,25,NONE,TUMBUKA
2,10746244,2,FEMALE,57,SPOUSE OF HEADMAN,,9,25,NONE,TUMBUKA
3,10746244,3,MALE,37,COUNSELOR TO HEADMAN,,9,23,NONE,TUMBUKA
4,10746244,4,FEMALE,57,SCHOOL TEACHER,,32,4,MSCE,TUMBUKA
5,10746244,5,FEMALE,40,HEALTH WORKER,,4,8,NONE,TUMBUKA
6,10746244,6,FEMALE,37,BUSINESS MAN/WOMAN,,19,9,NONE,TUMBUKA
7,10746244,7,MALE,35,RELIGIOUS LEADER,,4,2,MSCE,TUMBUKA
8,10746244,8,MALE,60,COUNSELOR TO HEADMAN,,2,8,NONE,CHEWA
9,10746244,9,MALE,30,POLICE,,2,4,NONE,TUMBUKA
1,20106042,1,MALE,48,COUNSELOR TO HEADMAN,,14,48,NONE,CHEWA
2,20106042,2,MALE,54,OTHER (SPECIFY),,5,25,NONE,CHEWA
3,20106042,3,MALE,40,RELIGIOUS LEADER,,9,32,NONE,CHEWA
4,20106042,4,MALE,48,OTHER (SPECIFY),,2,48,PSLC,CHEWA
5,20106042,5,FEMALE,45,OTHER (SPECIFY),,1,45,NONE,CHEWA
6,20106042,6,FEMALE,36,OTHER (SPECIFY),,1,20,NONE,CHEWA
7,20106042,7,FEMALE,30,BUSINESS MAN/WOMAN,,2,30,NONE,CHEWA
8,20106042,8,FEMALE,43,OTHER (SPECIFY),,1,35,NONE,CHEWA
9,20106042,9,FEMALE,53,OTHER (SPECIFY),,1,53,NONE,CHEWA
10,20106042,10,FEMALE,42,SCHOOL TEACHER,,17,6,NON-UNIV. DIPLOMA,CHEWA
1,20110620,1,MALE,70,HEADMAN,,13,67,NONE,CHEWA
2,20110620,2,MALE,55,HEADMAN,,4,30,NONE,TUMBUKA
3,20110620,3,FEMALE,32,COUNSELOR TO HEADMAN,,2,32,PSLC,CHEWA
4,20110620,4,MALE,31,OTHER (SPECIFY),,1,3,JCE,CHEWA
5,20110620,5,MALE,33,OTHER (SPECIFY),,5,33,NONE,CHEWA
6,20110620,6,MALE,41,RELIGIOUS LEADER,HEADMAN,3,13,NONE,CHEWA
7,20110620,7,MALE,34,OTHER (SPECIFY),,3,12,NONE,CHEWA
8,20110620,8,MALE,35,OTHER (SPECIFY),,1,6,MSCE,CHEWA
9,20110620,9,MALE,40,OTHER (SPECIFY),,3,40,NONE,CHEWA
10,20110620,10,MALE,47,HEADMAN,,4,47,NONE,CHEWA
11,20110620,11,MALE,80,RELIGIOUS LEADER,,35,10,PSLC,CHEWA
1,20111718,1,MALE,54,HEADMAN,,11,54,NONE,CHEWA
2,20111718,2,MALE,55,HEADMAN,,3,55,PSLC,CHEWA
3,20111718,3,MALE,57,HEADMAN,,3,55,PSLC,CHEWA
4,20111718,4,MALE,40,OTHER (SPECIFY),,4,57,NONE,CHEWA
5,20111718,5,FEMALE,40,OTHER (SPECIFY),,3,40,PSLC,CHEWA
6,20111718,6,MALE,43,OTHER (SPECIFY),,3,13,PSLC,CHEWA
7,20111718,7,MALE,29,OTHER (SPECIFY),,1,6,PSLC,CHEWA
8,20111718,8,MALE,45,HEADMAN,,2,13,PSLC,CHEWA
9,20111718,9,MALE,29,RELIGIOUS LEADER,,1,13,NONE,CHEWA
10,20111718,10,MALE,21,BUSINESS MAN/WOMAN,,1,19,MSCE,CHEWA
11,20111718,11,FEMALE,32,OTHER (SPECIFY),,4,8,MSCE,CHEWA
12,20111718,12,FEMALE,26,OTHER (SPECIFY),,4,9,NONE,CHEWA
1,20112661,1,MALE,81,HEADMAN,,58,77,NONE,CHEWA
2,20112661,2,FEMALE,55,HEADMAN,,14,33,NONE,CHEWA
3,20112661,3,FEMALE,52,RELIGIOUS LEADER,,0,29,NONE,CHEWA
4,20112661,4,MALE,61,COUNSELOR TO HEADMAN,,11,37,PSLC,CHEWA
5,20112661,5,MALE,55,COUNSELOR TO HEADMAN,,12,55,NONE,CHEWA
6,20112661,6,MALE,40,RELIGIOUS LEADER,,2,40,PSLC,CHEWA
1,20113112,1,MALE,61,HEADMAN,,10,29,PSLC,CHEWA
2,20113112,2,MALE,51,OTHER (SPECIFY),,2,39,NONE,CHEWA
3,20113112,3,MALE,42,OTHER (SPECIFY),,2,42,MSCE,CHEWA
4,20113112,4,MALE,56,OTHER (SPECIFY),,2,24,NONE,CHEWA
5,20113112,5,MALE,32,RELIGIOUS LEADER,,9,32,JCE,CHEWA
6,20113112,6,MALE,31,OTHER (SPECIFY),,3,31,JCE,CHEWA
7,20113112,7,MALE,33,OTHER (SPECIFY),,3,33,JCE,CHEWA
8,20113112,8,MALE,35,OTHER (SPECIFY),,2,35,JCE,CHEWA
9,20113112,9,MALE,56,OTHER (SPECIFY),,4,56,NONE,CHEWA
10,20113112,10,FEMALE,22,OTHER (SPECIFY),,1,4,NONE,CHEWA
11,20113112,11,FEMALE,32,SCHOOL TEACHER,,4,5,NON-UNIV. DIPLOMA,CHEWA
12,20113112,12,MALE,30,SCHOOL TEACHER,,4,5,NON-UNIV. DIPLOMA,LAMBYA
1,20115434,1,MALE,62,HEADMAN,,33,52,PSLC,CHEWA
2,20115434,2,FEMALE,54,RELIGIOUS LEADER,,3,34,NONE,CHEWA
3,20115434,3,FEMALE,46,OTHER (SPECIFY),,3,26,JCE,CHEWA
4,20115434,4,FEMALE,55,OTHER (SPECIFY),,3,40,NONE,CHEWA
5,20115434,5,MALE,39,BUSINESS MAN/WOMAN,,2,39,PSLC,CHEWA
6,20115434,6,MALE,35,OTHER (SPECIFY),,6,35,NONE,CHEWA
7,20115434,7,MALE,39,OTHER (SPECIFY),,7,39,NONE,CHEWA
8,20115434,8,MALE,34,OTHER (SPECIFY),,2,34,PSLC,CHEWA
9,20115434,9,MALE,56,OTHER (SPECIFY),,1,24,MSCE,CHEWA
10,20115434,10,MALE,27,OTHER (SPECIFY),,3,27,PSLC,CHEWA
11,20115434,11,MALE,49,SCHOOL HEADMASTER,,7,7,NON-UNIV. DIPLOMA,CHEWA
1,20205207,1,MALE,39,HEADMAN,,10,39,JCE,CHEWA
2,20205207,2,MALE,43,COUNSELOR TO HEADMAN,RELIGIOUS LEADER,11,43,NONE,CHEWA
3,20205207,3,MALE,32,,,,23,NONE,CHEWA
4,20205207,4,FEMALE,43,OTHER (SPECIFY),,10,29,PSLC,CHEWA
5,20205207,5,FEMALE,41,OTHER (SPECIFY),,6,36,NONE,CHEWA
6,20205207,6,FEMALE,22,OTHER (SPECIFY),,22,1,NONE,CHEWA
7,20205207,7,FEMALE,26,OTHER (SPECIFY),,6,36,NONE,CHEWA
8,20205207,8,FEMALE,30,SPOUSE OF HEADMAN,OTHER (SPECIFY),10,10,PSLC,CHEWA
9,20205207,9,MALE,45,COUNSELOR TO HEADMAN,,10,40,NONE,CHEWA
1,20206362,1,MALE,32,COUNSELOR TO HEADMAN,,7,7,PSLC,CHEWA
2,20206362,2,FEMALE,31,HEADMAN,OTHER (SPECIFY),3,31,PSLC,CHEWA
3,20206362,3,FEMALE,30,HEADMAN,,5,12,NONE,CHEWA
4,20206362,4,MALE,21,OTHER (SPECIFY),,5,21,NONE,CHEWA
5,20206362,5,FEMALE,33,OTHER (SPECIFY),,3,33,JCE,CHEWA
6,20206362,6,MALE,33,RELIGIOUS LEADER,,3,31,JCE,CHEWA
7,20206362,7,MALE,47,COUNSELOR TO HEADMAN,,4,12,NONE,CHEWA
8,20206362,8,FEMALE,50,OTHER (SPECIFY),,10,32,NONE,CHEWA
9,20206362,9,MALE,28,OTHER (SPECIFY),,0,16,NONE,CHEWA
10,20206362,10,FEMALE,41,SCHOOL HEADMASTER,,8,12,NON-UNIV. DIPLOMA,CHEWA
11,20206362,11,MALE,23,RELIGIOUS LEADER,,1,23,JCE,CHEWA
12,20206362,12,MALE,48,SCHOOL HEADMASTER,,24,5,NON-UNIV. DIPLOMA,CHEWA
1,20302539,1,MALE,46,HEADMAN,,32,46,NONE,CHEWA
2,20302539,2,MALE,45,HEADMAN,,10,45,NONE,CHEWA
3,20302539,3,MALE,38,OTHER (SPECIFY),,1,38,NONE,CHEWA
4,20302539,4,MALE,59,RELIGIOUS LEADER,,3,44,JCE,CHEWA
5,20302539,5,FEMALE,52,RELIGIOUS LEADER,,1,34,PSLC,CHEWA
6,20302539,6,FEMALE,25,OTHER (SPECIFY),,3,25,NONE,CHEWA
7,20302539,7,FEMALE,21,OTHER (SPECIFY),,2,7,PSLC,CHEWA
8,20302539,8,MALE,26,OTHER (SPECIFY),,3,25,MSCE,CHEWA
9,20302539,9,MALE,26,OTHER (SPECIFY),,3,21,PSLC,CHEWA
10,20302539,10,MALE,24,OTHER (SPECIFY),,2,11,JCE,CHEWA
11,20302539,11,MALE,43,SCHOOL TEACHER,,18,9,NON-UNIV. DIPLOMA,CHEWA
1,20303065,1,MALE,53,HEADMAN,,14,39,NONE,CHEWA
2,20303065,2,MALE,30,OTHER (SPECIFY),,4,9,NONE,CHEWA
3,20303065,3,MALE,34,OTHER (SPECIFY),,4,34,PSLC,CHEWA
4,20303065,4,MALE,34,OTHER (SPECIFY),,4,34,NONE,CHEWA
5,20303065,5,FEMALE,39,OTHER (SPECIFY),,4,32,NONE,CHEWA
6,20303065,6,FEMALE,32,OTHER (SPECIFY),,2,32,NONE,CHEWA
7,20303065,7,FEMALE,30,RELIGIOUS LEADER,,2,30,NONE,CHEWA
8,20303065,8,MALE,51,SCHOOL HEADMASTER,,9,9,UNIVER. DIPLOMA,CHEWA
9,20303065,9,MALE,40,SCHOOL TEACHER,,4,8,NON-UNIV. DIPLOMA,CHEWA
1,20305301,1,MALE,34,OTHER (SPECIFY),,6,22,PSLC,CHEWA
2,20305301,2,MALE,41,OTHER (SPECIFY),,8,23,JCE,CHEWA
3,20305301,3,MALE,45,RELIGIOUS LEADER,,3,3,PSLC,CHEWA
4,20305301,4,MALE,35,BUSINESS MAN/WOMAN,,6,15,MSCE,CHEWA
5,20305301,5,FEMALE,40,OTHER (SPECIFY),,1,10,NONE,CHEWA
6,20305301,6,MALE,29,OTHER (SPECIFY),,3,8,NONE,CHEWA
7,20305301,7,MALE,58,HEADMAN,,2,36,PSLC,CHEWA
8,20305301,8,MALE,44,COUNSELOR TO HEADMAN,,1,25,NONE,CHEWA
9,20305301,9,MALE,49,SCHOOL HEADMASTER,,3,3,NON-UNIV. DIPLOMA,CHEWA
1,20306557,1,MALE,30,COUNSELOR TO HEADMAN,,4,30,PSLC,CHEWA
2,20306557,2,MALE,72,COUNSELOR TO HEADMAN,,1,59,NONE,CHEWA
3,20306557,3,MALE,40,OTHER (SPECIFY),,3,40,PSLC,CHEWA
4,20306557,4,MALE,81,OTHER (SPECIFY),,3,81,NONE,CHEWA
5,20306557,5,MALE,30,OTHER (SPECIFY),,15,30,NONE,CHEWA
6,20306557,6,MALE,32,OTHER (SPECIFY),,2,32,NONE,CHEWA
7,20306557,7,MALE,33,BUSINESS MAN/WOMAN,,2,33,JCE,CHEWA
8,20306557,8,MALE,61,RELIGIOUS LEADER,,9,55,NONE,CHEWA
9,20306557,9,MALE,51,OTHER (SPECIFY),,0,51,NONE,CHEWA
10,20306557,10,FEMALE,36,OTHER (SPECIFY),,3,17,NONE,CHEWA
11,20306557,11,FEMALE,38,OTHER (SPECIFY),,3,14,NONE,CHEWA
12,20306557,12,FEMALE,64,OTHER (SPECIFY),,3,64,NONE,CHEWA
1,20402198,1,MALE,58,SCHOOL HEADMASTER,,26,26,NON-UNIV. DIPLOMA,CHEWA
2,20402198,2,MALE,56,OTHER (SPECIFY),,11,56,NONE,CHEWA
3,20402198,3,MALE,49,OTHER (SPECIFY),OTHER (SPECIFY),10,25,NONE,CHEWA
4,20402198,4,MALE,33,HEADMAN,,6,23,PSLC,CHEWA
5,20402198,5,FEMALE,30,OTHER (SPECIFY),,11,13,NONE,CHEWA
6,20402198,6,FEMALE,48,OTHER (SPECIFY),,3,38,NONE,CHEWA
7,20402198,7,FEMALE,61,RELIGIOUS LEADER,,1,20,NONE,CHEWA
8,20402198,8,FEMALE,41,OTHER (SPECIFY),OTHER (SPECIFY),5,10,NONE,CHEWA
9,20402198,9,MALE,28,OTHER (SPECIFY),,3,25,NONE,CHEWA
10,20402198,10,MALE,45,HEADMAN,BUSINESS MAN/WOMAN,20,45,NONE,CHEWA
11,20402198,11,MALE,57,RELIGIOUS LEADER,,12,57,NONE,CHEWA
12,20402198,12,MALE,43,OTHER (SPECIFY),,4,33,PSLC,CHEWA
1,20404032,1,FEMALE,6,HEADMAN,,8,64,NONE,CHEWA
2,20404032,2,MALE,42,HEADMAN,,2,42,NONE,CHEWA
3,20404032,3,MALE,80,RELIGIOUS LEADER,,3,50,NONE,CHEWA
4,20404032,4,FEMALE,37,OTHER (SPECIFY),,12,12,NON-UNIV. DIPLOMA,CHEWA
5,20404032,5,MALE,32,RELIGIOUS LEADER,,8,16,NONE,CHEWA
6,20404032,6,MALE,58,OTHER (SPECIFY),,2,39,NONE,CHEWA
7,20404032,7,MALE,39,OTHER (SPECIFY),,10,39,NONE,CHEWA
8,20404032,8,MALE,33,OTHER (SPECIFY),,2,33,NONE,CHEWA
9,20404032,9,FEMALE,55,OTHER (SPECIFY),,10,32,NONE,CHEWA
10,20404032,10,MALE,52,OTHER (SPECIFY),SPOUSE OF HEADMAN,7,5,NONE,CHEWA
1,20404575,1,MALE,50,SCHOOL HEADMASTER,,12,13,NON-UNIV. DIPLOMA,CHEWA
2,20404575,2,MALE,51,HEADMAN,,9,39,NONE,CHEWA
3,20404575,3,MALE,39,OTHER (SPECIFY),,20,12,NONE,CHEWA
4,20404575,4,MALE,34,OTHER (SPECIFY),,2,19,PSLC,CHEWA
5,20404575,5,MALE,53,OTHER (SPECIFY),,24,53,NONE,CHEWA
6,20404575,6,MALE,49,COUNSELOR TO HEADMAN,,34,49,NONE,CHEWA
7,20404575,7,MALE,51,BUSINESS MAN/WOMAN,,21,34,NONE,CHEWA
8,20404575,8,MALE,35,OTHER (SPECIFY),,5,35,NONE,CHEWA
9,20404575,9,MALE,40,OTHER (SPECIFY),,6,20,NONE,CHEWA
10,20404575,10,FEMALE,45,OTHER (SPECIFY),,4,45,NONE,CHEWA
11,20404575,11,FEMALE,52,OTHER (SPECIFY),,6,52,NONE,CHEWA
12,20404575,12,FEMALE,50,OTHER (SPECIFY),,2,50,NONE,CHEWA
1,20405366,1,MALE,20,HEADMAN,,2,20,NONE,CHEWA
2,20405366,2,MALE,26,HEALTH WORKER,,5,5,MSCE,CHEWA
3,20405366,3,MALE,43,RELIGIOUS LEADER,OTHER (SPECIFY),2,26,NONE,CHEWA
4,20405366,4,MALE,61,OTHER (SPECIFY),,3,35,NONE,CHEWA
5,20405366,5,MALE,27,OTHER (SPECIFY),,2,27,PSLC,CHEWA
6,20405366,6,MALE,38,OTHER (SPECIFY),,2,38,NONE,CHEWA
7,20405366,7,MALE,4,OTHER (SPECIFY),,7,40,NONE,CHEWA
8,20405366,8,MALE,46,OTHER (SPECIFY),,10,46,NONE,CHEWA
1,20407398,1,MALE,59,HEADMAN,,8,59,PSLC,CHEWA
2,20407398,2,MALE,51,HEADMAN,,12,54,NONE,CHEWA
3,20407398,3,MALE,41,OTHER (SPECIFY),,3,41,PSLC,CHEWA
4,20407398,4,MALE,35,OTHER (SPECIFY),,7,35,JCE,CHEWA
5,20407398,5,MALE,52,OTHER (SPECIFY),,4,52,NONE,CHEWA
6,20407398,6,MALE,58,OTHER (SPECIFY),,20,58,NONE,CHEWA
7,20407398,7,MALE,49,OTHER (SPECIFY),,20,49,NONE,CHEWA
8,20407398,8,MALE,61,RELIGIOUS LEADER,,30,61,PSLC,CHEWA
9,20407398,9,FEMALE,43,OTHER (SPECIFY),,1,25,NONE,CHEWA
1,20407481,1,FEMALE,46,HEADMAN,,8,46,PSLC,CHEWA
2,20407481,2,MALE,64,COUNSELOR TO HEADMAN,OTHER (SPECIFY),4,38,PSLC,CHEWA
3,20407481,3,FEMALE,42,OTHER (SPECIFY),,2,42,NONE,CHEWA
4,20407481,4,FEMALE,51,COUNSELOR TO HEADMAN,OTHER (SPECIFY),2,46,PSLC,CHEWA
5,20407481,5,FEMALE,28,OTHER (SPECIFY),OTHER (SPECIFY),2,28,MSCE,CHEWA
6,20407481,6,FEMALE,44,OTHER (SPECIFY),,2,44,NONE,CHEWA
7,20407481,7,MALE,33,OTHER (SPECIFY),,4,33,NONE,CHEWA
8,20407481,8,MALE,50,OTHER (SPECIFY),OTHER (SPECIFY),3,50,PSLC,CHEWA
9,20407481,9,MALE,29,OTHER (SPECIFY),,1,29,MSCE,CHEWA
10,20407481,10,MALE,46,RELIGIOUS LEADER,OTHER (SPECIFY),20,46,PSLC,CHEWA
11,20407481,11,FEMALE,38,OTHER (SPECIFY),,2,38,NONE,CHEWA
1,20507089,1,MALE,43,SCHOOL HEADMASTER,,6,6,NON-UNIV. DIPLOMA,CHEWA
2,20507089,2,MALE,26,COUNSELOR TO HEADMAN,,1,26,NONE,CHEWA
3,20507089,3,MALE,27,OTHER (SPECIFY),,3,14,NONE,CHEWA
4,20507089,4,MALE,47,OTHER (SPECIFY),COUNSELOR TO HEADMAN,7,47,NONE,CHEWA
5,20507089,5,MALE,29,OTHER (SPECIFY),RELIGIOUS LEADER,5,29,PSLC,CHEWA
6,20507089,6,MALE,38,OTHER (SPECIFY),RELIGIOUS LEADER,2,38,NONE,CHEWA
7,20507089,7,MALE,37,OTHER (SPECIFY),OTHER (SPECIFY),3,37,JCE,CHEWA
8,20507089,8,MALE,35,RELIGIOUS LEADER,OTHER (SPECIFY),8,18,PSLC,CHEWA
9,20507089,9,FEMALE,55,OTHER (SPECIFY),,1,55,NONE,CHEWA
10,20507089,10,FEMALE,35,OTHER (SPECIFY),,1,5,JCE,CHEWA
1,20507459,1,FEMALE,64,OTHER (SPECIFY),,9,64,NONE,CHEWA
2,20507459,2,MALE,45,OTHER (SPECIFY),,4,45,NONE,CHEWA
3,20507459,3,MALE,42,HEADMAN,,3,42,NONE,CHEWA
4,20507459,4,FEMALE,45,OTHER (SPECIFY),,3,45,NONE,CHEWA
5,20507459,5,MALE,25,OTHER (SPECIFY),,2,25,NONE,CHEWA
6,20507459,6,MALE,29,OTHER (SPECIFY),,2,29,NONE,CHEWA
7,20507459,7,MALE,42,OTHER (SPECIFY),,2,42,PSLC,CHEWA
8,20507459,8,MALE,40,RELIGIOUS LEADER,,1,40,NONE,CHEWA
9,20507459,9,MALE,60,OTHER (SPECIFY),,2,58,NONE,CHEWA
10,20507459,10,FEMALE,41,SCHOOL HEADMASTER,,5,5,UNIVER. DIPLOMA,CHEWA
11,20507459,11,MALE,45,SCHOOL HEADMASTER,,8,5,NON-UNIV. DIPLOMA,CHEWA
1,20508349,1,MALE,48,COUNSELOR TO HEADMAN,,28,48,PSLC,CHEWA
2,20508349,2,MALE,58,COUNSELOR TO HEADMAN,,30,56,NONE,CHEWA
3,20508349,3,MALE,59,COUNSELOR TO HEADMAN,,31,59,NONE,CHEWA
4,20508349,4,FEMALE,31,BUSINESS MAN/WOMAN,,13,13,JCE,CHEWA
5,20508349,5,FEMALE,47,BUSINESS MAN/WOMAN,,21,21,PSLC,CHEWA
1,20601141,1,MALE,64,COUNSELOR TO HEADMAN,,6,64,PSLC,CHEWA
2,20601141,2,MALE,57,HEADMAN,,4,57,NONE,CHEWA
3,20601141,3,MALE,64,OTHER (SPECIFY),,10,64,NONE,CHEWA
4,20601141,4,MALE,49,RELIGIOUS LEADER,,9,49,JCE,CHEWA
5,20601141,5,MALE,66,HEADMAN,,6,66,NONE,CHEWA
6,20601141,6,FEMALE,62,RELIGIOUS LEADER,,10,62,NONE,CHEWA
1,20601626,1,FEMALE,37,HEADMAN,,4,11,PSLC,CHEWA
2,20601626,2,FEMALE,50,HEALTH WORKER,,7,33,PSLC,CHEWA
3,20601626,3,MALE,33,POLICE,RELIGIOUS LEADER,9,9,MSCE,CHEWA
4,20601626,4,MALE,53,OTHER (SPECIFY),,4,24,PSLC,CHEWA
1,20602363,1,MALE,43,HEADMAN,BUSINESS MAN/WOMAN,1,10,NONE,CHEWA
2,20602363,2,MALE,24,OTHER (SPECIFY),,11,11,JCE,CHEWA
3,20602363,3,FEMALE,34,SCHOOL TEACHER,,16,4,MSCE,CHEWA
4,20602363,4,FEMALE,28,HEALTH WORKER,,6,6,MSCE,CHEWA
5,20602363,5,FEMALE,36,HEALTH WORKER,,6,2,JCE,CHEWA
1,20603090,1,MALE,39,HEADMAN,,13,13,NONE,CHEWA
2,20603090,2,MALE,43,ASSIST. AGRICULTURAL EXTENSION DEVELOPMENT OFFICER,,7,43,PSLC,CHEWA
3,20603090,3,MALE,25,POLICE,,5,5,NONE,CHEWA
4,20603090,4,MALE,25,OTHER (SPECIFY),,3,25,NONE,CHEWA
5,20603090,5,FEMALE,28,OTHER (SPECIFY),,3,28,NONE,CHEWA
6,20603090,6,FEMALE,42,OTHER (SPECIFY),,3,42,NONE,CHEWA
7,20603090,7,FEMALE,38,OTHER (SPECIFY),,3,38,NONE,CHEWA
8,20603090,8,FEMALE,34,SPOUSE OF HEADMAN,,13,13,NONE,CHEWA
1,20603533,1,MALE,61,BUSINESS MAN/WOMAN,RELIGIOUS LEADER,14,40,JCE,CHEWA
2,20603533,2,FEMALE,47,BUSINESS MAN/WOMAN,SPOUSE OF HEADMAN,16,47,NONE,CHEWA
3,20603533,3,FEMALE,43,BUSINESS MAN/WOMAN,,20,43,NONE,CHEWA
4,20603533,4,FEMALE,52,HEADMAN,,8,52,NONE,CHEWA
5,20603533,5,MALE,39,BUSINESS MAN/WOMAN,,13,13,NONE,CHEWA
6,20603533,6,MALE,36,BUSINESS MAN/WOMAN,,13,13,NONE,CHEWA
1,20604638,1,MALE,42,COUNSELOR TO HEADMAN,,8,42,NONE,CHEWA
2,20604638,2,MALE,20,POLICE,,2,20,NONE,CHEWA
3,20604638,3,MALE,19,OTHER (SPECIFY),RELIGIOUS LEADER,3,19,PSLC,CHEWA
4,20604638,4,FEMALE,28,OTHER (SPECIFY),,2,28,JCE,CHEWA
5,20604638,5,FEMALE,24,OTHER (SPECIFY),,4,24,PSLC,CHEWA
6,20604638,6,MALE,55,SCHOOL HEADMASTER,,33,4,MSCE,CHEWA
1,20605302,1,MALE,43,COUNSELOR TO HEADMAN,,23,2,NONE,CHEWA
2,20605302,2,MALE,31,HEADMAN,,10,31,NONE,CHEWA
3,20605302,3,MALE,28,RELIGIOUS LEADER,,2,28,PSLC,CHEWA
4,20605302,4,MALE,20,BUSINESS MAN/WOMAN,,4,1,PSLC,CHEWA
5,20605302,5,MALE,29,COUNSELOR TO HEADMAN,,15,29,PSLC,CHEWA
6,20605302,6,MALE,30,HEADMAN,,10,31,PSLC,CHEWA
7,20605302,7,FEMALE,23,BUSINESS MAN/WOMAN,,1,23,PSLC,CHEWA
8,20605302,8,FEMALE,24,OTHER (SPECIFY),,3,24,PSLC,CHEWA
9,20605302,9,FEMALE,34,RELIGIOUS LEADER,,3,34,PSLC,CHEWA
10,20605302,10,FEMALE,23,BUSINESS MAN/WOMAN,,10,23,PSLC,CHEWA
1,20607260,1,MALE,49,HEADMAN,OTHER (SPECIFY),22,49,NONE,CHEWA
2,20607260,2,MALE,33,HEADMAN,OTHER (SPECIFY),10,4,NONE,CHEWA
3,20607260,3,MALE,38,POLICE,,5,11,PSLC,CHEWA
4,20607260,4,MALE,47,SCHOOL TEACHER,,25,13,UNIVER. DIPLOMA,CHEWA
5,20607260,5,FEMALE,38,OTHER (SPECIFY),,5,38,NONE,CHEWA
1,20607315,1,MALE,44,COUNSELOR TO HEADMAN,,22,44,NONE,CHEWA
2,20607315,2,MALE,27,COUNSELOR TO HEADMAN,,6,6,JCE,CHEWA
3,20607315,3,FEMALE,30,SPOUSE OF HEADMAN,,10,30,NONE,CHEWA
4,20607315,4,FEMALE,20,COUNSELOR TO HEADMAN,,5,7,JCE,CHEWA
5,20607315,5,MALE,35,COUNSELOR TO HEADMAN,,20,35,PSLC,CHEWA
6,20607315,6,MALE,24,RELIGIOUS LEADER,,15,24,MSCE,CHEWA
7,20607315,7,MALE,19,COUNSELOR TO HEADMAN,,5,5,PSLC,CHEWA
8,20607315,8,MALE,41,RELIGIOUS LEADER,,16,41,PSLC,CHEWA
9,20607315,9,MALE,43,RELIGIOUS LEADER,,6,20,PSLC,CHEWA
10,20607315,10,FEMALE,57,SPOUSE OF HEADMAN,,15,57,PSLC,CHEWA
11,20607315,11,MALE,37,RELIGIOUS LEADER,,10,37,MSCE,CHEWA
1,20610050,1,MALE,40,HEADMAN,,28,40,NONE,CHEWA
2,20610050,2,MALE,38,COUNSELOR TO HEADMAN,,14,1,NONE,CHEWA
3,20610050,3,MALE,57,HEADMAN,,19,57,NONE,CHEWA
4,20610050,4,MALE,41,HEADMAN,,7,41,MSCE,CHEWA
5,20610050,5,MALE,37,OTHER (SPECIFY),,7,37,NONE,CHEWA
6,20610050,6,MALE,27,OTHER (SPECIFY),,0,27,NONE,CHEWA
7,20610050,7,MALE,48,COUNSELOR TO HEADMAN,,9,48,NONE,CHEWA
8,20610050,8,MALE,36,COUNSELOR TO HEADMAN,,1,36,NONE,CHEWA
1,20610249,1,FEMALE,57,HEADMAN,,6,57,NONE,CHEWA
2,20610249,2,MALE,51,SCHOOL HEADMASTER,COUNSELOR TO HEADMAN,3,21,MSCE,CHEWA
3,20610249,3,MALE,33,POLICE,,14,33,NONE,CHEWA
4,20610249,4,MALE,38,OTHER (SPECIFY),,2,11,PSLC,CHEWA
5,20610249,5,MALE,62,HEALTH WORKER,,30,62,NONE,CHEWA
1,20613324,1,MALE,33,COUNSELOR TO HEADMAN,,10,33,NONE,CHEWA
2,20613324,2,MALE,32,COUNSELOR TO HEADMAN,,5,32,PSLC,CHEWA
3,20613324,3,FEMALE,51,COUNSELOR TO HEADMAN,,15,51,NONE,CHEWA
4,20613324,4,FEMALE,39,RELIGIOUS LEADER,,3,20,NONE,CHEWA
5,20613324,5,MALE,60,COUNSELOR TO HEADMAN,,36,36,NONE,CHEWA
1,20614477,1,MALE,85,HEADMAN,,30,67,NONE,CHEWA
2,20614477,2,MALE,37,OTHER (SPECIFY),,8,20,JCE,CHEWA
3,20614477,3,FEMALE,43,SCHOOL TEACHER,,17,6,MSCE,CHEWA
1,20615064,1,MALE,39,COUNSELOR TO HEADMAN,OTHER (SPECIFY),5,39,PSLC,CHEWA
2,20615064,2,MALE,30,COUNSELOR TO HEADMAN,,20,30,PSLC,CHEWA
3,20615064,3,MALE,41,HEADMAN,,10,41,PSLC,CHEWA
4,20615064,4,MALE,25,COUNSELOR TO HEADMAN,,12,25,NONE,CHEWA
5,20615064,5,FEMALE,26,COUNSELOR TO HEADMAN,,3,9,NONE,CHEWA
6,20615064,6,FEMALE,30,SPOUSE OF HEADMAN,,18,18,NONE,CHEWA
7,20615064,7,FEMALE,25,COUNSELOR TO HEADMAN,,2,10,NONE,CHEWA
8,20615064,8,FEMALE,26,COUNSELOR TO HEADMAN,HEADMAN,1,9,NONE,CHEWA
1,20615735,1,MALE,55,HEADMAN,,19,55,NONE,CHEWA
2,20615735,2,MALE,39,BUSINESS MAN/WOMAN,,4,39,NONE,CHEWA
3,20615735,3,MALE,43,COUNSELOR TO HEADMAN,,3,39,PSLC,CHEWA
4,20615735,4,MALE,37,BUSINESS MAN/WOMAN,,3,14,NONE,CHEWA
5,20615735,5,MALE,27,HEALTH WORKER,,3,27,NONE,CHEWA
6,20615735,6,FEMALE,53,COUNSELOR TO HEADMAN,,3,53,NONE,CHEWA
7,20615735,7,FEMALE,44,SPOUSE OF HEADMAN,,10,20,NONE,CHEWA
8,20615735,8,FEMALE,30,BUSINESS MAN/WOMAN,,7,12,NONE,CHEWA
9,20615735,9,FEMALE,36,ASSIST. AGRICULTURAL EXTENSION DEVELOPMENT OFFICER,,3,3,JCE,CHEWA
1,20702471,1,MALE,44,HEADMAN,,13,27,NONE,CHEWA
2,20702471,2,MALE,33,HEALTH WORKER,COUNSELOR TO HEADMAN,4,3,NON-UNIV. DIPLOMA,CHEWA
3,20702471,3,MALE,41,SCHOOL TEACHER,RELIGIOUS LEADER,10,7,MSCE,CHEWA
4,20702471,4,MALE,25,OTHER (SPECIFY),RELIGIOUS LEADER,2,25,JCE,CHEWA
1,20704738,1,MALE,32,COUNSELOR TO HEADMAN,,7,32,JCE,CHEWA
2,20704738,2,MALE,64,COUNSELOR TO HEADMAN,,20,64,NONE,CHEWA
3,20704738,3,MALE,41,OTHER (SPECIFY),,1,41,NONE,CHEWA
4,20704738,4,MALE,55,RELIGIOUS LEADER,,10,55,NONE,CHEWA
5,20704738,5,MALE,78,RELIGIOUS LEADER,,30,78,NONE,CHEWA
6,20704738,6,MALE,62,RELIGIOUS LEADER,,5,62,NONE,CHEWA
7,20704738,7,MALE,39,COUNSELOR TO HEADMAN,,6,39,NONE,CHEWA
8,20704738,8,MALE,31,HEADMAN,,2,31,NONE,CHEWA
9,20704738,9,MALE,21,RELIGIOUS LEADER,,1,21,NONE,CHEWA
1,20705372,1,MALE,35,COUNSELOR TO HEADMAN,,10,35,NONE,CHEWA
2,20705372,2,MALE,32,COUNSELOR TO HEADMAN,,5,32,PSLC,CHEWA
3,20705372,3,MALE,21,BUSINESS MAN/WOMAN,,1,21,JCE,CHEWA
4,20705372,4,MALE,53,HEADMAN,,10,53,PSLC,CHEWA
5,20705372,5,FEMALE,82,COUNSELOR TO HEADMAN,,5,22,NONE,CHEWA
6,20705372,6,FEMALE,32,COUNSELOR TO HEADMAN,,10,32,PSLC,CHEWA
7,20705372,7,FEMALE,35,COUNSELOR TO HEADMAN,,4,35,NONE,CHEWA
8,20705372,8,FEMALE,28,SPOUSE OF HEADMAN,,3,28,PSLC,CHEWA
9,20705372,9,FEMALE,38,COUNSELOR TO HEADMAN,,2,20,PSLC,CHEWA
10,20705372,10,FEMALE,30,COUNSELOR TO HEADMAN,,2,5,PSLC,CHEWA
11,20705372,11,MALE,30,RELIGIOUS LEADER,,2,5,NONE,CHEWA
12,20705372,12,FEMALE,86,RELIGIOUS LEADER,,2,56,NONE,CHEWA
1,20706163,1,MALE,34,COUNSELOR TO HEADMAN,,5,34,NONE,CHEWA
2,20706163,2,MALE,24,COUNSELOR TO HEADMAN,,2,24,NONE,CHEWA
3,20706163,3,FEMALE,22,OTHER (SPECIFY),,1,22,PSLC,CHEWA
4,20706163,4,FEMALE,24,OTHER (SPECIFY),,2,14,JCE,CHEWA
5,20706163,5,FEMALE,67,COUNSELOR TO HEADMAN,,28,17,NONE,CHEWA
6,20706163,6,FEMALE,21,BUSINESS MAN/WOMAN,,3,21,PSLC,CHEWA
1,20801046,1,MALE,37,COUNSELOR TO HEADMAN,,2,35,MSCE,CHEWA
2,20801046,2,FEMALE,40,OTHER (SPECIFY),,3,40,JCE,CHEWA
3,20801046,3,FEMALE,27,HEALTH WORKER,,2,27,NONE,CHEWA
4,20801046,4,MALE,32,HEADMAN,,14,32,NONE,CHEWA
5,20801046,5,MALE,36,OTHER (SPECIFY),,4,36,PSLC,CHEWA
6,20801046,6,FEMALE,59,COUNSELOR TO HEADMAN,,25,59,NONE,CHEWA
7,20801046,7,MALE,21,OTHER (SPECIFY),,2,15,PSLC,CHEWA
8,20801046,8,FEMALE,30,OTHER (SPECIFY),,2,30,NONE,CHEWA
9,20801046,9,MALE,25,OTHER (SPECIFY),,1,20,MSCE,CHEWA
10,20801046,10,MALE,28,OTHER (SPECIFY),,3,23,JCE,CHEWA
11,20801046,11,MALE,27,OTHER (SPECIFY),,1,21,JCE,CHEWA
1,20802019,1,MALE,65,HEADMAN,,19,63,NONE,CHEWA
2,20802019,2,MALE,60,OTHER (SPECIFY),,3,60,NONE,CHEWA
3,20802019,3,FEMALE,49,COUNSELOR TO HEADMAN,,3,47,NONE,CHEWA
4,20802019,4,FEMALE,42,COUNSELOR TO HEADMAN,,14,39,NONE,CHEWA
5,20802019,5,FEMALE,25,OTHER (SPECIFY),,1,23,PSLC,CHEWA
6,20802019,6,FEMALE,43,COUNSELOR TO HEADMAN,,3,43,NONE,CHEWA
7,20802019,7,MALE,56,HEADMAN,,19,56,NONE,CHEWA
8,20802019,8,MALE,46,COUNSELOR TO HEADMAN,,13,46,NONE,CHEWA
9,20802019,9,MALE,71,HEADMAN,,16,65,NONE,CHEWA
1,20803156,1,MALE,34,HEADMAN,,12,34,NONE,CHEWA
2,20803156,2,MALE,57,HEADMAN,,18,56,NONE,CHEWA
3,20803156,3,MALE,58,HEADMAN,,4,58,NONE,CHEWA
4,20803156,4,MALE,85,HEADMAN,RELIGIOUS LEADER,10,85,NONE,CHEWA
5,20803156,5,FEMALE,58,HEADMAN,OTHER (SPECIFY),5,58,NONE,NGONI
6,20803156,6,FEMALE,48,COUNSELOR TO HEADMAN,,2,48,NONE,CHEWA
7,20803156,7,FEMALE,51,OTHER (SPECIFY),,1,24,MSCE,CHEWA
8,20803156,8,MALE,40,COUNSELOR TO HEADMAN,RELIGIOUS LEADER,7,40,JCE,CHEWA
9,20803156,9,MALE,24,OTHER (SPECIFY),,1,24,MSCE,CHEWA
10,20803156,10,FEMALE,49,HEALTH WORKER,,24,24,MSCE,CHEWA
11,20803156,11,MALE,39,RELIGIOUS LEADER,,2,39,NONE,CHEWA
12,20803156,12,MALE,53,COUNSELOR TO HEADMAN,,12,53,NONE,CHEWA
1,20804405,1,MALE,25,HEADMAN,,1,35,NONE,YAO
2,20804405,2,MALE,42,COUNSELOR TO HEADMAN,,6,30,PSLC,YAO
3,20804405,3,MALE,43,HEALTH WORKER,,15,4,MSCE,CHEWA
4,20804405,4,FEMALE,40,COUNSELOR TO HEADMAN,,6,40,NONE,YAO
5,20804405,5,FEMALE,30,OTHER (SPECIFY),,1,30,NONE,YAO
6,20804405,6,FEMALE,35,HEADMAN,,6,25,NONE,YAO
7,20804405,7,MALE,28,OTHER (SPECIFY),,8,28,MSCE,YAO
8,20804405,8,MALE,28,COUNSELOR TO HEADMAN,,1,28,NONE,YAO
9,20804405,9,MALE,69,HEADMAN,,26,69,NONE,YAO
1,20804768,1,MALE,60,HEADMAN,,42,60,NONE,YAO
2,20804768,2,MALE,53,COUNSELOR TO HEADMAN,OTHER (SPECIFY),1,48,PSLC,YAO
3,20804768,3,FEMALE,35,OTHER (SPECIFY),,4,32,NONE,YAO
4,20804768,4,FEMALE,36,RELIGIOUS LEADER,,8,31,NONE,YAO
5,20804768,5,FEMALE,25,OTHER (SPECIFY),,1,24,PSLC,YAO
6,20804768,6,FEMALE,47,SPOUSE OF HEADMAN,,3,47,NONE,YAO
7,20804768,7,FEMALE,24,OTHER (SPECIFY),,4,18,NONE,YAO
1,20806131,1,MALE,62,HEADMAN,,38,62,NONE,CHEWA
2,20806131,2,MALE,71,HEADMAN,COUNSELOR TO HEADMAN,3,47,NONE,CHEWA
3,20806131,3,MALE,38,HEADMAN,COUNSELOR TO HEADMAN,4,38,PSLC,NYANJA
4,20806131,4,MALE,41,OTHER (SPECIFY),,0,41,NONE,CHEWA
5,20806131,5,FEMALE,49,OTHER (SPECIFY),,5,29,PSLC,CHEWA
6,20806131,6,MALE,39,HEADMAN,COUNSELOR TO HEADMAN,2,38,NONE,CHEWA
7,20806131,7,MALE,16,HEADMAN,,13,53,NONE,CHEWA
1,20807727,1,MALE,79,HEADMAN,,33,79,NONE,CHEWA
2,20807727,2,MALE,65,COUNSELOR TO HEADMAN,OTHER (SPECIFY),7,65,NONE,CHEWA
3,20807727,3,MALE,28,COUNSELOR TO HEADMAN,,3,11,JCE,CHEWA
4,20807727,4,FEMALE,28,OTHER (SPECIFY),,11,23,JCE,CHEWA
5,20807727,5,FEMALE,27,OTHER (SPECIFY),,11,21,NONE,CHEWA
6,20807727,6,MALE,28,HEALTH WORKER,,6,6,MSCE,CHEWA
7,20807727,7,MALE,50,COUNSELOR TO HEADMAN,,10,45,NONE,CHEWA
8,20807727,8,MALE,42,COUNSELOR TO HEADMAN,,3,42,NONE,YAO
9,20807727,9,MALE,31,COUNSELOR TO HEADMAN,,4,31,NONE,YAO
10,20807727,10,MALE,33,OTHER (SPECIFY),,2,33,NONE,CHEWA
11,20807727,11,MALE,30,OTHER (SPECIFY),,6,30,NONE,CHEWA
1,20808421,1,MALE,37,HEADMAN,,6,37,NONE,CHEWA
2,20808421,2,MALE,51,HEADMAN,,11,51,NONE,CHEWA
3,20808421,3,MALE,39,HEADMAN,RELIGIOUS LEADER,1,17,MSCE,CHEWA
4,20808421,4,MALE,37,HEADMAN,,5,36,NONE,CHEWA
5,20808421,5,FEMALE,27,COUNSELOR TO HEADMAN,,1,27,PSLC,CHEWA
6,20808421,6,FEMALE,28,COUNSELOR TO HEADMAN,,6,24,NONE,CHEWA
7,20808421,7,FEMALE,41,COUNSELOR TO HEADMAN,,0,41,NONE,CHEWA
1,20903583,1,MALE,28,HEADMAN,,10,10,MSCE,CHEWA
2,20903583,2,FEMALE,42,OTHER (SPECIFY),,20,42,NONE,CHEWA
3,20903583,3,FEMALE,28,OTHER (SPECIFY),,1,17,JCE,CHEWA
4,20903583,4,FEMALE,45,OTHER (SPECIFY),,6,35,NONE,CHEWA
5,20903583,5,FEMALE,29,SCHOOL TEACHER,,6,24,PSLC,CHEWA
6,20903583,6,MALE,61,OTHER (SPECIFY),,12,34,JCE,CHEWA
1,20906524,1,MALE,64,HEADMAN,RELIGIOUS LEADER,1,51,NONE,CHEWA
2,20906524,2,MALE,53,COUNSELOR TO HEADMAN,,1,50,NONE,CHEWA
3,20906524,3,MALE,76,HEADMAN,,4,64,JCE,CHEWA
4,20906524,4,MALE,70,COUNSELOR TO HEADMAN,RELIGIOUS LEADER,4,63,PSLC,CHEWA
5,20906524,5,MALE,33,OTHER (SPECIFY),,3,33,JCE,CHEWA
6,20906524,6,MALE,37,HEALTH WORKER,RELIGIOUS LEADER,7,4,MSCE,CHEWA
7,20906524,7,FEMALE,29,HEALTH WORKER,,8,4,NONE,CHEWA
8,20906524,8,FEMALE,32,HEADMAN,,3,32,NONE,CHEWA
9,20906524,9,FEMALE,65,OTHER (SPECIFY),,4,65,NONE,CHEWA
10,20906524,10,FEMALE,66,OTHER (SPECIFY),,6,66,NONE,CHEWA
11,20906524,11,FEMALE,32,OTHER (SPECIFY),,6,32,NONE,CHEWA
1,20906605,1,MALE,50,COUNSELOR TO HEADMAN,,15,44,NONE,CHEWA
2,20906605,2,FEMALE,40,OTHER (SPECIFY),,3,40,NONE,CHEWA
3,20906605,3,FEMALE,35,OTHER (SPECIFY),,9,35,NONE,CHEWA
4,20906605,4,MALE,48,OTHER (SPECIFY),,9,37,JCE,CHEWA
5,20906605,5,MALE,49,OTHER (SPECIFY),,2,44,NONE,CHEWA
6,20906605,6,MALE,55,OTHER (SPECIFY),,10,50,NONE,NGONI
7,20906605,7,MALE,45,OTHER (SPECIFY),,2,39,PSLC,CHEWA
1,20908088,1,MALE,49,HEADMAN,,12,47,NONE,CHEWA
2,20908088,2,MALE,36,COUNSELOR TO HEADMAN,,2,36,PSLC,CHEWA
3,20908088,3,FEMALE,30,OTHER (SPECIFY),,7,5,PSLC,CHEWA
4,20908088,4,FEMALE,64,HEADMAN,,21,48,NONE,CHEWA
5,20908088,5,FEMALE,74,COUNSELOR TO HEADMAN,SPOUSE OF HEADMAN,2,57,NONE,CHEWA
6,20908088,6,FEMALE,45,SCHOOL HEADMASTER,,13,7,NON-UNIV. DIPLOMA,CHEWA
7,20908088,7,FEMALE,31,OTHER (SPECIFY),,3,31,NONE,CHEWA
8,20908088,8,FEMALE,55,COUNSELOR TO HEADMAN,,4,55,NONE,CHEWA
9,20908088,9,MALE,68,HEADMAN,,12,63,NONE,CHEWA
1,20908119,1,MALE,62,HEADMAN,,3,59,NONE,NYANJA
2,20908119,2,MALE,21,OTHER (SPECIFY),,0,21,NONE,NYANJA
3,20908119,3,MALE,35,HEALTH WORKER,,17,35,NONE,CHEWA
4,20908119,4,FEMALE,21,OTHER (SPECIFY),,0,19,NONE,CHEWA
5,20908119,5,FEMALE,36,OTHER (SPECIFY),,0,24,NONE,CHEWA
6,20908119,6,FEMALE,40,RELIGIOUS LEADER,,3,40,NONE,NGONI
7,20908119,7,MALE,57,HEADMAN,,23,57,PSLC,CHEWA
8,20908119,8,MALE,51,HEADMAN,,11,47,NONE,CHEWA
9,20908119,9,MALE,47,HEALTH WORKER,RELIGIOUS LEADER,16,39,NONE,CHEWA
10,20908119,10,MALE,47,RELIGIOUS LEADER,,25,38,NONE,CHEWA
11,20908119,11,MALE,54,HEADMAN,RELIGIOUS LEADER,4,17,NONE,CHEWA
1,20909113,1,MALE,70,HEADMAN,,16,65,JCE,CHEWA
2,20909113,2,FEMALE,71,HEADMAN,,8,71,NONE,CHEWA
3,20909113,3,MALE,35,HEADMAN,,31,35,PSLC,CHEWA
4,20909113,4,MALE,71,HEADMAN,,7,68,NONE,CHEWA
5,20909113,5,MALE,32,OTHER (SPECIFY),,8,29,MSCE,CHEWA
6,20909113,6,FEMALE,26,OTHER (SPECIFY),,0,26,NONE,CHEWA
7,20909113,7,FEMALE,21,OTHER (SPECIFY),,0,20,PSLC,CHEWA
8,20909113,8,FEMALE,51,OTHER (SPECIFY),,0,56,NONE,CHEWA
1,21037030,1,MALE,42,BUSINESS MAN/WOMAN,,4,6,JCE,CHEWA
2,21037030,2,MALE,56,COUNSELOR TO HEADMAN,,4,10,PSLC,CHEWA
3,21037030,3,FEMALE,29,OTHER (SPECIFY),,3,3,JCE,CHEWA
4,21037030,4,FEMALE,33,OTHER (SPECIFY),,6,6,MSCE,CHEWA
5,21037030,5,MALE,30,OTHER (SPECIFY),,5,5,MSCE,CHEWA
1,21037536,1,MALE,85,HEADMAN,,57,59,NONE,CHEWA
2,21037536,2,MALE,68,HEADMAN,,3,37,NONE,CHEWA
3,21037536,3,FEMALE,48,RELIGIOUS LEADER,,,20,NONE,CHEWA
4,21037536,4,FEMALE,55,RELIGIOUS LEADER,,,33,NONE,CHEWA
5,21037536,5,MALE,64,COUNSELOR TO HEADMAN,,1,38,NONE,CHEWA
6,21037536,6,FEMALE,70,COUNSELOR TO HEADMAN,,1,52,NONE,CHEWA
7,21037536,7,FEMALE,61,OTHER (SPECIFY),,,54,NONE,CHEWA
8,21037536,8,MALE,82,HEALTH WORKER,RELIGIOUS LEADER,15,48,NONE,CHEWA
9,21037536,9,FEMALE,76,OTHER (SPECIFY),,,49,NONE,CHEWA
10,21037536,10,FEMALE,74,RELIGIOUS LEADER,,,53,NONE,CHEWA
11,21037536,11,FEMALE,75,OTHER (SPECIFY),,51,1,NONE,CHEWA
12,21037536,12,MALE,53,OTHER (SPECIFY),,,6,NON-UNIV. DIPLOMA,CHEWA
1,21048764,1,MALE,63,HEADMAN,,7,38,MSCE,CHEWA
2,21048764,2,MALE,40,OTHER (SPECIFY),,2,7,MSCE,CHEWA
3,21048764,3,MALE,64,HEADMAN,,4,22,MSCE,CHEWA
4,21048764,4,FEMALE,63,HEADMAN,,17,22,JCE,CHEWA
5,21048764,5,FEMALE,60,OTHER (SPECIFY),,15,10,PSLC,CHEWA
6,21048764,6,FEMALE,45,OTHER (SPECIFY),,10,13,JCE,CHEWA
7,21048764,7,MALE,36,ASSIST. AGRICULTURAL EXTENSION DEVELOPMENT OFFICER,,1,26,NON-UNIV. DIPLOMA,CHEWA
8,21048764,8,FEMALE,37,ASSIST. AGRICULTURAL EXTENSION DEVELOPMENT OFFICER,,1,12,MSCE,CHEWA
1,21051203,1,MALE,63,OTHER (SPECIFY),,17,17,NON-UNIV. DIPLOMA,CHEWA
2,21051203,2,MALE,55,HEADMAN,,19,22,NONE,CHEWA
3,21051203,3,FEMALE,49,SPOUSE OF HEADMAN,,19,22,NONE,CHEWA
4,21051203,4,MALE,46,OTHER (SPECIFY),,3,20,NONE,CHEWA
5,21051203,5,FEMALE,68,OTHER (SPECIFY),,23,23,NONE,TUMBUKA
1,21052427,1,FEMALE,64,SPOUSE OF HEADMAN,,10,21,NONE,CHEWA
2,21052427,2,MALE,68,HEADMAN,,1,17,NONE,CHEWA
3,21052427,3,FEMALE,31,OTHER (SPECIFY),,6,11,PSLC,CHEWA
4,21052427,4,FEMALE,32,ASSIST. AGRICULTURAL EXTENSION DEVELOPMENT OFFICER,,1,10,NONE,CHEWA
5,21052427,5,MALE,71,HEADMAN,,11,20,NONE,CHEWA
1,21053745,1,MALE,,HEADMAN,,8,,NONE,CHEWA
2,21053745,2,MALE,42,HEADMAN,,2,,NONE,CHEWA
3,21053745,3,MALE,40,HEALTH WORKER,,3,,JCE,CHEWA
4,21053745,4,FEMALE,,SPOUSE OF HEADMAN,,5,,NONE,CHEWA
5,21053745,5,FEMALE,40,HEALTH WORKER,,3,22,MSCE,CHEWA
6,21053745,6,FEMALE,57,HEALTH WORKER,,3,,NON-UNIV. DIPLOMA,CHEWA
7,21053745,7,FEMALE,86,HEADMAN,,8,,NONE,CHEWA
8,21053745,8,FEMALE,49,HEALTH WORKER,,2,5,NONE,CHEWA
1,21055241,1,MALE,70,HEADMAN,,8,32,JCE,CHEWA
2,21055241,2,MALE,63,COUNSELOR TO HEADMAN,,8,30,NONE,CHEWA
3,21055241,3,MALE,60,COUNSELOR TO HEADMAN,,8,34,NONE,CHEWA
4,21055241,4,MALE,50,COUNSELOR TO HEADMAN,,8,15,MSCE,TUMBUKA
5,21055241,5,MALE,50,COUNSELOR TO HEADMAN,,5,8,JCE,CHEWA
6,21055241,6,MALE,52,OTHER (SPECIFY),,6,23,NONE,CHEWA
1,21055693,1,MALE,45,HEADMAN,,1,11,NONE,CHEWA
2,21055693,2,FEMALE,38,COUNSELOR TO HEADMAN,,7,13,NONE,CHEWA
3,21055693,3,FEMALE,32,COUNSELOR TO HEADMAN,,3,12,NONE,CHEWA
4,21055693,4,FEMALE,40,COUNSELOR TO HEADMAN,,7,12,NONE,CHEWA
5,21055693,5,MALE,37,HEADMAN,,2,11,MSCE,CHEWA
6,21055693,6,MALE,29,OTHER (SPECIFY),,3,3,JCE,CHEWA
7,21055693,7,FEMALE,48,COUNSELOR TO HEADMAN,,3,10,NONE,CHEWA
8,21055693,8,FEMALE,33,OTHER (SPECIFY),,0,0,MSCE,CHEWA
9,21055693,9,FEMALE,28,OTHER (SPECIFY),,9,9,NONE,CHEWA
10,21055693,10,FEMALE,38,SPOUSE OF HEADMAN,,11,11,PSLC,CHEWA
1,21066096,1,MALE,32,OTHER (SPECIFY),,6,6,JCE,CHEWA
2,21066096,2,FEMALE,28,OTHER (SPECIFY),,5,5,MSCE,CHEWA
3,21066096,3,MALE,40,BUSINESS MAN/WOMAN,,4,6,PSLC,CHEWA
4,21066096,4,FEMALE,30,OTHER (SPECIFY),,4,4,NONE,CHEWA
5,21066096,5,MALE,36,OTHER (SPECIFY),,8,8,PSLC,CHEWA
1,21066339,1,MALE,45,HEADMAN,,21,45,PSLC,CHEWA
2,21066339,2,FEMALE,40,OTHER (SPECIFY),,10,40,NONE,CHEWA
3,21066339,3,FEMALE,27,SPOUSE OF HEADMAN,,12,10,NONE,CHEWA
4,21066339,4,FEMALE,42,COUNSELOR TO HEADMAN,,4,42,NONE,CHEWA
5,21066339,5,FEMALE,28,OTHER (SPECIFY),,2,4,NONE,CHEWA
6,21066339,6,MALE,37,OTHER (SPECIFY),,2,3,NONE,CHEWA
1,21074510,1,MALE,80,HEADMAN,,1,31,NONE,YAO
2,21074510,2,MALE,38,BUSINESS MAN/WOMAN,,8,8,PSLC,CHEWA
3,21074510,3,MALE,58,COUNSELOR TO HEADMAN,,1,17,JCE,CHEWA
4,21074510,4,FEMALE,47,BUSINESS MAN/WOMAN,,2,5,PSLC,CHEWA
5,21074510,5,FEMALE,32,OTHER (SPECIFY),,6,6,NONE,CHEWA
6,21074510,6,MALE,29,OTHER (SPECIFY),,3,3,PSLC,CHEWA
1,21077725,1,MALE,71,HEADMAN,,5,12,MSCE,CHEWA
2,21077725,2,FEMALE,69,SPOUSE OF HEADMAN,,5,12,MSCE,CHEWA
3,21077725,3,MALE,55,OTHER (SPECIFY),,8,8,POST-GRAD. DEGREE,TUMBUKA
4,21077725,4,MALE,36,OTHER (SPECIFY),,6,6,POST-GRAD. DEGREE,CHEWA
5,21077725,5,FEMALE,43,OTHER (SPECIFY),,7,7,UNIVER. DIPLOMA,CHEWA
1,21080308,1,MALE,36,OTHER (SPECIFY),,4,17,NONE,CHEWA
2,21080308,2,MALE,60,COUNSELOR TO HEADMAN,,7,12,PSLC,CHEWA
3,21080308,3,FEMALE,70,HEADMAN,,22,70,NONE,CHEWA
4,21080308,4,MALE,60,COUNSELOR TO HEADMAN,,8,17,NONE,TUMBUKA
1,21081573,1,MALE,42,POLICE,,15,15,NONE,CHEWA
2,21081573,2,FEMALE,55,HEADMAN,,25,30,NONE,CHEWA
3,21081573,3,MALE,38,SCHOOL TEACHER,COUNSELOR TO HEADMAN,3,10,NONE,NYANJA
4,21081573,4,FEMALE,35,COUNSELOR TO HEADMAN,,5,15,NONE,CHEWA
5,21081573,5,MALE,30,OTHER (SPECIFY),,3,8,NONE,CHEWA
1,21086069,1,MALE,42,COUNSELOR TO HEADMAN,,3,22,NONE,CHEWA
2,21086069,2,FEMALE,58,OTHER (SPECIFY),,58,58,NONE,CHEWA
3,21086069,3,MALE,33,OTHER (SPECIFY),,7,7,NONE,CHEWA
4,21086069,4,FEMALE,46,BUSINESS MAN/WOMAN,,2,20,NONE,CHEWA
5,21086069,5,MALE,36,OTHER (SPECIFY),,16,16,PSLC,CHEWA
1,21086436,1,MALE,41,HEADMAN,,5,41,NONE,CHEWA
2,21086436,2,MALE,40,HEADMAN,,10,40,NONE,CHEWA
3,21086436,3,MALE,62,HEADMAN,,12,30,NONE,CHEWA
4,21086436,4,MALE,60,COUNSELOR TO HEADMAN,,6,60,NONE,CHEWA
5,21086436,5,MALE,82,OTHER (SPECIFY),,82,82,NONE,CHEWA
6,21086436,6,MALE,19,OTHER (SPECIFY),,1,19,NONE,CHEWA
7,21086436,7,MALE,55,HEADMAN,,7,55,NONE,CHEWA
8,21086436,8,FEMALE,61,COUNSELOR TO HEADMAN,,40,61,NONE,CHEWA
1,21087531,1,MALE,42,HEADMAN,,7,35,PSLC,CHEWA
2,21087531,2,MALE,42,RELIGIOUS LEADER,COUNSELOR TO HEADMAN,6,22,PSLC,CHEWA
3,21087531,3,FEMALE,39,HEADMAN,,4,39,NONE,CHEWA
4,21087531,4,MALE,58,OTHER (SPECIFY),OTHER (SPECIFY),2,24,JCE,CHEWA
5,21087531,5,MALE,50,HEADMAN,,7,23,JCE,CHEWA
6,21087531,6,MALE,42,HEALTH WORKER,,5,3,UNIVER. DIPLOMA,CHEWA
7,21087531,7,FEMALE,39,SCHOOL TEACHER,,9,9,MSCE,CHEWA
8,21087531,8,MALE,48,HEADMAN,,3,7,NONE,CHEWA
9,21087531,9,MALE,53,COUNSELOR TO HEADMAN,,3,8,NONE,CHEWA
10,21087531,10,MALE,26,BUSINESS MAN/WOMAN,,5,10,JCE,CHEWA
1,21088597,1,FEMALE,44,HEALTH WORKER,,3,44,NONE,CHEWA
2,21088597,2,FEMALE,44,HEALTH WORKER,,3,44,PSLC,CHEWA
3,21088597,3,MALE,25,ASSIST. AGRICULTURAL EXTENSION DEVELOPMENT OFFICER,,3,25,NONE,CHEWA
4,21088597,4,MALE,29,ASSIST. AGRICULTURAL EXTENSION DEVELOPMENT OFFICER,,3,29,NONE,CHEWA
5,21088597,5,FEMALE,22,HEALTH WORKER,,3,16,NONE,CHEWA
6,21088597,6,MALE,25,ASSIST. AGRICULTURAL EXTENSION DEVELOPMENT OFFICER,,3,25,PSLC,CHEWA
7,21088597,7,FEMALE,26,ASSIST. AGRICULTURAL EXTENSION DEVELOPMENT OFFICER,,3,26,NONE,CHEWA
1,30101280,1,FEMALE,45,HEADMAN,,10,45,NONE,YAO
2,30101280,2,MALE,64,HEADMAN,,20,60,NONE,YAO
3,30101280,3,MALE,46,POLICE,,3,46,NONE,YAO
4,30101280,4,FEMALE,36,HEALTH WORKER,,5,36,NONE,YAO
5,30101280,5,MALE,68,COUNSELOR TO HEADMAN,,10,68,NONE,YAO
6,30101280,6,FEMALE,43,HEALTH WORKER,,15,43,NONE,YAO
7,30101280,7,FEMALE,55,HEALTH WORKER,,2,55,NONE,YAO
8,30101280,8,MALE,49,COUNSELOR TO HEADMAN,,5,49,NONE,YAO
9,30101280,9,FEMALE,38,HEALTH WORKER,,3,38,NONE,YAO
1,30101545,1,FEMALE,29,COUNSELOR TO HEADMAN,,3,29,NONE,YAO
2,30101545,2,MALE,61,COUNSELOR TO HEADMAN,,17,48,NONE,YAO
3,30101545,3,FEMALE,43,OTHER (SPECIFY),,2,43,NONE,CHEWA
4,30101545,4,MALE,50,HEALTH WORKER,,25,50,NONE,CHEWA
5,30101545,5,MALE,47,OTHER (SPECIFY),,15,42,NONE,YAO
6,30101545,6,MALE,40,COUNSELOR TO HEADMAN,,3,40,NONE,CHEWA
7,30101545,7,MALE,39,OTHER (SPECIFY),,3,39,NONE,YAO
8,30101545,8,MALE,50,HEADMAN,,3,44,NONE,YAO
1,30102028,1,MALE,39,COUNSELOR TO HEADMAN,,3,39,NONE,YAO
2,30102028,2,MALE,38,HEALTH WORKER,,5,5,MSCE,CHEWA
3,30102028,3,MALE,52,OTHER (SPECIFY),,3,52,PSLC,YAO
4,30102028,4,FEMALE,36,HEADMAN,,9,36,NONE,YAO
5,30102028,5,MALE,46,SCHOOL HEADMASTER,,1,8,MSCE,CHEWA
1,30102540,1,MALE,52,SCHOOL HEADMASTER,,52,14,MSCE,CHEWA
2,30102540,2,MALE,40,HEADMAN,,11,31,NONE,CHEWA
3,30102540,3,MALE,63,HEADMAN,,8,50,NONE,CHEWA
4,30102540,4,FEMALE,33,OTHER (SPECIFY),,4,33,NONE,CHEWA
5,30102540,5,MALE,38,OTHER (SPECIFY),,5,31,NONE,CHEWA
6,30102540,6,FEMALE,52,HEADMAN,,10,52,NONE,CHEWA
1,30103074,1,MALE,57,HEADMAN,,8,54,NONE,YAO
2,30103074,2,FEMALE,21,OTHER (SPECIFY),,2,21,NONE,YAO
3,30103074,3,MALE,39,HEADMAN,,8,39,NONE,YAO
4,30103074,4,MALE,63,HEADMAN,,8,63,NONE,YAO
5,30103074,5,MALE,59,COUNSELOR TO HEADMAN,,8,59,NONE,YAO
6,30103074,6,MALE,37,HEALTH WORKER,,8,3,JCE,CHEWA
7,30103074,7,FEMALE,33,SPOUSE OF HEADMAN,,8,33,NONE,YAO
8,30103074,8,FEMALE,29,OTHER (SPECIFY),,1,29,NONE,YAO
1,30104708,1,FEMALE,73,HEADMAN,,23,73,PSLC,YAO
2,30104708,2,MALE,49,HEADMAN,,27,43,NONE,YAO
3,30104708,3,FEMALE,52,OTHER (SPECIFY),,2,52,MSCE,YAO
4,30104708,4,MALE,44,SCHOOL HEADMASTER,,15,15,NON-UNIV. DIPLOMA,CHEWA
5,30104708,5,MALE,46,SCHOOL HEADMASTER,,15,15,NON-UNIV. DIPLOMA,CHEWA
6,30104708,6,MALE,33,HEALTH WORKER,,6,6,MSCE,YAO
7,30104708,7,MALE,30,POLICE,,1,30,NONE,YAO
8,30104708,8,MALE,39,POLICE,,1,39,NONE,YAO
9,30104708,9,MALE,29,ASSIST. AGRICULTURAL EXTENSION DEVELOPMENT OFFICER,,1,29,NONE,YAO
1,30105325,1,FEMALE,53,HEALTH WORKER,,13,40,NONE,YAO
2,30105325,2,MALE,74,HEADMAN,,25,57,NONE,YAO
3,30105325,3,MALE,59,OTHER (SPECIFY),,4,59,PSLC,YAO
4,30105325,4,MALE,60,HEADMAN,,15,60,NONE,YAO
5,30105325,5,MALE,49,HEADMAN,,15,49,NONE,YAO
6,30105325,6,MALE,59,HEADMAN,,16,59,NONE,YAO
7,30105325,7,MALE,35,COUNSELOR TO HEADMAN,,35,31,NONE,YAO
1,30105448,1,MALE,55,HEADMAN,,7,51,JCE,YAO
2,30105448,2,MALE,35,SCHOOL TEACHER,,5,5,MSCE,CHEWA
3,30105448,3,MALE,48,SCHOOL TEACHER,,1,2,NON-UNIV. DIPLOMA,CHEWA
4,30105448,4,MALE,31,HEALTH WORKER,,1,29,NONE,YAO
5,30105448,5,MALE,34,OTHER (SPECIFY),,2,34,PSLC,YAO
6,30105448,6,MALE,54,COUNSELOR TO HEADMAN,,6,54,NONE,YAO
1,30107624,1,MALE,77,HEADMAN,,25,67,NONE,YAO
2,30107624,2,MALE,65,COUNSELOR TO HEADMAN,,15,63,NONE,YAO
3,30107624,3,FEMALE,55,SPOUSE OF HEADMAN,,,55,NONE,YAO
4,30107624,4,FEMALE,78,OTHER (SPECIFY),,,78,NONE,YAO
5,30107624,5,FEMALE,50,HEALTH WORKER,,5,50,NONE,YAO
6,30107624,6,FEMALE,37,OTHER (SPECIFY),,,37,NONE,YAO
1,30108401,1,FEMALE,25,OTHER (SPECIFY),,2,25,PSLC,YAO
2,30108401,2,MALE,34,HEALTH WORKER,,6,5,JCE,CHEWA
3,30108401,3,FEMALE,46,OTHER (SPECIFY),,1,46,NONE,YAO
4,30108401,4,MALE,69,OTHER (SPECIFY),,10,69,NONE,YAO
5,30108401,5,MALE,44,OTHER (SPECIFY),,3,36,JCE,YAO
6,30108401,6,MALE,31,HEALTH WORKER,,5,5,MSCE,CHEWA
7,30108401,7,MALE,64,HEADMAN,,1,64,NONE,YAO
8,30108401,8,MALE,62,HEADMAN,,10,62,NONE,YAO
1,30109724,1,MALE,32,SCHOOL TEACHER,,4,4,NON-UNIV. DIPLOMA,CHEWA
2,30109724,2,MALE,85,HEADMAN,,25,85,NONE,YAO
3,30109724,3,MALE,55,OTHER (SPECIFY),,4,52,NONE,YAO
4,30109724,4,FEMALE,33,HEALTH WORKER,,4,33,NONE,YAO
1,30202252,1,MALE,66,HEADMAN,,24,45,NONE,YAO
2,30202252,2,MALE,33,HEADMAN,,19,33,NONE,YAO
3,30202252,3,MALE,30,COUNSELOR TO HEADMAN,,5,28,JCE,YAO
4,30202252,4,FEMALE,39,OTHER (SPECIFY),,3,13,JCE,CHEWA
5,30202252,5,FEMALE,32,OTHER (SPECIFY),,2,32,JCE,YAO
6,30202252,6,MALE,45,OTHER (SPECIFY),,2,45,PSLC,CHEWA
7,30202252,7,FEMALE,31,HEALTH WORKER,,1,31,JCE,YAO
8,30202252,8,FEMALE,30,OTHER (SPECIFY),,2,30,PSLC,YAO
9,30202252,9,FEMALE,50,HEALTH WORKER,,10,50,NONE,YAO
1,30206341,1,MALE,39,SCHOOL HEADMASTER,,8,8,MSCE,CHEWA
2,30206341,2,MALE,57,HEADMAN,,12,55,NONE,YAO
3,30206341,3,MALE,55,HEADMAN,,40,50,NONE,CHEWA
4,30206341,4,MALE,29,OTHER (SPECIFY),,4,28,JCE,YAO
5,30206341,5,FEMALE,53,SPOUSE OF HEADMAN,,40,46,NONE,CHEWA
1,30206572,1,MALE,83,HEADMAN,,32,52,PSLC,NYANJA
2,30206572,2,FEMALE,32,OTHER (SPECIFY),,2,32,PSLC,NYANJA
3,30206572,3,MALE,83,HEADMAN,,41,56,NONE,YAO
4,30206572,4,MALE,73,HEADMAN,,17,72,NONE,LOMWE
5,30206572,5,FEMALE,42,COUNSELOR TO HEADMAN,,2,40,NONE,LOMWE
6,30206572,6,MALE,33,COUNSELOR TO HEADMAN,,2,40,NONE,LOMWE
7,30206572,7,MALE,30,HEALTH WORKER,,6,1,MSCE,NYANJA
8,30206572,8,MALE,31,OTHER (SPECIFY),,16,31,PSLC,LOMWE
9,30206572,9,FEMALE,37,OTHER (SPECIFY),,3,35,NONE,LOMWE
10,30206572,10,FEMALE,35,COUNSELOR TO HEADMAN,,17,35,PSLC,LOMWE
11,30206572,11,FEMALE,48,POLICE,,3,48,NONE,LOMWE
1,30208396,1,FEMALE,20,HEALTH WORKER,,1,20,NONE,YAO
2,30208396,2,MALE,42,BUSINESS MAN/WOMAN,,,3,NONE,YAO
3,30208396,3,MALE,39,COUNSELOR TO HEADMAN,,1,2,NONE,YAO
4,30208396,4,FEMALE,43,BUSINESS MAN/WOMAN,,2,43,NONE,YAO
5,30208396,5,FEMALE,19,OTHER (SPECIFY),,,,NONE,YAO
6,30208396,6,FEMALE,48,COUNSELOR TO HEADMAN,,4,48,NONE,YAO
7,30208396,7,MALE,41,RELIGIOUS LEADER,,,21,NONE,YAO
8,30208396,8,FEMALE,18,OTHER (SPECIFY),,18,1,JCE,YAO
9,30208396,9,FEMALE,20,OTHER (SPECIFY),,20,1,JCE,YAO
10,30208396,10,FEMALE,71,HEADMAN,,2,71,NONE,YAO
11,30208396,11,FEMALE,19,OTHER (SPECIFY),,19,1,JCE,SENGA
12,30208396,12,MALE,21,OTHER (SPECIFY),,9,1,PSLC,NYANJA
1,30212307,1,MALE,46,HEADMAN,,12,46,PSLC,YAO
2,30212307,2,MALE,40,COUNSELOR TO HEADMAN,,4,40,NONE,YAO
3,30212307,3,MALE,39,SCHOOL TEACHER,,4,12,NON-UNIV. DIPLOMA,CHEWA
4,30212307,4,MALE,45,SCHOOL TEACHER,,18,18,NON-UNIV. DIPLOMA,CHEWA
5,30212307,5,MALE,90,COUNSELOR TO HEADMAN,,8,60,NONE,YAO
1,30212492,1,MALE,67,HEADMAN,,18,65,NONE,YAO
2,30212492,2,MALE,29,SCHOOL TEACHER,,4,4,MSCE,CHEWA
3,30212492,3,MALE,60,HEADMAN,,24,60,NONE,YAO
4,30212492,4,MALE,36,OTHER (SPECIFY),,5,36,NONE,YAO
5,30212492,5,MALE,38,COUNSELOR TO HEADMAN,,1,25,NONE,YAO
6,30212492,6,MALE,38,OTHER (SPECIFY),,10,19,NONE,CHEWA
7,30212492,7,MALE,31,OTHER (SPECIFY),,1,32,NONE,YAO
8,30212492,8,FEMALE,59,SPOUSE OF HEADMAN,,18,59,MSCE,YAO
1,30302601,1,MALE,63,HEADMAN,,10,63,NONE,CHEWA
2,30302601,2,MALE,31,OTHER (SPECIFY),,4,31,PSLC,CHEWA
3,30302601,3,MALE,38,OTHER (SPECIFY),,7,20,MSCE,CHEWA
4,30302601,4,MALE,58,OTHER (SPECIFY),,2,58,PSLC,CHEWA
5,30302601,5,FEMALE,32,COUNSELOR TO HEADMAN,,0,32,NONE,CHEWA
6,30302601,6,MALE,31,OTHER (SPECIFY),,0,34,MSCE,CHEWA
1,30305082,1,MALE,43,SCHOOL TEACHER,,7,16,MSCE,CHEWA
2,30305082,2,MALE,43,SCHOOL TEACHER,,7,14,NON-UNIV. DIPLOMA,CHEWA
3,30305082,3,MALE,35,OTHER (SPECIFY),,7,13,JCE,CHEWA
4,30305082,4,MALE,60,RELIGIOUS LEADER,,13,13,NONE,YAO
5,30305082,5,MALE,68,HEADMAN,,15,68,NONE,CHEWA
6,30305082,6,MALE,43,OTHER (SPECIFY),,8,43,NONE,CHEWA
7,30305082,7,MALE,37,RELIGIOUS LEADER,,4,13,MSCE,CHEWA
8,30305082,8,FEMALE,32,BUSINESS MAN/WOMAN,,5,32,NONE,CHEWA
9,30305082,9,MALE,78,HEADMAN,,13,78,NONE,CHEWA
10,30305082,10,MALE,42,OTHER (SPECIFY),,5,17,NONE,CHEWA
1,30305277,1,MALE,30,OTHER (SPECIFY),,4,7,NONE,CHEWA
2,30305277,2,FEMALE,31,OTHER (SPECIFY),,4,31,JCE,CHEWA
3,30305277,3,FEMALE,36,OTHER (SPECIFY),,3,36,JCE,CHEWA
4,30305277,4,FEMALE,30,OTHER (SPECIFY),,2,2,NONE,CHEWA
5,30305277,5,FEMALE,38,OTHER (SPECIFY),,3,38,NONE,CHEWA
6,30305277,6,FEMALE,30,OTHER (SPECIFY),,4,4,NONE,CHEWA
1,30305580,1,FEMALE,29,OTHER (SPECIFY),,11,4,PSLC,LOMWE
2,30305580,2,FEMALE,29,SCHOOL TEACHER,,6,3,MSCE,CHEWA
3,30305580,3,FEMALE,28,OTHER (SPECIFY),,3,28,PSLC,CHEWA
4,30305580,4,MALE,56,HEADMAN,,12,56,PSLC,CHEWA
5,30305580,5,MALE,53,OTHER (SPECIFY),,20,53,NONE,CHEWA
6,30305580,6,MALE,59,OTHER (SPECIFY),,13,23,NONE,CHEWA
7,30305580,7,FEMALE,72,HEADMAN,,13,34,NONE,CHEWA
8,30305580,8,MALE,42,HEADMAN,,29,42,NONE,CHEWA
1,30306087,1,MALE,43,SCHOOL HEADMASTER,,6,36,MSCE,CHEWA
2,30306087,2,FEMALE,34,SCHOOL HEADMASTER,,3,6,MSCE,CHEWA
3,30306087,3,MALE,75,OTHER (SPECIFY),,75,13,JCE,CHEWA
4,30306087,4,MALE,32,OTHER (SPECIFY),,5,9,JCE,CHEWA
5,30306087,5,MALE,21,OTHER (SPECIFY),,3,21,NONE,CHEWA
6,30306087,6,FEMALE,31,OTHER (SPECIFY),,5,31,PSLC,CHEWA
7,30306087,7,MALE,58,HEADMAN,,7,58,PSLC,CHEWA
1,30306555,1,MALE,28,HEALTH WORKER,,3,3,MSCE,NYANJA
2,30306555,2,FEMALE,36,HEADMAN,,4,36,NONE,CHEWA
3,30306555,3,FEMALE,45,BUSINESS MAN/WOMAN,,10,45,NONE,CHEWA
4,30306555,4,FEMALE,36,OTHER (SPECIFY),,7,36,NONE,CHEWA
5,30306555,5,FEMALE,60,OTHER (SPECIFY),,20,60,NONE,LOMWE
6,30306555,6,MALE,60,COUNSELOR TO HEADMAN,,3,22,JCE,CHEWA
7,30306555,7,MALE,22,OTHER (SPECIFY),,1,1,PSLC,CHEWA
8,30306555,8,MALE,33,SCHOOL HEADMASTER,,7,12,MSCE,CHEWA
1,30307678,1,MALE,48,SCHOOL TEACHER,,20,3,MSCE,CHEWA
2,30307678,2,MALE,56,OTHER (SPECIFY),,3,27,NONE,YAO
3,30307678,3,MALE,53,OTHER (SPECIFY),SCHOOL TEACHER,10,12,NONE,YAO
4,30307678,4,FEMALE,46,OTHER (SPECIFY),,4,6,NONE,YAO
5,30307678,5,FEMALE,27,HEALTH WORKER,,3,5,PSLC,CHEWA
6,30307678,6,MALE,51,SPOUSE OF HEADMAN,,14,51,JCE,CHEWA
1,30403444,1,MALE,76,HEADMAN,,44,15,NONE,NYANJA
2,30403444,2,FEMALE,33,HEALTH WORKER,,2,33,PSLC,NYANJA
3,30403444,3,MALE,33,SCHOOL TEACHER,,6,1,MSCE,NYANJA
4,30403444,4,MALE,68,POLICE,,4,33,PSLC,NYANJA
5,30403444,5,MALE,60,ASSIST. AGRICULTURAL EXTENSION DEVELOPMENT OFFICER,,5,60,PSLC,NYANJA
1,30406710,1,MALE,39,HEADMAN,,3,39,JCE,NYANJA
2,30406710,2,MALE,42,COUNSELOR TO HEADMAN,,4,1,NONE,NYANJA
3,30406710,3,MALE,42,POLICE,,5,21,NONE,NYANJA
4,30406710,4,FEMALE,32,ASSIST. AGRICULTURAL EXTENSION DEVELOPMENT OFFICER,,2,32,NONE,NYANJA
5,30406710,5,FEMALE,22,OTHER (SPECIFY),,1,22,NONE,NYANJA
6,30406710,6,MALE,40,SCHOOL HEADMASTER,,9,14,MSCE,LOMWE
7,30406710,7,FEMALE,32,HEALTH WORKER,,1,32,PSLC,NYANJA
1,30501383,1,MALE,50,OTHER (SPECIFY),,6,50,NONE,CHEWA
2,30501383,2,FEMALE,55,OTHER (SPECIFY),,4,55,NONE,CHEWA
3,30501383,3,FEMALE,52,OTHER (SPECIFY),,6,52,NONE,CHEWA
4,30501383,4,FEMALE,38,OTHER (SPECIFY),,3,38,NONE,CHEWA
5,30501383,5,FEMALE,39,COUNSELOR TO HEADMAN,,1,39,JCE,CHEWA
6,30501383,6,MALE,37,OTHER (SPECIFY),,2,37,NONE,CHEWA
7,30501383,7,MALE,50,OTHER (SPECIFY),,3,50,JCE,CHEWA
8,30501383,8,MALE,49,OTHER (SPECIFY),,5,49,NONE,CHEWA
9,30501383,9,MALE,49,OTHER (SPECIFY),,6,49,NONE,CHEWA
10,30501383,10,MALE,60,OTHER (SPECIFY),,3,60,PSLC,CHEWA
11,30501383,11,FEMALE,26,HEALTH WORKER,,4,26,PSLC,CHEWA
1,30502456,1,MALE,63,HEADMAN,,21,36,NONE,CHEWA
2,30502456,2,FEMALE,32,OTHER (SPECIFY),,1,32,NONE,CHEWA
3,30502456,3,MALE,30,SCHOOL TEACHER,,3,3,MSCE,CHEWA
4,30502456,4,FEMALE,27,OTHER (SPECIFY),,2,27,NONE,CHEWA
5,30502456,5,MALE,32,OTHER (SPECIFY),,1,13,NONE,CHEWA
6,30502456,6,MALE,49,OTHER (SPECIFY),,3,7,NONE,CHEWA
7,30502456,7,MALE,53,OTHER (SPECIFY),,10,29,JCE,CHEWA
8,30502456,8,MALE,67,OTHER (SPECIFY),,8,24,NONE,CHEWA
9,30502456,9,MALE,63,OTHER (SPECIFY),,10,33,NONE,CHEWA
10,30502456,10,FEMALE,43,OTHER (SPECIFY),,6,43,NONE,CHEWA
11,30502456,11,FEMALE,49,OTHER (SPECIFY),,3,49,NONE,CHEWA
12,30502456,12,FEMALE,41,OTHER (SPECIFY),,4,41,NONE,CHEWA
1,30503685,1,MALE,68,HEADMAN,,16,68,NONE,CHEWA
2,30503685,2,FEMALE,43,OTHER (SPECIFY),,6,17,PSLC,CHEWA
3,30503685,3,MALE,40,OTHER (SPECIFY),,1,40,NONE,CHEWA
4,30503685,4,MALE,50,OTHER (SPECIFY),,3,50,NONE,CHEWA
5,30503685,5,MALE,59,OTHER (SPECIFY),,1,43,NONE,CHEWA
6,30503685,6,FEMALE,25,OTHER (SPECIFY),,5,25,PSLC,CHEWA
7,30503685,7,FEMALE,28,OTHER (SPECIFY),,2,28,NONE,CHEWA
8,30503685,8,FEMALE,46,OTHER (SPECIFY),,3,21,PSLC,CHEWA
9,30503685,9,MALE,35,OTHER (SPECIFY),,5,35,NONE,CHEWA
10,30503685,10,MALE,39,SCHOOL HEADMASTER,,8,8,MSCE,CHEWA
11,30503685,11,FEMALE,50,SCHOOL TEACHER,,5,2,UNIVER. DIPLOMA,CHEWA
12,30503685,12,FEMALE,50,SCHOOL TEACHER,,3,17,NON-UNIV. DIPLOMA,CHEWA
1,30504518,1,FEMALE,35,OTHER (SPECIFY),,2,35,NONE,NYANJA
2,30504518,2,MALE,31,OTHER (SPECIFY),,4,31,NONE,NYANJA
3,30504518,3,MALE,38,OTHER (SPECIFY),,6,38,NONE,NYANJA
4,30504518,4,MALE,34,OTHER (SPECIFY),,2,21,NONE,NYANJA
5,30504518,5,MALE,40,SCHOOL HEADMASTER,,2,19,MSCE,NYANJA
6,30504518,6,FEMALE,62,HEADMAN,,2,62,NONE,LOMWE
7,30504518,7,MALE,40,OTHER (SPECIFY),,2,40,NONE,NYANJA
8,30504518,8,MALE,67,HEADMAN,,14,67,NONE,NYANJA
9,30504518,9,FEMALE,61,OTHER (SPECIFY),,1,61,NONE,NYANJA
10,30504518,10,MALE,37,OTHER (SPECIFY),,2,5,JCE,NGONI
11,30504518,11,MALE,38,HEALTH WORKER,,5,5,MSCE,NYANJA
12,30504518,12,MALE,61,OTHER (SPECIFY),,3,61,NONE,NYANJA
1,30602235,1,FEMALE,50,HEADMAN,,9,50,PSLC,CHEWA
2,30602235,2,MALE,45,HEADMAN,,10,45,PSLC,CHEWA
3,30602235,3,MALE,22,OTHER (SPECIFY),,2,22,PSLC,CHEWA
4,30602235,4,MALE,42,OTHER (SPECIFY),,10,42,PSLC,CHEWA
5,30602235,5,MALE,52,OTHER (SPECIFY),,7,52,PSLC,CHEWA
6,30602235,6,MALE,50,OTHER (SPECIFY),,8,50,NONE,CHEWA
7,30602235,7,FEMALE,53,HEADMAN,,13,53,NONE,CHEWA
8,30602235,8,MALE,27,HEALTH WORKER,,5,5,MSCE,CHEWA
9,30602235,9,MALE,70,HEADMAN,,10,70,NONE,CHEWA
1,30620196,1,MALE,33,HEADMAN,,3,33,PSLC,CHEWA
2,30620196,2,MALE,54,SCHOOL HEADMASTER,,2,2,MSCE,CHEWA
3,30620196,3,MALE,47,SCHOOL TEACHER,,2,2,MSCE,CHEWA
4,30620196,4,FEMALE,50,OTHER (SPECIFY),,3,50,NONE,CHEWA
5,30620196,5,FEMALE,87,COUNSELOR TO HEADMAN,,3,87,NONE,CHEWA
6,30620196,6,MALE,67,OTHER (SPECIFY),,2,67,JCE,CHEWA
7,30620196,7,FEMALE,32,COUNSELOR TO HEADMAN,,1,32,JCE,CHEWA
1,30703381,1,MALE,61,COUNSELOR TO HEADMAN,,3,41,NONE,CHEWA
2,30703381,2,MALE,45,COUNSELOR TO HEADMAN,,4,45,NONE,CHEWA
3,30703381,3,MALE,72,OTHER (SPECIFY),,1,72,NONE,CHEWA
4,30703381,4,FEMALE,44,OTHER (SPECIFY),,1,44,NONE,CHEWA
5,30703381,5,FEMALE,31,HEALTH WORKER,,13,7,MSCE,CHEWA
6,30703381,6,MALE,42,OTHER (SPECIFY),,3,42,NONE,CHEWA
7,30703381,7,FEMALE,41,OTHER (SPECIFY),,3,41,NONE,CHEWA
8,30703381,8,MALE,35,OTHER (SPECIFY),,2,35,PSLC,NYANJA
9,30703381,9,MALE,47,HEADMAN,,7,47,JCE,NYANJA
1,30704313,1,MALE,63,HEADMAN,,1,63,NONE,CHEWA
2,30704313,2,MALE,50,HEALTH WORKER,,5,50,NONE,CHEWA
3,30704313,3,MALE,44,HEADMAN,OTHER (SPECIFY),3,44,NONE,CHEWA
4,30704313,4,MALE,53,OTHER (SPECIFY),,2,53,NONE,CHEWA
5,30704313,5,MALE,52,COUNSELOR TO HEADMAN,,3,52,JCE,CHEWA
6,30704313,6,FEMALE,56,OTHER (SPECIFY),,8,56,NONE,CHEWA
7,30704313,7,FEMALE,51,HEADMAN,,6,51,NONE,CHEWA
8,30704313,8,FEMALE,40,BUSINESS MAN/WOMAN,,5,40,NONE,CHEWA
9,30704313,9,MALE,35,POLICE,,4,7,NONE,CHEWA
1,30705391,1,MALE,63,HEADMAN,,15,45,NONE,CHEWA
2,30705391,2,MALE,53,HEADMAN,,12,12,JCE,CHEWA
3,30705391,3,FEMALE,38,BUSINESS MAN/WOMAN,,15,1,NONE,CHEWA
4,30705391,4,FEMALE,39,BUSINESS MAN/WOMAN,,7,30,NONE,CHEWA
5,30705391,5,FEMALE,42,HEALTH WORKER,,3,13,NONE,CHEWA
6,30705391,6,MALE,42,SCHOOL TEACHER,,15,15,MSCE,CHEWA
1,30706619,1,MALE,49,HEADMAN,,1,49,NONE,NYANJA
2,30706619,2,MALE,71,OTHER (SPECIFY),,,71,NONE,NYANJA
3,30706619,3,MALE,44,POLICE,,11,14,NONE,LOMWE
4,30706619,4,FEMALE,28,RELIGIOUS LEADER,,4,2,JCE,NYANJA
5,30706619,5,FEMALE,37,HEALTH WORKER,,6,3,JCE,NYANJA
6,30706619,6,MALE,39,COUNSELOR TO HEADMAN,,1,15,JCE,NYANJA
1,30708665,1,MALE,49,OTHER (SPECIFY),,10,39,PSLC,NYANJA
2,30708665,2,MALE,29,OTHER (SPECIFY),,5,29,PSLC,NYANJA
3,30708665,3,FEMALE,39,HEALTH WORKER,,5,37,PSLC,NYANJA
4,30708665,4,FEMALE,27,SPOUSE OF HEADMAN,,7,10,PSLC,NYANJA
5,30708665,5,MALE,71,COUNSELOR TO HEADMAN,,15,69,PSLC,NYANJA
6,30708665,6,MALE,36,HEADMAN,RELIGIOUS LEADER,3,36,PSLC,NYANJA
7,30708665,7,FEMALE,60,COUNSELOR TO HEADMAN,,10,60,NONE,NYANJA
1,30709438,1,MALE,27,HEADMAN,RELIGIOUS LEADER,3,27,JCE,NYANJA
2,30709438,2,MALE,48,HEALTH WORKER,,14,14,MSCE,NYANJA
3,30709438,3,MALE,84,SPOUSE OF HEADMAN,,48,70,NONE,NYANJA
4,30709438,4,MALE,42,POLICE,,14,42,NONE,NYANJA
5,30709438,5,MALE,30,ASSIST. AGRICULTURAL EXTENSION DEVELOPMENT OFFICER,,2,2,PSLC,NYANJA
6,30709438,6,FEMALE,32,SCHOOL TEACHER,,2,32,NONE,NYANJA
1,30710079,1,MALE,59,COUNSELOR TO HEADMAN,,3,23,NONE,CHEWA
2,30710079,2,MALE,56,OTHER (SPECIFY),,,12,NONE,CHEWA
3,30710079,3,MALE,41,OTHER (SPECIFY),,11,22,NONE,CHEWA
4,30710079,4,MALE,45,OTHER (SPECIFY),,10,10,NONE,CHEWA
5,30710079,5,MALE,40,COUNSELOR TO HEADMAN,,2,10,JCE,CHEWA
6,30710079,6,MALE,64,HEADMAN,,9,15,NONE,CHEWA
7,30710079,7,FEMALE,62,BUSINESS MAN/WOMAN,,3,15,NONE,CHEWA
8,30710079,8,FEMALE,29,BUSINESS MAN/WOMAN,,2,10,NONE,CHEWA
9,30710079,9,FEMALE,32,COUNSELOR TO HEADMAN,OTHER (SPECIFY),2,13,NONE,CHEWA
10,30710079,10,MALE,35,OTHER (SPECIFY),,3,2,NONE,CHEWA
1,30711684,1,MALE,31,OTHER (SPECIFY),,3,6,PSLC,NYANJA
2,30711684,2,MALE,33,POLICE,,5,5,NONE,NYANJA
3,30711684,3,MALE,48,OTHER (SPECIFY),,8,44,NONE,NYANJA
4,30711684,4,MALE,34,HEALTH WORKER,,5,6,NONE,NYANJA
5,30711684,5,MALE,41,COUNSELOR TO HEADMAN,,3,12,NONE,LOMWE
6,30711684,6,FEMALE,39,SPOUSE OF HEADMAN,,15,20,NONE,CHEWA
7,30711684,7,MALE,64,RELIGIOUS LEADER,,11,48,NONE,CHEWA
1,30801672,1,MALE,46,HEADMAN,,19,27,NONE,NYANJA
2,30801672,2,FEMALE,78,OTHER (SPECIFY),,20,78,NONE,NYANJA
3,30801672,3,FEMALE,73,OTHER (SPECIFY),,20,73,NONE,NYANJA
4,30801672,4,FEMALE,32,HEALTH WORKER,,10,32,NONE,NYANJA
5,30801672,5,MALE,32,OTHER (SPECIFY),,5,12,PSLC,LOMWE
6,30801672,6,MALE,55,POLICE,,5,55,NONE,LOMWE
1,30801679,1,MALE,65,RELIGIOUS LEADER,BUSINESS MAN/WOMAN,10,65,JCE,CHEWA
2,30801679,2,MALE,70,RELIGIOUS LEADER,COUNSELOR TO HEADMAN,29,70,PSLC,CHEWA
3,30801679,3,MALE,64,HEALTH WORKER,RELIGIOUS LEADER,14,64,PSLC,CHEWA
4,30801679,4,MALE,79,COUNSELOR TO HEADMAN,,29,79,PSLC,CHEWA
5,30801679,5,MALE,61,OTHER (SPECIFY),,7,61,PSLC,CHEWA
6,30801679,6,FEMALE,32,OTHER (SPECIFY),,1,32,PSLC,CHEWA
7,30801679,7,FEMALE,29,HEALTH WORKER,,1,29,PSLC,CHEWA
8,30801679,8,FEMALE,64,SPOUSE OF HEADMAN,,10,10,NONE,CHEWA
9,30801679,9,MALE,77,RELIGIOUS LEADER,COUNSELOR TO HEADMAN,5,30,NONE,CHEWA
10,30801679,10,MALE,61,OTHER (SPECIFY),,2,61,PSLC,CHEWA
1,30803115,1,MALE,49,HEALTH WORKER,RELIGIOUS LEADER,20,32,PSLC,CHEWA
2,30803115,2,FEMALE,39,COUNSELOR TO HEADMAN,RELIGIOUS LEADER,4,39,PSLC,CHEWA
3,30803115,3,FEMALE,38,BUSINESS MAN/WOMAN,RELIGIOUS LEADER,5,38,PSLC,CHEWA
4,30803115,4,FEMALE,42,BUSINESS MAN/WOMAN,OTHER (SPECIFY),4,42,PSLC,CHEWA
5,30803115,5,MALE,45,SPOUSE OF HEADMAN,,10,27,PSLC,CHEWA
1,30804416,1,MALE,53,HEADMAN,,15,53,NONE,NYANJA
2,30804416,2,FEMALE,54,OTHER (SPECIFY),,4,54,NONE,NYANJA
3,30804416,3,MALE,72,COUNSELOR TO HEADMAN,,1,40,NONE,NYANJA
4,30804416,4,MALE,60,HEALTH WORKER,,1,39,NONE,NYANJA
5,30804416,5,MALE,65,COUNSELOR TO HEADMAN,,5,65,NONE,NYANJA
6,30804416,6,MALE,56,OTHER (SPECIFY),,3,26,JCE,NYANJA
7,30804416,7,FEMALE,50,SCHOOL HEADMASTER,,4,50,MSCE,NYANJA
1,30805259,1,FEMALE,57,COUNSELOR TO HEADMAN,,57,57,PSLC,CHEWA
2,30805259,2,FEMALE,29,OTHER (SPECIFY),,29,29,PSLC,CHEWA
3,30805259,3,FEMALE,22,BUSINESS MAN/WOMAN,,22,22,PSLC,CHEWA
4,30805259,4,MALE,63,COUNSELOR TO HEADMAN,,10,5,MSCE,CHEWA
5,30805259,5,FEMALE,33,BUSINESS MAN/WOMAN,,12,12,MSCE,CHEWA
1,30806611,1,MALE,78,HEADMAN,,34,34,NONE,NYANJA
2,30806611,2,MALE,55,OTHER (SPECIFY),RELIGIOUS LEADER,12,55,NONE,NYANJA
3,30806611,3,MALE,33,HEALTH WORKER,,8,33,JCE,NYANJA
4,30806611,4,MALE,50,ASSIST. AGRICULTURAL EXTENSION DEVELOPMENT OFFICER,,4,50,NONE,NYANJA
5,30806611,5,FEMALE,28,SCHOOL TEACHER,,2,3,NONE,NYANJA
6,30806611,6,FEMALE,56,OTHER (SPECIFY),,2,56,PSLC,NYANJA
1,30901054,1,MALE,67,COUNSELOR TO HEADMAN,OTHER (SPECIFY),1,26,PSLC,CHEWA
2,30901054,2,MALE,34,RELIGIOUS LEADER,,6,34,PSLC,CHEWA
3,30901054,3,FEMALE,63,OTHER (SPECIFY),,9,63,NONE,CHEWA
4,30901054,4,FEMALE,43,HEALTH WORKER,,5,43,NONE,CHEWA
5,30901054,5,MALE,37,HEALTH WORKER,,12,2,MSCE,CHEWA
6,30901054,6,MALE,71,COUNSELOR TO HEADMAN,,2,71,NONE,CHEWA
1,30901475,1,MALE,58,HEADMAN,,2,58,NONE,LOMWE
2,30901475,2,FEMALE,24,HEALTH WORKER,,2,24,NONE,NYANJA
3,30901475,3,MALE,35,OTHER (SPECIFY),,4,2,NONE,YAO
4,30901475,4,MALE,37,OTHER (SPECIFY),,3,10,JCE,NYANJA
1,30901603,1,MALE,53,COUNSELOR TO HEADMAN,OTHER (SPECIFY),6,20,PSLC,CHEWA
2,30901603,2,MALE,26,BUSINESS MAN/WOMAN,,2,26,MSCE,CHEWA
3,30901603,3,MALE,34,OTHER (SPECIFY),,14,34,NONE,CHEWA
4,30901603,4,MALE,22,BUSINESS MAN/WOMAN,,3,22,PSLC,CHEWA
5,30901603,5,MALE,32,HEALTH WORKER,,8,18,PSLC,CHEWA
6,30901603,6,MALE,53,HEALTH WORKER,,8,53,PSLC,CHEWA
1,31001333,1,MALE,30,SCHOOL TEACHER,,2,2,NON-UNIV. DIPLOMA,NYANJA
2,31001333,2,MALE,51,HEADMAN,,4,51,NONE,NYANJA
3,31001333,3,MALE,36,OTHER (SPECIFY),,9,11,NONE,NYANJA
4,31001333,4,MALE,43,OTHER (SPECIFY),,3,43,PSLC,NYANJA
5,31001333,5,MALE,65,COUNSELOR TO HEADMAN,,4,65,NONE,NYANJA
6,31001333,6,FEMALE,50,OTHER (SPECIFY),OTHER (SPECIFY),3,50,NONE,NYANJA
7,31001333,7,MALE,63,OTHER (SPECIFY),,37,37,NONE,NYANJA
8,31001333,8,FEMALE,,BUSINESS MAN/WOMAN,,11,11,NONE,SENA
9,31001333,9,MALE,30,RELIGIOUS LEADER,,10,30,NONE,CHEWA
10,31001333,10,MALE,24,OTHER (SPECIFY),,2,24,PSLC,NYANJA
1,31001749,1,MALE,73,HEADMAN,,8,73,NONE,CHEWA
2,31001749,2,MALE,69,COUNSELOR TO HEADMAN,,,69,NONE,CHEWA
3,31001749,3,MALE,64,OTHER (SPECIFY),COUNSELOR TO HEADMAN,15,64,NONE,NYANJA
4,31001749,4,MALE,64,RELIGIOUS LEADER,,2,64,NONE,NYANJA
5,31001749,5,MALE,50,HEADMAN,,18,50,NONE,NYANJA
6,31001749,6,FEMALE,53,OTHER (SPECIFY),COUNSELOR TO HEADMAN,2,20,NONE,NYANJA
7,31001749,7,FEMALE,70,OTHER (SPECIFY),,1,70,NONE,CHEWA
8,31001749,8,MALE,41,SCHOOL HEADMASTER,,10,5,UNIVER. DIPLOMA,CHEWA
1,31002169,1,MALE,68,OTHER (SPECIFY),,39,35,NONE,NYANJA
2,31002169,2,MALE,43,COUNSELOR TO HEADMAN,,8,43,NONE,NYANJA
3,31002169,3,FEMALE,52,RELIGIOUS LEADER,,6,32,NONE,SENA
4,31002169,4,FEMALE,38,OTHER (SPECIFY),,7,9,PSLC,NYANJA
5,31002169,5,FEMALE,45,COUNSELOR TO HEADMAN,,1,45,NONE,NYANJA
6,31002169,6,FEMALE,41,BUSINESS MAN/WOMAN,,6,27,NONE,NYANJA
7,31002169,7,FEMALE,31,RELIGIOUS LEADER,,3,14,PSLC,NYANJA
8,31002169,8,FEMALE,35,HEADMAN,,35,35,NONE,NYANJA
1,31004312,1,MALE,88,HEADMAN,,7,88,NONE,CHEWA
2,31004312,2,MALE,34,HEALTH WORKER,,7,7,MSCE,CHEWA
3,31004312,3,MALE,58,COUNSELOR TO HEADMAN,HEALTH WORKER,7,30,NONE,NYANJA
4,31004312,4,MALE,36,POLICE,,14,14,NONE,CHEWA
5,31004312,5,MALE,34,POLICE,,10,34,NONE,CHEWA
6,31004312,6,MALE,42,SCHOOL TEACHER,,12,5,NON-UNIV. DIPLOMA,TUMBUKA
7,31004312,7,FEMALE,50,OTHER (SPECIFY),,20,21,NONE,CHEWA
1,31006556,1,MALE,49,SCHOOL HEADMASTER,,7,20,MSCE,NYANJA
2,31006556,2,MALE,30,POLICE,,10,30,JCE,NYANJA
3,31006556,3,MALE,32,COUNSELOR TO HEADMAN,,7,13,PSLC,NYANJA
4,31006556,4,MALE,32,OTHER (SPECIFY),,2,32,PSLC,NYANJA
5,31006556,5,MALE,29,OTHER (SPECIFY),,4,29,NONE,NYANJA
6,31006556,6,FEMALE,30,OTHER (SPECIFY),,3,30,NONE,NYANJA
7,31006556,7,MALE,37,OTHER (SPECIFY),,3,37,PSLC,SENA
8,31006556,8,MALE,44,OTHER (SPECIFY),,1,10,NONE,LOMWE
9,31006556,9,MALE,32,COUNSELOR TO HEADMAN,,9,3,JCE,CHEWA
10,31006556,10,FEMALE,43,OTHER (SPECIFY),,,38,NONE,NGONI
1,31007335,1,MALE,49,HEALTH WORKER,,3,49,NONE,NYANJA
2,31007335,2,MALE,44,OTHER (SPECIFY),,1,44,NONE,NYANJA
3,31007335,3,FEMALE,52,OTHER (SPECIFY),,2,52,NONE,NYANJA
4,31007335,4,FEMALE,57,OTHER (SPECIFY),,5,57,NONE,NYANJA
5,31007335,5,MALE,48,OTHER (SPECIFY),,6,48,NONE,NYANJA
6,31007335,6,MALE,52,OTHER (SPECIFY),,6,52,NONE,NYANJA
7,31007335,7,MALE,30,HEADMAN,,1,30,MSCE,NYANJA
8,31007335,8,MALE,41,HEADMAN,,13,41,NONE,NYANJA
9,31007335,9,MALE,85,HEADMAN,,11,85,NONE,NYANJA
1,31108703,1,FEMALE,40,HEADMAN,,5,5,NONE,SENA
2,31108703,2,MALE,54,HEALTH WORKER,,30,3,JCE,NYANJA
3,31108703,3,MALE,38,HEADMAN,,18,38,NONE,SENA
4,31108703,4,MALE,75,HEADMAN,,32,75,NONE,SENA
5,31108703,5,MALE,50,RELIGIOUS LEADER,,8,18,PSLC,LOMWE
6,31108703,6,MALE,58,HEADMAN,,2,58,NONE,SENA
7,31108703,7,MALE,32,OTHER (SPECIFY),,3,3,MSCE,SENA
8,31108703,8,MALE,49,SCHOOL HEADMASTER,,20,49,MSCE,SENA
1,31201007,1,MALE,66,HEADMAN,,17,10,NONE,NGONI
2,31201007,2,FEMALE,39,HEALTH WORKER,,10,8,MSCE,CHEWA
3,31201007,3,FEMALE,64,SPOUSE OF HEADMAN,,5,8,NONE,CHEWA
4,31201007,4,MALE,45,HEADMAN,,2,45,NONE,CHEWA
5,31201007,5,MALE,28,OTHER (SPECIFY),,7,12,NONE,CHEWA
6,31201007,6,FEMALE,44,OTHER (SPECIFY),,2,29,NONE,CHEWA
7,31201007,7,MALE,46,HEADMAN,,14,36,NONE,CHEWA
8,31201007,8,FEMALE,54,OTHER (SPECIFY),,1,54,PSLC,CHEWA
9,31201007,9,FEMALE,44,OTHER (SPECIFY),,3,31,NONE,CHEWA
10,31201007,10,MALE,45,OTHER (SPECIFY),,7,15,NONE,CHEWA
1,31201104,1,MALE,44,HEADMAN,,21,36,MSCE,CHEWA
2,31201104,2,MALE,46,OTHER (SPECIFY),,5,34,NONE,CHEWA
3,31201104,3,MALE,32,HEADMAN,,1,30,NONE,CHEWA
4,31201104,4,FEMALE,30,OTHER (SPECIFY),,1,25,NONE,CHEWA
5,31201104,5,FEMALE,34,OTHER (SPECIFY),,4,34,NONE,CHEWA
6,31201104,6,FEMALE,35,OTHER (SPECIFY),,11,35,PSLC,CHEWA
1,31201197,1,MALE,67,HEADMAN,,29,63,NONE,YAO
2,31201197,2,MALE,54,HEADMAN,OTHER (SPECIFY),6,49,NONE,NYANJA
3,31201197,3,MALE,39,HEALTH WORKER,OTHER (SPECIFY),10,39,PSLC,NYANJA
4,31201197,4,MALE,55,COUNSELOR TO HEADMAN,,1,29,NONE,CHEWA
5,31201197,5,MALE,29,COUNSELOR TO HEADMAN,OTHER (SPECIFY),1,26,NONE,NYANJA
6,31201197,6,MALE,50,COUNSELOR TO HEADMAN,RELIGIOUS LEADER,6,23,NONE,CHEWA
1,31201516,1,MALE,60,HEADMAN,,20,54,PSLC,CHEWA
2,31201516,2,FEMALE,39,COUNSELOR TO HEADMAN,,3,30,PSLC,NYANJA
3,31201516,3,MALE,74,COUNSELOR TO HEADMAN,,5,72,NONE,NYANJA
4,31201516,4,MALE,36,OTHER (SPECIFY),,2,28,JCE,CHEWA
5,31201516,5,MALE,27,COUNSELOR TO HEADMAN,,6,13,JCE,CHEWA
6,31201516,6,MALE,35,OTHER (SPECIFY),,1,35,JCE,CHEWA
7,31201516,7,MALE,35,OTHER (SPECIFY),,1,24,JCE,CHEWA
8,31201516,8,MALE,33,OTHER (SPECIFY),,4,32,PSLC,CHEWA
9,31201516,9,MALE,37,OTHER (SPECIFY),,2,37,NONE,CHEWA
10,31201516,10,FEMALE,85,HEADMAN,,24,85,PSLC,NGONI
11,31201516,11,MALE,48,OTHER (SPECIFY),,0,19,PSLC,CHEWA
1,31204618,1,FEMALE,64,HEADMAN,,8,61,NONE,YAO
2,31204618,2,MALE,62,OTHER (SPECIFY),,2,62,NONE,YAO
3,31204618,3,MALE,61,OTHER (SPECIFY),,5,28,NONE,YAO
4,31204618,4,FEMALE,38,OTHER (SPECIFY),,3,28,NONE,YAO
5,31204618,5,FEMALE,25,OTHER (SPECIFY),,2,32,NONE,CHEWA
6,31204618,6,FEMALE,32,OTHER (SPECIFY),,2,32,NONE,CHEWA
7,31204618,7,MALE,49,HEADMAN,,16,49,NONE,YAO
8,31204618,8,MALE,1,OTHER (SPECIFY),,49,1,NONE,YAO
9,31204618,9,MALE,49,RELIGIOUS LEADER,,2,49,NONE,YAO
10,31204618,10,FEMALE,26,OTHER (SPECIFY),,2,48,NONE,YAO
11,31204618,11,FEMALE,38,OTHER (SPECIFY),,2,26,NONE,YAO
12,31204618,12,FEMALE,26,OTHER (SPECIFY),,2,26,NONE,YAO
1,31432523,1,MALE,50,HEADMAN,,17,50,NONE,YAO
2,31432523,2,MALE,63,HEALTH WORKER,,5,10,PSLC,LOMWE
3,31432523,3,MALE,48,SCHOOL TEACHER,,19,7,MSCE,NYANJA
4,31432523,4,FEMALE,57,OTHER (SPECIFY),,7,33,NONE,CHEWA
5,31432523,5,MALE,59,RELIGIOUS LEADER,,35,30,NONE,CHEWA
6,31432523,6,MALE,41,OTHER (SPECIFY),,3,41,PSLC,YAO
7,31432523,7,MALE,57,OTHER (SPECIFY),,5,38,NONE,CHEWA
1,31432676,1,FEMALE,65,HEADMAN,,12,23,JCE,CHEWA
2,31432676,2,FEMALE,41,OTHER (SPECIFY),,5,20,MSCE,CHEWA
3,31432676,3,FEMALE,66,OTHER (SPECIFY),,4,13,MSCE,CHEWA
4,31432676,4,MALE,68,OTHER (SPECIFY),,20,29,JCE,CHEWA
5,31432676,5,FEMALE,62,OTHER (SPECIFY),,17,30,JCE,CHEWA
6,31432676,6,FEMALE,49,SCHOOL HEADMASTER,,1,1,MSCE,CHEWA
1,31435120,1,MALE,30,HEADMAN,,5,22,MSCE,CHEWA
2,31435120,2,MALE,73,OTHER (SPECIFY),,6,24,PSLC,CHEWA
3,31435120,3,MALE,67,RELIGIOUS LEADER,,35,39,NONE,CHEWA
4,31435120,4,FEMALE,54,BUSINESS MAN/WOMAN,,4,25,NONE,CHEWA
5,31435120,5,MALE,42,COUNSELOR TO HEADMAN,,10,28,NONE,CHEWA
1,31435753,1,MALE,43,COUNSELOR TO HEADMAN,,15,42,NONE,CHEWA
2,31435753,2,FEMALE,53,OTHER (SPECIFY),,5,16,PSLC,CHEWA
3,31435753,3,FEMALE,22,SCHOOL TEACHER,,1,21,NON-UNIV. DIPLOMA,CHEWA
4,31435753,4,FEMALE,48,SCHOOL TEACHER,,9,6,UNIVER. DIPLOMA,CHEWA
1,31436695,1,MALE,70,OTHER (SPECIFY),,12,15,MSCE,CHEWA
2,31436695,2,MALE,29,RELIGIOUS LEADER,,5,5,MSCE,NYANJA
3,31436695,3,FEMALE,54,OTHER (SPECIFY),,4,15,PSLC,CHEWA
4,31436695,4,FEMALE,58,OTHER (SPECIFY),,4,12,MSCE,CHEWA
5,31436695,5,MALE,50,SCHOOL HEADMASTER,,4,4,NON-UNIV. DIPLOMA,CHEWA
1,31438690,1,MALE,49,HEADMAN,,12,49,NONE,CHEWA
2,31438690,2,FEMALE,26,COUNSELOR TO HEADMAN,,5,26,NONE,CHEWA
3,31438690,3,MALE,19,OTHER (SPECIFY),,1,12,JCE,CHEWA
4,31438690,4,MALE,39,OTHER (SPECIFY),,5,39,NONE,CHEWA
5,31438690,5,MALE,40,SCHOOL TEACHER,,19,9,MSCE,CHEWA
6,31438690,6,MALE,55,RELIGIOUS LEADER,,4,55,PSLC,NYANJA
7,31438690,7,MALE,42,SCHOOL TEACHER,OTHER (SPECIFY),15,8,MSCE,CHEWA
1,31439102,1,MALE,55,HEADMAN,,1,20,JCE,CHEWA
2,31439102,2,MALE,41,SCHOOL TEACHER,,20,7,UNIVER. DIPLOMA,CHEWA
3,31439102,3,MALE,37,HEALTH WORKER,,17,7,UNIVER. DIPLOMA,CHEWA
4,31439102,4,FEMALE,56,OTHER (SPECIFY),,30,30,MSCE,CHEWA
5,31439102,5,FEMALE,48,OTHER (SPECIFY),,8,8,MSCE,CHEWA
6,31439102,6,FEMALE,57,ASSIST. AGRICULTURAL EXTENSION DEVELOPMENT OFFICER,,30,30,NONE,CHEWA
7,31439102,7,FEMALE,43,OTHER (SPECIFY),,1,3,NONE,CHEWA
8,31439102,8,MALE,47,SPOUSE OF HEADMAN,,1,20,MSCE,CHEWA
1,31441389,1,MALE,74,HEADMAN,,9,47,NONE,YAO
2,31441389,2,MALE,50,OTHER (SPECIFY),,1,9,PSLC,NYANJA
3,31441389,3,MALE,53,OTHER (SPECIFY),,1,5,JCE,CHEWA
4,31441389,4,FEMALE,35,RELIGIOUS LEADER,,35,14,JCE,NYANJA
5,31441389,5,FEMALE,42,COUNSELOR TO HEADMAN,,3,42,PSLC,CHEWA
1,31442394,1,FEMALE,43,COUNSELOR TO HEADMAN,OTHER (SPECIFY),15,20,NONE,CHEWA
2,31442394,2,FEMALE,58,HEADMAN,,8,58,NONE,CHEWA
3,31442394,3,FEMALE,58,RELIGIOUS LEADER,,20,36,NONE,CHEWA
4,31442394,4,FEMALE,39,HEALTH WORKER,,9,2,PSLC,CHEWA
5,31442394,5,MALE,45,BUSINESS MAN/WOMAN,,19,26,MSCE,CHEWA
6,31442394,6,MALE,50,OTHER (SPECIFY),,2,25,NONE,CHEWA
7,31442394,7,MALE,25,OTHER (SPECIFY),,2,25,MSCE,CHEWA
8,31442394,8,MALE,40,OTHER (SPECIFY),,2,16,MSCE,CHEWA
9,31442394,9,MALE,52,SCHOOL TEACHER,,23,2,NON-UNIV. DIPLOMA,CHEWA
1,31443108,1,MALE,79,COUNSELOR TO HEADMAN,,6,61,PSLC,CHEWA
2,31443108,2,MALE,63,COUNSELOR TO HEADMAN,,5,63,JCE,CHEWA
3,31443108,3,FEMALE,39,COUNSELOR TO HEADMAN,,3,39,PSLC,CHEWA
4,31443108,4,FEMALE,54,COUNSELOR TO HEADMAN,,5,28,NONE,CHEWA
5,31443108,5,FEMALE,64,COUNSELOR TO HEADMAN,,6,64,NONE,YAO
6,31443108,6,FEMALE,42,OTHER (SPECIFY),,2,42,MSCE,CHEWA
7,31443108,7,MALE,53,SCHOOL HEADMASTER,,14,11,UNIVER. DIPLOMA,CHEWA
1,31443270,1,MALE,53,HEADMAN,,8,53,NONE,CHEWA
2,31443270,2,MALE,50,OTHER (SPECIFY),,4,8,PSLC,CHEWA
3,31443270,3,MALE,22,OTHER (SPECIFY),,1,22,JCE,CHEWA
4,31443270,4,MALE,41,OTHER (SPECIFY),,3,4,NONE,CHEWA
5,31443270,5,FEMALE,31,OTHER (SPECIFY),,1,7,NONE,CHEWA
6,31443270,6,FEMALE,49,OTHER (SPECIFY),,4,19,NONE,CHEWA
1,31532674,1,MALE,31,HEADMAN,,6,34,PSLC,CHEWA
2,31532674,2,MALE,38,OTHER (SPECIFY),,12,27,PSLC,CHEWA
3,31532674,3,FEMALE,47,OTHER (SPECIFY),,2,47,NONE,CHEWA
4,31532674,4,MALE,53,OTHER (SPECIFY),,10,29,NONE,CHEWA
5,31532674,5,MALE,53,OTHER (SPECIFY),,7,27,NONE,CHEWA
6,31532674,6,MALE,57,OTHER (SPECIFY),,2,55,NONE,CHEWA
7,31532674,7,FEMALE,39,OTHER (SPECIFY),,12,39,PSLC,CHEWA
8,31532674,8,FEMALE,65,OTHER (SPECIFY),,4,46,NONE,CHEWA
9,31532674,9,FEMALE,53,,SCHOOL HEADMASTER,1,16,MSCE,CHEWA
1,31533095,1,FEMALE,68,HEADMAN,,7,68,NONE,CHEWA
2,31533095,2,FEMALE,44,COUNSELOR TO HEADMAN,,3,12,NONE,CHEWA
3,31533095,3,FEMALE,32,COUNSELOR TO HEADMAN,,3,8,MSCE,CHEWA
4,31533095,4,FEMALE,25,OTHER (SPECIFY),,4,5,NONE,CHEWA
5,31533095,5,MALE,45,COUNSELOR TO HEADMAN,,10,25,PSLC,CHEWA
6,31533095,6,MALE,39,OTHER (SPECIFY),,5,12,PSLC,CHEWA
7,31533095,7,MALE,45,BUSINESS MAN/WOMAN,,19,19,PSLC,CHEWA
8,31533095,8,MALE,46,OTHER (SPECIFY),,12,28,NONE,CHEWA
9,31533095,9,MALE,44,BUSINESS MAN/WOMAN,,15,17,PSLC,CHEWA
10,31533095,10,MALE,37,OTHER (SPECIFY),,3,18,PSLC,CHEWA
11,31533095,11,MALE,37,OTHER (SPECIFY),,4,10,NONE,CHEWA
12,31533095,12,MALE,32,OTHER (SPECIFY),,5,12,NONE,CHEWA
1,31536118,1,FEMALE,44,HEADMAN,,5,44,PSLC,CHEWA
2,31536118,2,FEMALE,60,OTHER (SPECIFY),,3,33,JCE,CHEWA
3,31536118,3,MALE,63,COUNSELOR TO HEADMAN,,35,62,PSLC,CHEWA
4,31536118,4,FEMALE,67,OTHER (SPECIFY),,3,67,PSLC,CHEWA
5,31536118,5,FEMALE,60,OTHER (SPECIFY),,3,42,NONE,CHEWA
6,31536118,6,FEMALE,45,OTHER (SPECIFY),,5,33,JCE,CHEWA
7,31536118,7,MALE,60,OTHER (SPECIFY),,3,34,PSLC,CHEWA
8,31536118,8,MALE,56,OTHER (SPECIFY),,3,33,JCE,CHEWA
9,31536118,9,MALE,60,COUNSELOR TO HEADMAN,,15,36,PSLC,CHEWA
10,31536118,10,MALE,53,OTHER (SPECIFY),,3,33,PSLC,CHEWA
1,31536751,1,FEMALE,56,HEADMAN,,19,56,NONE,CHEWA
2,31536751,2,FEMALE,55,COUNSELOR TO HEADMAN,,10,48,NONE,CHEWA
3,31536751,3,FEMALE,57,OTHER (SPECIFY),,4,4,NONE,CHEWA
4,31536751,4,FEMALE,36,OTHER (SPECIFY),,11,12,PSLC,CHEWA
5,31536751,5,FEMALE,33,HEALTH WORKER,,4,33,NONE,CHEWA
6,31536751,6,MALE,29,OTHER (SPECIFY),,1,15,NONE,CHEWA
7,31536751,7,MALE,62,OTHER (SPECIFY),,5,27,JCE,CHEWA
8,31536751,8,MALE,36,COUNSELOR TO HEADMAN,,7,36,PSLC,CHEWA
1,31539670,1,FEMALE,70,HEADMAN,,9,40,NONE,NGONI
2,31539670,2,FEMALE,55,OTHER (SPECIFY),,9,35,PSLC,LOMWE
3,31539670,3,FEMALE,64,SCHOOL TEACHER,,64,19,PSLC,TUMBUKA
4,31539670,4,MALE,42,OTHER (SPECIFY),,9,16,JCE,YAO
5,31539670,5,MALE,71,OTHER (SPECIFY),,11,71,NONE,NGONI
6,31539670,6,MALE,35,OTHER (SPECIFY),,9,25,MSCE,NGONI
1,31540419,1,MALE,45,HEADMAN,,5,45,MSCE,YAO
2,31540419,2,FEMALE,48,COUNSELOR TO HEADMAN,,4,20,JCE,CHEWA
3,31540419,3,MALE,44,COUNSELOR TO HEADMAN,,2,44,PSLC,CHEWA
4,31540419,4,FEMALE,51,COUNSELOR TO HEADMAN,,23,32,NONE,CHEWA
5,31540419,5,MALE,50,COUNSELOR TO HEADMAN,,2,26,JCE,CHEWA
6,31540419,6,FEMALE,16,OTHER (SPECIFY),,1,1,JCE,CHEWA
7,31540419,7,MALE,19,OTHER (SPECIFY),,1,19,JCE,CHEWA
8,31540419,8,FEMALE,27,COUNSELOR TO HEADMAN,,2,27,JCE,CHEWA
9,31540419,9,MALE,70,COUNSELOR TO HEADMAN,,2,37,PSLC,CHEWA
10,31540419,10,FEMALE,21,COUNSELOR TO HEADMAN,,2,21,JCE,CHEWA
11,31540419,11,FEMALE,32,OTHER (SPECIFY),,3,32,JCE,CHEWA
1,31545384,1,MALE,42,HEADMAN,,10,40,MSCE,CHEWA
2,31545384,2,MALE,23,OTHER (SPECIFY),,2,40,MSCE,CHEWA
3,31545384,3,FEMALE,38,OTHER (SPECIFY),,4,10,JCE,CHEWA
4,31545384,4,FEMALE,51,OTHER (SPECIFY),,3,35,NONE,CHEWA
5,31545384,5,FEMALE,50,OTHER (SPECIFY),,10,50,NONE,CHEWA
6,31545384,6,FEMALE,60,SCHOOL TEACHER,,30,20,JCE,CHEWA
7,31545384,7,FEMALE,32,OTHER (SPECIFY),,4,13,JCE,CHEWA
8,31545384,8,FEMALE,33,OTHER (SPECIFY),,5,20,JCE,CHEWA
9,31545384,9,MALE,45,OTHER (SPECIFY),,3,19,NONE,CHEWA
10,31545384,10,MALE,35,OTHER (SPECIFY),,5,10,NONE,CHEWA
11,31545384,11,MALE,48,OTHER (SPECIFY),,2,22,PSLC,CHEWA
1,31546760,1,FEMALE,44,HEADMAN,,5,44,PSLC,CHEWA
2,31546760,2,FEMALE,47,COUNSELOR TO HEADMAN,,9,29,NONE,CHEWA
3,31546760,3,FEMALE,55,OTHER (SPECIFY),,3,55,NONE,CHEWA
4,31546760,4,FEMALE,45,COUNSELOR TO HEADMAN,,5,15,NONE,CHEWA
5,31546760,5,MALE,32,OTHER (SPECIFY),,3,27,NONE,CHEWA
6,31546760,6,MALE,49,OTHER (SPECIFY),,15,28,NONE,CHEWA
7,31546760,7,MALE,37,OTHER (SPECIFY),,3,14,MSCE,CHEWA
8,31546760,8,MALE,37,OTHER (SPECIFY),,5,5,JCE,CHEWA
9,31546760,9,FEMALE,45,OTHER (SPECIFY),,2,35,NONE,CHEWA
10,31546760,10,FEMALE,43,OTHER (SPECIFY),,3,43,NONE,CHEWA
11,31546760,11,MALE,47,SPOUSE OF HEADMAN,,10,20,NONE,CHEWA
1,31550254,1,MALE,27,BUSINESS MAN/WOMAN,,3,10,NON-UNIV. DIPLOMA,CHEWA
2,31550254,2,FEMALE,55,SCHOOL HEADMASTER,,4,8,MSCE,CHEWA
3,31550254,3,MALE,60,OTHER (SPECIFY),,5,9,MSCE,CHEWA
4,31550254,4,FEMALE,42,HEALTH WORKER,,21,13,PSLC,CHEWA
5,31550254,5,MALE,45,HEALTH WORKER,,5,5,MSCE,CHEWA
6,31550254,6,MALE,43,OTHER (SPECIFY),,3,3,JCE,CHEWA
7,31550254,7,MALE,36,OTHER (SPECIFY),,4,4,JCE,CHEWA
1,31552686,1,FEMALE,45,SCHOOL HEADMASTER,,5,5,MSCE,CHEWA
2,31552686,2,FEMALE,46,SCHOOL HEADMASTER,,2,2,MSCE,CHEWA
3,31552686,3,MALE,43,SCHOOL TEACHER,,6,6,MSCE,CHEWA
4,31552686,4,MALE,37,BUSINESS MAN/WOMAN,,9,15,PSLC,NYANJA
5,31552686,5,MALE,49,BUSINESS MAN/WOMAN,,16,16,PSLC,CHEWA
6,31552686,6,FEMALE,33,HEALTH WORKER,,4,4,MSCE,CHEWA
7,31552686,7,MALE,52,SCHOOL HEADMASTER,,7,13,UNIVER. DIPLOMA,CHEWA
1,31554613,1,MALE,61,HEADMAN,,6,61,NONE,CHEWA
2,31554613,2,FEMALE,73,COUNSELOR TO HEADMAN,,26,30,NONE,CHEWA
3,31554613,3,FEMALE,42,SCHOOL TEACHER,,15,15,NON-UNIV. DIPLOMA,CHEWA
4,31554613,4,FEMALE,57,OTHER (SPECIFY),,2,32,NONE,CHEWA
5,31554613,5,FEMALE,60,OTHER (SPECIFY),,2,25,NONE,CHEWA
6,31554613,6,FEMALE,33,HEALTH WORKER,,3,3,MSCE,TUMBUKA
7,31554613,7,MALE,63,OTHER (SPECIFY),,10,10,PSLC,CHEWA
8,31554613,8,MALE,45,OTHER (SPECIFY),,3,45,JCE,CHEWA
9,31554613,9,MALE,64,OTHER (SPECIFY),,15,15,NONE,LOMWE
10,31554613,10,FEMALE,40,OTHER (SPECIFY),,2,20,NONE,SENA
11,31554613,11,FEMALE,35,OTHER (SPECIFY),,2,17,NONE,SENA
1,31555614,1,MALE,49,HEADMAN,,13,49,JCE,CHEWA
2,31555614,2,MALE,50,OTHER (SPECIFY),,6,28,NONE,CHEWA
3,31555614,3,MALE,49,OTHER (SPECIFY),,9,14,NONE,CHEWA
4,31555614,4,FEMALE,81,OTHER (SPECIFY),,3,81,NONE,CHEWA
5,31555614,5,FEMALE,80,COUNSELOR TO HEADMAN,,3,80,NONE,CHEWA
6,31555614,6,FEMALE,63,OTHER (SPECIFY),,1,11,NONE,CHEWA
7,31555614,7,MALE,42,OTHER (SPECIFY),,1,13,NONE,YAO
8,31555614,8,FEMALE,35,OTHER (SPECIFY),,1,12,MSCE,LOMWE
9,31555614,9,MALE,45,COUNSELOR TO HEADMAN,,3,45,NONE,CHEWA
10,31555614,10,MALE,43,COUNSELOR TO HEADMAN,,2,10,NONE,CHEWA
11,31555614,11,MALE,58,COUNSELOR TO HEADMAN,,3,18,NONE,CHEWA
12,31555614,12,MALE,30,COUNSELOR TO HEADMAN,,3,30,JCE,CHEWA
