ea_id,com_cc01,com_cc02,com_cc03,com_cc04a,com_cc04b,com_cc04c,com_cc04d,com_cc04e,com_cc04f,com_cc05a,com_cc05b,com_cc05c,com_cc05d,com_cc05e,com_cc05f,com_cc06,com_cc07a,com_cc07a_os,com_cc07b,com_cc07c,com_cc07c_os,com_cc07d,com_cc07e,com_cc07e_os,com_cc07f,com_cc08,com_cc09,com_cc09_os,com_cc10,com_cc11,com_cc12,com_cc13,com_cc14,com_cc15
10101016,MORE MOVED IN,1946,300,CHRISTIAN,160,NONE,120,TRADITIONAL,20,OTHER,100,LAMBYA,180,TUMBUKA,20,FATHER,Patrilineal and patrilocal,,300,,,,,,,54,FARMING,,FLAT,ALMOST NONE,1/4,ALMOST NONE,3/4,YES
10101204,NEITHER ARRIVALS NOR DEPARTURES,340,89,CHRISTIAN,70,NONE,19,,,LAMBYA,87,TUMBUKA,2,,,FATHER,Patrilineal and patrilocal,,89,,,,,,,8,FARMING,,BOTH FLAT AND HILLY,ALMOST NONE,ALMOST NONE,ALMOST NONE,ALMOST ALL,NO
10101215,NEITHER ARRIVALS NOR DEPARTURES,330,85,CHRISTIAN,60,NONE,25,,,LAMBYA,70,OTHER,10,TUMBUKA,5,FATHER,Patrilineal and patrilocal,,85,,,,,,,25,FARMING,,SLIGHTLY SLOPING,ALMOST NONE,ALMOST NONE,ALMOST NONE,3/4,NO
10101562,MORE MOVED IN,2000,235,CHRISTIAN,219,NONE,16,,,LAMBYA,200,OTHER,20,TUMBUKA,15,FATHER,Patrilineal and patrilocal,,235,,,,,,,11,FARMING,,BOTH FLAT AND HILLY,ALMOST NONE,ALMOST NONE,ALMOST NONE,3/4,NO
10102004,MORE MOVED OUT,614,168,CHRISTIAN,150,TRADITIONAL,14,NONE,4,SUKWA,126,OTHER,42,,,FATHER,Patrilineal and patrilocal,,168,,,,,,,11,FARMING,,STEEPLY SLOPING,1/2,ALMOST NONE,1/4,3/4,YES
10103414,MORE MOVED IN,550,125,CHRISTIAN,100,NONE,25,,,LAMBYA,75,OTHER,50,,,FATHER,Patrilineal and patrilocal,,125,,,,,,,11,FARMING,,BOTH FLAT AND HILLY,3/4,ALMOST NONE,1/4,ALMOST ALL,YES
10104150,MORE MOVED IN,700,110,CHRISTIAN,80,NONE,30,,,TUMBUKA,110,,,,,FATHER,Patrilineal and patrilocal,,110,,,,,,,35,FARMING,,BOTH FLAT AND HILLY,1/4,ALMOST NONE,ALMOST NONE,3/4,NO
10201688,MORE MOVED IN,875,175,CHRISTIAN,95,NONE,50,ISLAM,30,NKHONDE,120,YAO,30,TUMBUKA,25,FATHER,Patrilineal and patrilocal,,175,,,,,,,30,FARMING,,FLAT,ALMOST NONE,ALMOST NONE,ALMOST NONE,3/4,NO
10202514,ABOUT THE SAME OF BOTH,1393,200,CHRISTIAN,150,NONE,50,,,NYAKYUSA,125,OTHER,50,NKHONDE,25,FATHER,Patrilineal and patrilocal,,200,,,,,,,45,FARMING,,FLAT,ALMOST NONE,ALMOST NONE,1/4,3/4,YES
10203176,MORE MOVED IN,2500,290,CHRISTIAN,250,NONE,40,,,SUKWA,180,OTHER,85,TUMBUKA,25,FATHER,Patrilineal and patrilocal,,290,,,,,,,200,FARMING,,BOTH FLAT AND HILLY,1/4,ALMOST NONE,ALMOST NONE,3/4,YES
10203744,NEITHER ARRIVALS NOR DEPARTURES,800,130,CHRISTIAN,95,NONE,35,,,NKHONDE,100,TUMBUKA,30,,,FATHER,Patrilineal and patrilocal,,130,,,,,,,18,FARMING,,BOTH FLAT AND HILLY,1/4,ALMOST NONE,1/4,3/4,NO
10204322,MORE MOVED IN,720,120,CHRISTIAN,50,NONE,70,,,OTHER,30,TUMBUKA,75,CHEWA,15,FATHER,Patrilineal and patrilocal,,120,,,,,,,60,FARMING,,BOTH FLAT AND HILLY,ALMOST NONE,ALMOST NONE,ALMOST NONE,3/4,YES
10204586,NEITHER ARRIVALS NOR DEPARTURES,2000,215,CHRISTIAN,188,ISLAM,7,NONE,20,TUMBUKA,200,CHEWA,15,,,FATHER,Patrilineal and patrilocal,,200,Matrilineal and matrilocal (chikamwini),,15,,,,25,FARMING,,SLIGHTLY SLOPING,ALMOST NONE,ALMOST NONE,ALMOST NONE,1/2,YES
10220103,MORE MOVED IN,800,198,CHRISTIAN,150,NONE,48,,,NKHONDE,130,TUMBUKA,45,NYAKYUSA,23,FATHER,Patrilineal and patrilocal,,198,,,,,,,35,FARMING,,FLAT,ALMOST NONE,ALMOST NONE,ALMOST NONE,3/4,NO
10220705,MORE MOVED IN,1880,360,CHRISTIAN,260,ISLAM,4,NONE,96,NKHONDE,280,TUMBUKA,80,,,FATHER,Patrilineal and patrilocal,,340,Matrilineal and neolocal,,20,,,,60,SQUATTER  SETTLEMENT,,FLAT,ALMOST NONE,ALMOST NONE,ALMOST NONE,1/2,YES
10301663,MORE MOVED OUT,1050,648,CHRISTIAN,640,ISLAM,8,,,TONGA,550,CHEWA,98,,,FATHER,Patrilineal and patrilocal,,550,Matrilineal and patrilocal (chitengwa),,90,,,,10,INDUSTRY OR MANUFACTURE,,SLIGHTLY SLOPING,1/4,3/4,ALMOST NONE,ALMOST ALL,YES
10302010,MORE MOVED IN,2800,620,CHRISTIAN,620,,,,,TONGA,500,CHEWA,120,,,FATHER,Patrilineal and patrilocal,,500,Matrilineal and patrilocal (chitengwa),,120,,,,97,FARMING,,FLAT,1/4,ALMOST NONE,1/4,ALMOST ALL,YES
10304012,MORE MOVED IN,15000,5000,CHRISTIAN,3990,OTHER RELIGION,1000,ISLAM,10,TONGA,4000,TUMBUKA,700,CHEWA,300,FATHER,Patrilineal and patrilocal,,4700,Matrilineal and matrilocal (chikamwini),,300,,,,500,FARMING,,MODERATELY SLOPING,1/4,1/2,1/4,1/4,YES
10305446,MORE MOVED IN,8500,850,CHRISTIAN,849,ISLAM,1,,,TONGA,800,TUMBUKA,30,CHEWA,20,FATHER,Patrilineal and patrilocal,,830,Matrilineal and patrilocal (chitengwa),,20,,,,100,PLANNED HOUSING,,FLAT,1/4,ALMOST NONE,ALMOST NONE,3/4,YES
10307413,MORE MOVED OUT,9000,1500,CHRISTIAN,1495,ISLAM,5,,,TONGA,1300,TUMBUKA,150,CHEWA,50,FATHER,Patrilineal and patrilocal,,1450,Matrilineal and patrilocal (chitengwa),,50,,,,60,FARMING,,FLAT,1/4,ALMOST NONE,1/4,3/4,YES
10308636,MORE MOVED OUT,3000,400,CHRISTIAN,400,,,,,TONGA,380,TUMBUKA,20,,,FATHER,Patrilineal and patrilocal,,400,,,,,,,40,FARMING,,STEEPLY SLOPING,1/4,ALMOST NONE,ALMOST NONE,3/4,YES
10401140,MORE MOVED IN,5000,1465,CHRISTIAN,1463,NONE,2,,,TUMBUKA,1400,NKHONDE,35,CHEWA,30,FATHER,Patrilineal and patrilocal,,1435,Matrilineal and patrilocal (chitengwa),,30,,,,500,FARMING,,FLAT,ALMOST NONE,ALMOST NONE,ALMOST NONE,ALMOST NONE,YES
10401502,MORE MOVED IN,10000,168,CHRISTIAN,125,ISLAM,43,,,TUMBUKA,105,YAO,42,CHEWA,21,FATHER,Patrilineal and patrilocal,,105,Matrilineal and matrilocal (chikamwini),,42,Matrilineal and patrilocal (chitengwa),,21,8,FARMING,,SLIGHTLY SLOPING,ALMOST NONE,3/4,1/4,ALMOST ALL,YES
10401522,MORE MOVED IN,4500,800,CHRISTIAN,800,,,,,TUMBUKA,740,LOMWE,50,CHEWA,10,FATHER,Patrilineal and patrilocal,,740,Matrilineal and matrilocal (chikamwini),,50,Matrilineal and patrilocal (chitengwa),,10,30,FARMING,,FLAT,ALMOST NONE,1/2,ALMOST NONE,3/4,YES
10404186,MORE MOVED IN,2500,250,CHRISTIAN,250,,,,,TUMBUKA,225,NYANJA,25,,,FATHER,Patrilineal and patrilocal,,240,Matrilineal and matrilocal (chikamwini),,10,,,,125,FARMING,,BOTH FLAT AND HILLY,1/4,ALMOST NONE,1/2,3/4,YES
10405213,MORE MOVED IN,3000,250,CHRISTIAN,250,,,,,TUMBUKA,220,NGONI,20,CHEWA,10,FATHER,Patrilineal and patrilocal,,240,Matrilineal and matrilocal (chikamwini),,10,,,,15,FARMING,,SLIGHTLY SLOPING,1/4,ALMOST NONE,1/2,3/4,YES
10501505,NEITHER ARRIVALS NOR DEPARTURES,500,80,CHRISTIAN,80,,,,,TUMBUKA,80,,,,,FATHER,Matrilineal and patrilocal (chitengwa),,80,,,,,,,7,FARMING,,FLAT,1/4,ALMOST NONE,ALMOST NONE,ALMOST ALL,YES
10501709,MORE MOVED OUT,2000,420,CHRISTIAN,420,,,,,TUMBUKA,420,,,,,FATHER,Patrilineal and neolocal,,420,,,,,,,30,FARMING,,FLAT,ALMOST NONE,ALMOST NONE,ALMOST NONE,ALMOST NONE,YES
10502268,MORE MOVED IN,5000,1000,CHRISTIAN,900,ISLAM,10,NONE,90,TUMBUKA,960,CHEWA,30,YAO,10,FATHER,Patrilineal and neolocal,,1000,,,,,,,300,FARMING,,SLIGHTLY SLOPING,ALMOST NONE,1/4,ALMOST NONE,ALMOST ALL,NO
10502593,MORE MOVED IN,239,55,CHRISTIAN,55,,,,,TUMBUKA,55,,,,,FATHER,Matrilineal and patrilocal (chitengwa),,55,,,,,,,4,FARMING,,SLIGHTLY SLOPING,1/2,ALMOST NONE,1/4,ALMOST ALL,YES
10503367,MORE MOVED OUT,300,106,CHRISTIAN,106,,,,,TUMBUKA,106,,,,,FATHER,Matrilineal and patrilocal (chitengwa),,106,,,,,,,8,FARMING,,STEEPLY SLOPING,1/4,3/4,1/4,ALMOST ALL,YES
10505136,MORE MOVED OUT,900,180,CHRISTIAN,180,,,,,TUMBUKA,180,,,,,FATHER,Patrilineal and neolocal,,180,,,,,,,50,FARMING,,FLAT,ALMOST NONE,ALMOST NONE,ALMOST NONE,ALMOST ALL,NO
10505310,MORE MOVED IN,4500,900,CHRISTIAN,850,NONE,41,ISLAM,9,TUMBUKA,830,CHEWA,60,LOMWE,10,FATHER,Patrilineal and neolocal,,880,Matrilineal and matrilocal (chikamwini),,20,,,,10,FARMING,,FLAT,ALMOST NONE,1/4,ALMOST NONE,ALMOST ALL,NO
10505508,MORE MOVED OUT,730,80,CHRISTIAN,80,,,,,TUMBUKA,80,,,,,FATHER,Matrilineal and patrilocal (chitengwa),,80,,,,,,,11,FARMING,,FLAT,1/4,ALMOST NONE,ALMOST NONE,3/4,YES
10507175,MORE MOVED IN,399,90,CHRISTIAN,90,,,,,TUMBUKA,50,NYANJA,40,,,FATHER,Matrilineal and patrilocal (chitengwa),,90,,,,,,,19,FARMING,,SLIGHTLY SLOPING,ALMOST NONE,ALMOST NONE,ALMOST NONE,ALMOST ALL,YES
10507344,MORE MOVED IN,2000,450,CHRISTIAN,400,NONE,50,,,TUMBUKA,450,,,,,FATHER,Patrilineal and neolocal,,450,,,,,,,20,FARMING,,FLAT,ALMOST NONE,ALMOST NONE,ALMOST NONE,ALMOST ALL,NO
10509319,MORE MOVED IN,1500,205,CHRISTIAN,205,,,,,TUMBUKA,205,,,,,FATHER,Patrilineal and neolocal,,205,,,,,,,3,FARMING,,SLIGHTLY SLOPING,ALMOST NONE,1/4,ALMOST NONE,3/4,YES
10510388,ABOUT THE SAME OF BOTH,2090,300,CHRISTIAN,299,NONE,1,,,TUMBUKA,290,CHEWA,10,,,FATHER,Patrilineal and patrilocal,,298,Matrilineal and matrilocal (chikamwini),,2,,,,50,FARMING,,FLAT,1/4,ALMOST NONE,ALMOST NONE,ALMOST ALL,YES
10732192,MORE MOVED IN,2000,400,CHRISTIAN,395,NONE,5,,,TUMBUKA,400,,,,,FATHER,Matrilineal and patrilocal (chitengwa),,400,,,,,,,10,FARMING,,SLIGHTLY SLOPING,ALMOST NONE,3/4,ALMOST NONE,ALMOST ALL,NO
10733640,MORE MOVED IN,1010,150,CHRISTIAN,80,ISLAM,30,OTHER RELIGION,40,TUMBUKA,150,,,,,FATHER,Matrilineal and neolocal,,150,,,,,,,30,FARMING,,FLAT,1/4,ALMOST NONE,ALMOST NONE,ALMOST ALL,YES
10734370,MORE MOVED IN,5000,600,ISLAM,300,CHRISTIAN,300,,,TUMBUKA,500,CHEWA,100,,,FATHER,Matrilineal and patrilocal (chitengwa),,600,,,,,,,0,PLANNED HOUSING,,FLAT,ALMOST NONE,ALMOST NONE,ALMOST NONE,ALMOST ALL,YES
10734762,MORE MOVED IN,1500,310,CHRISTIAN,305,NONE,3,ISLAM,2,TUMBUKA,310,,,,,FATHER,Patrilineal and neolocal,,310,,,,,,,5,SQUATTER  SETTLEMENT,,FLAT,1/4,ALMOST NONE,1/4,ALMOST ALL,NO
10735173,MORE MOVED IN,500,240,CHRISTIAN,190,ISLAM,10,NONE,40,TUMBUKA,210,CHEWA,20,YAO,10,FATHER,Patrilineal and neolocal,,240,,,,,,,5,SHOPS OR TRADE,,FLAT,ALMOST NONE,ALMOST NONE,ALMOST NONE,ALMOST ALL,NO
10736596,MORE MOVED IN,4380,875,CHRISTIAN,860,ISLAM,10,NONE,5,TUMBUKA,600,CHEWA,175,LAMBYA,100,FATHER,Patrilineal and neolocal,,760,Matrilineal and patrilocal (chitengwa),,115,,,,11,SQUATTER  SETTLEMENT,,FLAT,ALMOST NONE,ALMOST NONE,ALMOST NONE,3/4,NO
10741504,MORE MOVED IN,3000,500,CHRISTIAN,480,OTHER RELIGION,18,ISLAM,2,TUMBUKA,400,TONGA,50,LAMBYA,50,FATHER,Patrilineal and patrilocal,,390,Matrilineal and matrilocal (chikamwini),,110,,,,5,SQUATTER  SETTLEMENT,,MODERATELY SLOPING,ALMOST NONE,ALMOST NONE,ALMOST NONE,3/4,YES
10744649,MORE MOVED IN,4800,485,CHRISTIAN,400,ISLAM,85,,,TUMBUKA,300,TONGA,100,NYANJA,85,FATHER,Matrilineal and patrilocal (chitengwa),,485,,,,,,,14,PLANNED HOUSING,,SLIGHTLY SLOPING,ALMOST NONE,ALMOST NONE,ALMOST NONE,ALMOST ALL,YES
10746033,MORE MOVED IN,8000,4000,CHRISTIAN,3500,OTHER RELIGION,300,ISLAM,200,TUMBUKA,3900,CHEWA,80,YAO,20,FATHER,Patrilineal and neolocal,,3500,Matrilineal and patrilocal (chitengwa),,500,,,,20,SQUATTER  SETTLEMENT,,MODERATELY SLOPING,ALMOST NONE,1/4,ALMOST NONE,ALMOST ALL,NO
10746244,MORE MOVED IN,6800,1340,CHRISTIAN,1320,ISLAM,5,NONE,15,TUMBUKA,1320,LAMBYA,15,TONGA,5,FATHER,Matrilineal and patrilocal (chitengwa),,1340,,,,,,,12,FARMING,,FLAT,ALMOST NONE,ALMOST NONE,ALMOST NONE,3/4,NO
20106042,MORE MOVED IN,869,173,CHRISTIAN,153,NONE,15,ISLAM,5,CHEWA,123,TUMBUKA,45,YAO,5,FATHER,Patrilineal and patrilocal,,148,Matrilineal and matrilocal (chikamwini),,25,,,,5,FARMING,,FLAT,1/4,ALMOST NONE,1/4,ALMOST ALL,YES
20110620,MORE MOVED IN,5000,1000,CHRISTIAN,990,TRADITIONAL,10,,,CHEWA,600,TUMBUKA,400,,,MOTHER,Matrilineal and patrilocal (chitengwa),,900,Matrilineal and matrilocal (chikamwini),,100,,,,200,FARMING,,FLAT,1/4,1/4,ALMOST NONE,3/4,YES
20111718,MORE MOVED IN,8000,2000,CHRISTIAN,1500,OTHER RELIGION,300,NONE,200,CHEWA,2000,,,,,MOTHER,Matrilineal and patrilocal (chitengwa),,1800,Matrilineal and matrilocal (chikamwini),,200,,,,30,FARMING,,FLAT,ALMOST NONE,1/2,ALMOST NONE,3/4,YES
20112661,ABOUT THE SAME OF BOTH,14000,2800,CHRISTIAN,2000,TRADITIONAL,200,NONE,600,CHEWA,2800,,,,,MOTHER,Matrilineal and patrilocal (chitengwa),,2700,Matrilineal and matrilocal (chikamwini),,100,,,,50,FARMING,,SLIGHTLY SLOPING,ALMOST NONE,1/4,ALMOST NONE,3/4,YES
20113112,MORE MOVED IN,20000,2500,CHRISTIAN,1800,TRADITIONAL,200,NONE,500,CHEWA,2450,TUMBUKA,50,,,MOTHER,Matrilineal and patrilocal (chitengwa),,2300,Matrilineal and matrilocal (chikamwini),,150,Patrilineal and neolocal,,50,100,FARMING,,MODERATELY SLOPING,1/4,3/4,ALMOST NONE,3/4,YES
20115434,MORE MOVED OUT,8000,1000,CHRISTIAN,850,NONE,150,,,CHEWA,1000,,,,,MOTHER,Matrilineal and patrilocal (chitengwa),,900,Matrilineal and patrilocal (chitengwa),,100,,,,12,FARMING,,FLAT,1/4,1/4,ALMOST NONE,ALMOST ALL,YES
20205207,MORE MOVED IN,92,30,TRADITIONAL,1,ISLAM,5,CHRISTIAN,21,CHEWA,28,YAO,2,,,MOTHER,Matrilineal and neolocal,,5,Matrilineal and patrilocal (chitengwa),,25,,,,0,FARMING,,FLAT,1/4,ALMOST NONE,1/2,3/4,YES
20206362,MORE MOVED IN,1658,296,CHRISTIAN,223,ISLAM,23,NONE,20,CHEWA,296,,,,,MOTHER,Matrilineal and patrilocal (chitengwa),,219,Matrilineal and matrilocal (chikamwini),,77,,,,6,FARMING,,FLAT,ALMOST NONE,ALMOST NONE,ALMOST NONE,3/4,NO
20302539,NEITHER ARRIVALS NOR DEPARTURES,231,50,CHRISTIAN,50,,,,,CHEWA,50,,,,,MOTHER,Matrilineal and patrilocal (chitengwa),,200,Matrilineal and matrilocal (chikamwini),,31,,,,0,FARMING,,SLIGHTLY SLOPING,ALMOST NONE,ALMOST NONE,ALMOST NONE,3/4,NO
20303065,MORE MOVED IN,294,70,TRADITIONAL,2,CHRISTIAN,36,NONE,32,CHEWA,70,,,,,MOTHER,Matrilineal and matrilocal (chikamwini),,5,Matrilineal and patrilocal (chitengwa),,65,,,,3,FARMING,,SLIGHTLY SLOPING,1/4,ALMOST NONE,1/4,3/4,YES
20305301,MORE MOVED IN,630,165,TRADITIONAL,20,CHRISTIAN,140,NONE,5,CHEWA,165,,,,,MOTHER,Matrilineal and matrilocal (chikamwini),,13,Matrilineal and patrilocal (chitengwa),,152,,,,6,FARMING,,FLAT,1/4,ALMOST NONE,ALMOST NONE,3/4,YES
20306557,NEITHER ARRIVALS NOR DEPARTURES,414,58,TRADITIONAL,4,CHRISTIAN,42,NONE,12,CHEWA,58,,,,,MOTHER,Matrilineal and matrilocal (chikamwini),,8,Matrilineal and patrilocal (chitengwa),,50,,,,3,FARMING,,FLAT,ALMOST NONE,ALMOST NONE,ALMOST NONE,3/4,YES
20402198,ABOUT THE SAME OF BOTH,7000,1000,CHRISTIAN,900,NONE,80,OTHER RELIGION,20,CHEWA,1000,,,,,MOTHER,Matrilineal and patrilocal (chitengwa),,800,Matrilineal and matrilocal (chikamwini),,200,,,,30,FARMING,,FLAT,ALMOST NONE,1/4,ALMOST NONE,3/4,YES
20404032,MORE MOVED IN,24000,3428,CHRISTIAN,3000,TRADITIONAL,420,ISLAM,8,CHEWA,3428,,,,,MOTHER,Matrilineal and patrilocal (chitengwa),,3000,Matrilineal and matrilocal (chikamwini),,428,,,,15,FARMING,,STEEPLY SLOPING,1/4,1/4,ALMOST NONE,3/4,YES
20404575,ABOUT THE SAME OF BOTH,2000,400,CHRISTIAN,350,NONE,50,,,CHEWA,400,,,,,MOTHER,Matrilineal and patrilocal (chitengwa),,350,Matrilineal and matrilocal (chikamwini),,50,,,,30,FARMING,,MODERATELY SLOPING,1/4,ALMOST NONE,ALMOST NONE,3/4,YES
20405366,ABOUT THE SAME OF BOTH,3200,800,CHRISTIAN,780,TRADITIONAL,20,,,CHEWA,800,,,,,FATHER,Matrilineal and patrilocal (chitengwa),,760,Matrilineal and matrilocal (chikamwini),,40,,,,20,FARMING,,MODERATELY SLOPING,ALMOST NONE,ALMOST NONE,ALMOST NONE,3/4,YES
20407398,MORE MOVED OUT,12000,2000,CHRISTIAN,1700,NONE,250,TRADITIONAL,50,CHEWA,2000,,,,,MOTHER,Matrilineal and matrilocal (chikamwini),,1900,Matrilineal and patrilocal (chitengwa),,100,,,,30,FARMING,,FLAT,ALMOST NONE,ALMOST NONE,ALMOST NONE,3/4,YES
20407481,ABOUT THE SAME OF BOTH,18000,3000,CHRISTIAN,2700,TRADITIONAL,200,NONE,100,CHEWA,2850,TUMBUKA,150,,,MOTHER,Matrilineal and patrilocal (chitengwa),,2900,Matrilineal and matrilocal (chikamwini),,100,,,,100,FARMING,,FLAT,ALMOST NONE,1/4,ALMOST NONE,1/2,YES
20507089,MORE MOVED IN,6000,400,CHRISTIAN,300,ISLAM,800,NONE,20,CHEWA,350,NYANJA,50,,,FATHER,Matrilineal and neolocal,,300,Matrilineal and matrilocal (chikamwini),,100,,,,50,FARMING,,FLAT,1/4,ALMOST NONE,ALMOST NONE,1/2,YES
20507459,MORE MOVED IN,17000,12000,CHRISTIAN,8500,TRADITIONAL,2000,ISLAM,1500,CHEWA,1000,CHEWA,1000,NGONI,500,FATHER,Matrilineal and patrilocal (chitengwa),,8000,Matrilineal and matrilocal (chikamwini),,3000,Patrilineal and neolocal,,1000,3000,FARMING,,SLIGHTLY SLOPING,1/4,ALMOST NONE,1/4,ALMOST NONE,YES
20508349,ABOUT THE SAME OF BOTH,20000,13000,CHRISTIAN,8000,ISLAM,3000,TRADITIONAL,2000,CHEWA,1100,YAO,2000,0,0,MOTHER,Matrilineal and neolocal,,1200,Matrilineal and patrilocal (chitengwa),,1000,0,,0,9000,SQUATTER  SETTLEMENT,,MODERATELY SLOPING,1/2,ALMOST NONE,1/4,ALMOST ALL,YES
20601141,MORE MOVED OUT,3000,400,CHRISTIAN,250,TRADITIONAL,150,,,CHEWA,400,,,,,MOTHER,Matrilineal and patrilocal (chitengwa),,300,Matrilineal and matrilocal (chikamwini),,100,,,,150,FARMING,,FLAT,ALMOST NONE,ALMOST NONE,ALMOST NONE,ALMOST ALL,YES
20601626,MORE MOVED IN,480,120,CHRISTIAN,100,ISLAM,15,OTHER RELIGION,5,CHEWA,116,YAO,4,,,MOTHER,Matrilineal and patrilocal (chitengwa),,80,Matrilineal and matrilocal (chikamwini),,30,Matrilineal and neolocal,,10,3,PLANNED HOUSING,,FLAT,ALMOST NONE,ALMOST NONE,ALMOST NONE,3/4,YES
20602363,MORE MOVED IN,800,164,ISLAM,100,CHRISTIAN,64,,,CHEWA,139,NYANJA,25,,,MOTHER,Matrilineal and patrilocal (chitengwa),,100,Matrilineal and matrilocal (chikamwini),,64,,,,5,SQUATTER  SETTLEMENT,,FLAT,ALMOST NONE,ALMOST NONE,ALMOST NONE,3/4,YES
20603090,MORE MOVED OUT,786,130,TRADITIONAL,70,ISLAM,60,,,CHEWA,130,,,,,MOTHER,Matrilineal and patrilocal (chitengwa),,80,Matrilineal and matrilocal (chikamwini),,50,,,,14,FARMING,,FLAT,ALMOST NONE,ALMOST NONE,ALMOST NONE,3/4,YES
20603533,MORE MOVED IN,400,80,CHRISTIAN,50,ISLAM,5,TRADITIONAL,25,CHEWA,65,YAO,15,,,MOTHER,Matrilineal and patrilocal (chitengwa),,70,Matrilineal and matrilocal (chikamwini),,10,,,,10,PLANNED HOUSING,,FLAT,1/4,ALMOST NONE,ALMOST NONE,3/4,YES
20604638,MORE MOVED IN,400,80,CHRISTIAN,67,TRADITIONAL,23,,,CHEWA,80,,,,,MOTHER,Matrilineal and patrilocal (chitengwa),,45,Matrilineal and matrilocal (chikamwini),,35,,,,4,FARMING,,MODERATELY SLOPING,ALMOST NONE,ALMOST NONE,ALMOST NONE,3/4,YES
20605302,MORE MOVED OUT,240,40,CHRISTIAN,36,TRADITIONAL,4,,,CHEWA,40,,,,,MOTHER,Matrilineal and neolocal,,28,Matrilineal and matrilocal (chikamwini),,10,Matrilineal and patrilocal (chitengwa),,2,2,FARMING,,STEEPLY SLOPING,ALMOST NONE,ALMOST NONE,ALMOST NONE,3/4,YES
20607260,MORE MOVED IN,3500,400,CHRISTIAN,300,CHRISTIAN,70,TRADITIONAL,30,CHEWA,350,YAO,50,,,MOTHER,Matrilineal and patrilocal (chitengwa),,350,Matrilineal and matrilocal (chikamwini),,50,,,,10,PLANNED HOUSING,,FLAT,ALMOST NONE,ALMOST NONE,ALMOST NONE,3/4,YES
20607315,MORE MOVED IN,1430,286,CHRISTIAN,200,TRADITIONAL,79,ISLAM,7,CHEWA,280,YAO,6,,,MOTHER,Matrilineal and patrilocal (chitengwa),,266,Matrilineal and matrilocal (chikamwini),,20,,,,15,FARMING,,FLAT,ALMOST NONE,ALMOST NONE,ALMOST NONE,3/4,YES
20610050,MORE MOVED IN,1100,220,CHRISTIAN,190,TRADITIONAL,20,ISLAM,10,CHEWA,210,YAO,10,,,MOTHER,Matrilineal and patrilocal (chitengwa),,200,Matrilineal and matrilocal (chikamwini),,20,,,,4,FARMING,,FLAT,1/4,ALMOST NONE,1/4,3/4,NO
20610249,MORE MOVED IN,2000,400,TRADITIONAL,300,ISLAM,100,,,CHEWA,400,,,,,MOTHER,Matrilineal and matrilocal (chikamwini),,300,Matrilineal and patrilocal (chitengwa),,100,,,,10,FARMING,,FLAT,ALMOST NONE,ALMOST NONE,ALMOST NONE,3/4,YES
20613324,MORE MOVED IN,1200,200,ISLAM,150,TRADITIONAL,50,,,CHEWA,200,,,,,MOTHER,Matrilineal and patrilocal (chitengwa),,170,Matrilineal and matrilocal (chikamwini),,30,,,,10,FARMING,,FLAT,,ALMOST NONE,1/4,ALMOST ALL,YES
20614477,MORE MOVED IN,1580,360,CHRISTIAN,350,OTHER RELIGION,10,,,CHEWA,360,,,,,MOTHER,Matrilineal and patrilocal (chitengwa),,180,Matrilineal and matrilocal (chikamwini),,180,,,,15,FARMING,,FLAT,ALMOST NONE,ALMOST NONE,ALMOST NONE,3/4,YES
20615064,MORE MOVED IN,570,188,CHRISTIAN,158,TRADITIONAL,20,ISLAM,10,CHEWA,178,YAO,10,,,MOTHER,Matrilineal and patrilocal (chitengwa),,181,Matrilineal and matrilocal (chikamwini),,7,,,,5,FARMING,,FLAT,ALMOST NONE,3/4,1/4,3/4,YES
20615735,MORE MOVED IN,750,100,CHRISTIAN,75,TRADITIONAL,25,,,CHEWA,100,,,,,MOTHER,Matrilineal and patrilocal (chitengwa),,60,Matrilineal and matrilocal (chikamwini),,40,,,,4,FARMING,,FLAT,ALMOST NONE,ALMOST NONE,ALMOST NONE,1/4,YES
20702471,MORE MOVED IN,8000,1600,CHRISTIAN,1400,NONE,150,OTHER RELIGION,50,CHEWA,1600,,,,,MOTHER,Matrilineal and patrilocal (chitengwa),,1500,Patrilineal and neolocal,,100,,,,60,FARMING,,FLAT,ALMOST NONE,ALMOST NONE,ALMOST NONE,3/4,YES
20704738,MORE MOVED IN,720,120,CHRISTIAN,106,NONE,10,ISLAM,4,CHEWA,117,YAO,3,0,0,MOTHER,Matrilineal and patrilocal (chitengwa),,114,Matrilineal and matrilocal (chikamwini),,6,,,,3,FARMING,,SLIGHTLY SLOPING,ALMOST NONE,ALMOST NONE,ALMOST NONE,ALMOST ALL,YES
20705372,MORE MOVED IN,894,149,CHRISTIAN,120,NONE,25,OTHER RELIGION,4,CHEWA,149,,,,,MOTHER,Matrilineal and patrilocal (chitengwa),,119,Matrilineal and matrilocal (chikamwini),,30,,,,25,FARMING,,FLAT,ALMOST NONE,1/4,ALMOST NONE,ALMOST ALL,YES
20706163,ABOUT THE SAME OF BOTH,1600,400,CHRISTIAN,300,ISLAM,60,TRADITIONAL,40,CHEWA,380,YAO,20,,,MOTHER,Matrilineal and patrilocal (chitengwa),,300,Matrilineal and matrilocal (chikamwini),,100,,,,10,FARMING,,FLAT,ALMOST NONE,ALMOST NONE,ALMOST NONE,ALMOST ALL,YES
20801046,MORE MOVED IN,15000,1000,CHRISTIAN,600,TRADITIONAL,300,ISLAM,100,CHEWA,950,YAO,50,,,FATHER,Matrilineal and patrilocal (chitengwa),,550,Matrilineal and neolocal,,400,Matrilineal and neolocal,,50,50,FARMING,,SLIGHTLY SLOPING,1/4,ALMOST NONE,1/4,3/4,YES
20802019,MORE MOVED IN,500,500,TRADITIONAL,300,CHRISTIAN,150,ISLAM,50,CHEWA,500,,,,,FATHER,Matrilineal and patrilocal (chitengwa),,450,Matrilineal and matrilocal (chikamwini),,50,,,,250,FARMING,,FLAT,1/4,ALMOST NONE,ALMOST NONE,1/4,YES
20803156,MORE MOVED IN,9000,700,CHRISTIAN,400,TRADITIONAL,200,ISLAM,100,CHEWA,650,YAO,50,,,FATHER,Matrilineal and matrilocal (chikamwini),,500,Patrilineal and neolocal,,100,Matrilineal and neolocal,,100,100,FARMING,,FLAT,1/4,ALMOST NONE,ALMOST NONE,1/2,YES
20804405,MORE MOVED OUT,10000,7000,ISLAM,5000,CHRISTIAN,1500,CHRISTIAN,1500,LOMWE,500,YAO,1500,CHEWA,2000,FATHER,Matrilineal and patrilocal (chitengwa),,4000,Matrilineal and matrilocal (chikamwini),,3000,,,,5000,FARMING,,STEEPLY SLOPING,3/4,ALMOST NONE,ALMOST NONE,ALMOST NONE,YES
20804768,MORE MOVED OUT,9000,400,ISLAM,290,CHRISTIAN,80,NONE,30,CHEWA,350,YAO,50,,,FATHER,Matrilineal and matrilocal (chikamwini),,300,Matrilineal and patrilocal (chitengwa),,100,,,,100,FARMING,,SLIGHTLY SLOPING,ALMOST NONE,ALMOST NONE,ALMOST NONE,1/2,YES
20806131,MORE MOVED OUT,10000,7000,TRADITIONAL,4000,CHRISTIAN,2500,ISLAM,500,CHEWA,6500,YAO,500,,,MOTHER,Matrilineal and patrilocal (chitengwa),,5000,Matrilineal and matrilocal (chikamwini),,2000,,,,3500,FARMING,,MODERATELY SLOPING,1/4,ALMOST NONE,1/4,ALMOST ALL,YES
20807727,MORE MOVED IN,7000,600,ISLAM,300,CHRISTIAN,250,NONE,50,CHEWA,400,YAO,200,,,MOTHER,Matrilineal and neolocal,,500,Matrilineal and matrilocal (chikamwini),,100,,,,400,FARMING,,FLAT,1/4,ALMOST NONE,3/4,1/2,NO
20808421,MORE MOVED IN,10000,1000,CHRISTIAN,600,TRADITIONAL,300,ISLAM,100,CHEWA,700,NGONI,200,YAO,100,FATHER,Matrilineal and matrilocal (chikamwini),,800,Matrilineal and patrilocal (chitengwa),,200,,,,800,FARMING,,MODERATELY SLOPING,1/4,ALMOST NONE,ALMOST NONE,ALMOST ALL,YES
20903583,MORE MOVED IN,2020,530,CHRISTIAN,420,NONE,100,ISLAM,10,CHEWA,520,YAO,10,,,MOTHER,Matrilineal and matrilocal (chikamwini),,500,Matrilineal and patrilocal (chitengwa),,30,,,,10,FARMING,,MODERATELY SLOPING,ALMOST NONE,ALMOST NONE,1/4,ALMOST ALL,NO
20906524,ABOUT THE SAME OF BOTH,2700,382,CHRISTIAN,300,NONE,78,CHRISTIAN,4,CHEWA,350,NGONI,32,,,MOTHER,Matrilineal and neolocal,,284,Matrilineal and matrilocal (chikamwini),,98,,,,2,FARMING,,FLAT,ALMOST NONE,ALMOST NONE,ALMOST NONE,ALMOST ALL,YES
20906605,MORE MOVED IN,1530,306,CHRISTIAN,229,NONE,77,,,CHEWA,246,NGONI,60,,,MOTHER,Matrilineal and matrilocal (chikamwini),,250,Matrilineal and patrilocal (chitengwa),,56,,,,8,FARMING,,FLAT,ALMOST NONE,ALMOST NONE,ALMOST NONE,ALMOST NONE,YES
20908088,MORE MOVED IN,2680,379,CHRISTIAN,216,OTHER RELIGION,153,CHRISTIAN,10,CHEWA,369,YAO,10,,,MOTHER,Matrilineal and neolocal,,369,Matrilineal and matrilocal (chikamwini),,10,,,,6,FARMING,,FLAT,ALMOST NONE,ALMOST NONE,ALMOST NONE,ALMOST ALL,YES
20908119,MORE MOVED IN,1890,421,CHRISTIAN,235,NONE,186,,,CHEWA,371,NGONI,50,,,MOTHER,Matrilineal and matrilocal (chikamwini),,351,Matrilineal and patrilocal (chitengwa),,70,,,,15,FARMING,,FLAT,ALMOST NONE,ALMOST NONE,1/4,ALMOST ALL,YES
20909113,MORE MOVED IN,1200,268,CHRISTIAN,200,NONE,68,,,CHEWA,260,NGONI,8,,,MOTHER,Matrilineal and matrilocal (chikamwini),,245,Matrilineal and patrilocal (chitengwa),,23,,,,0,FARMING,,FLAT,ALMOST NONE,ALMOST NONE,1/4,ALMOST ALL,YES
21037030,MORE MOVED IN,564,94,CHRISTIAN,59,ISLAM,25,NONE,10,CHEWA,62,YAO,25,TUMBUKA,7,BOTH,Matrilineal and neolocal,,81,Patrilineal and neolocal,,7,Matrilineal and matrilocal (chikamwini),,6,1,SQUATTER  SETTLEMENT,,FLAT,ALMOST NONE,ALMOST NONE,ALMOST NONE,ALMOST ALL,YES
21037536,MORE MOVED IN,26069,5211,CHRISTIAN,4427,ISLAM,715,OTHER RELIGION,69,CHEWA,4794,YAO,261,TUMBUKA,156,BOTH,Matrilineal and neolocal,,4168,Patrilineal and neolocal,,954,Matrilineal and matrilocal (chikamwini),,89,15,SQUATTER  SETTLEMENT,,SLIGHTLY SLOPING,ALMOST NONE,ALMOST NONE,ALMOST NONE,ALMOST ALL,YES
21048764,MORE MOVED IN,1300,217,CHRISTIAN,197,NONE,15,ISLAM,5,CHEWA,188,TUMBUKA,19,LOMWE,10,BOTH,Matrilineal and neolocal,,202,Patrilineal and neolocal,,15,,,,0,PLANNED HOUSING,,SLIGHTLY SLOPING,ALMOST NONE,ALMOST NONE,ALMOST NONE,ALMOST ALL,YES
21051203,MORE MOVED IN,12000,2000,TRADITIONAL,1200,ISLAM,600,NONE,200,CHEWA,2000,,,,,BOTH,Patrilineal and neolocal,,1800,Patrilineal and patrilocal,,200,,,,20,PLANNED HOUSING,,FLAT,ALMOST NONE,ALMOST NONE,ALMOST NONE,1/2,YES
21052427,MORE MOVED IN,1400,280,CHRISTIAN,168,ISLAM,84,TRADITIONAL,28,CHEWA,210,YAO,41,TUMBUKA,29,BOTH,Matrilineal and neolocal,,225,Patrilineal and neolocal,,29,Matrilineal and matrilocal (chikamwini),,26,6,SQUATTER  SETTLEMENT,,SLIGHTLY SLOPING,ALMOST NONE,ALMOST NONE,ALMOST NONE,ALMOST ALL,NO
21053745,ABOUT THE SAME OF BOTH,797,154,CHRISTIAN,105,ISLAM,37,NONE,12,CHEWA,122,YAO,23,TUMBUKA,9,BOTH,Matrilineal and neolocal,,145,Patrilineal and neolocal,,9,,,,3,PLANNED HOUSING,,SLIGHTLY SLOPING,ALMOST NONE,ALMOST NONE,ALMOST NONE,3/4,YES
21055241,MORE MOVED IN,2998,561,CHRISTIAN,488,NONE,58,ISLAM,15,CHEWA,487,TUMBUKA,59,YAO,15,BOTH,Matrilineal and neolocal,,476,Patrilineal and neolocal,,59,Matrilineal and matrilocal (chikamwini),,26,10,PLANNED HOUSING,,SLIGHTLY SLOPING,ALMOST NONE,ALMOST NONE,ALMOST NONE,ALMOST ALL,YES
21055693,MORE MOVED IN,6921,1300,CHRISTIAN,879,ISLAM,319,NONE,102,CHEWA,735,TUMBUKA,363,YAO,202,BOTH,Matrilineal and neolocal,,1056,Patrilineal and neolocal,,214,Matrilineal and matrilocal (chikamwini),,30,12,SQUATTER  SETTLEMENT,,SLIGHTLY SLOPING,ALMOST NONE,ALMOST NONE,ALMOST NONE,ALMOST ALL,YES
21066096,MORE MOVED IN,30000,5000,CHRISTIAN,4000,ISLAM,700,NONE,300,CHEWA,5000,,,,,BOTH,Patrilineal and neolocal,,5000,,,,,,,30,PLANNED HOUSING,,FLAT,ALMOST NONE,ALMOST NONE,ALMOST NONE,1/2,YES
21066339,MORE MOVED IN,6799,1349,CHRISTIAN,1221,ISLAM,102,TRADITIONAL,26,CHEWA,1190,YAO,102,TUMBUKA,57,BOTH,Matrilineal and neolocal,,1215,Patrilineal and neolocal,,69,Matrilineal and matrilocal (chikamwini),,65,14,SQUATTER  SETTLEMENT,,SLIGHTLY SLOPING,ALMOST NONE,ALMOST NONE,ALMOST NONE,ALMOST ALL,YES
21074510,MORE MOVED IN,7152,1402,CHRISTIAN,1226,ISLAM,161,OTHER RELIGION,15,CHEWA,1280,YAO,96,TUMBUKA,26,BOTH,Matrilineal and neolocal,,1351,Patrilineal and neolocal,,26,Matrilineal and matrilocal (chikamwini),,25,9,SQUATTER  SETTLEMENT,,SLIGHTLY SLOPING,ALMOST NONE,ALMOST NONE,ALMOST NONE,ALMOST ALL,NO
21077725,ABOUT THE SAME OF BOTH,1044,174,CHRISTIAN,170,ISLAM,4,,,CHEWA,150,TUMBUKA,14,ENGLISH,10,BOTH,Matrilineal and neolocal,,164,Patrilineal and neolocal,,10,,,,4,PLANNED HOUSING,,SLIGHTLY SLOPING,ALMOST NONE,ALMOST NONE,ALMOST NONE,ALMOST ALL,YES
21080308,MORE MOVED IN,11616,2260,CHRISTIAN,1562,NONE,529,ISLAM,69,CHEWA,1988,YAO,169,LOMWE,103,BOTH,Matrilineal and neolocal,,1730,Patrilineal and neolocal,,338,Matrilineal and patrilocal (chitengwa),,192,37,SQUATTER  SETTLEMENT,,SLIGHTLY SLOPING,ALMOST NONE,ALMOST NONE,ALMOST NONE,ALMOST ALL,NO
21081573,MORE MOVED IN,2662,467,CHRISTIAN,369,ISLAM,50,NONE,48,CHEWA,368,YAO,50,TUMBUKA,49,BOTH,Matrilineal and neolocal,,396,Patrilineal and neolocal,,49,Matrilineal and matrilocal (chikamwini),,22,21,PLANNED HOUSING,,SLIGHTLY SLOPING,ALMOST NONE,ALMOST NONE,ALMOST NONE,ALMOST ALL,YES
21086069,MORE MOVED IN,20000,5000,CHRISTIAN,4000,NONE,500,TRADITIONAL,500,CHEWA,5000,,,,,MOTHER,Matrilineal and patrilocal (chitengwa),,4000,Matrilineal and matrilocal (chikamwini),,500,Patrilineal and patrilocal,,500,100,FARMING,,FLAT,ALMOST NONE,ALMOST NONE,ALMOST NONE,3/4,YES
21086436,MORE MOVED IN,1786,350,CHRISTIAN,271,NONE,69,ISLAM,10,CHEWA,325,LOMWE,15,YAO,10,MOTHER,Matrilineal and patrilocal (chitengwa),,218,Matrilineal and matrilocal (chikamwini),,110,Matrilineal and neolocal,,22,6,FARMING,,SLIGHTLY SLOPING,ALMOST NONE,ALMOST NONE,ALMOST NONE,ALMOST ALL,YES
21087531,MORE MOVED IN,4927,949,CHRISTIAN,620,ISLAM,217,OTHER RELIGION,112,CHEWA,726,YAO,197,TUMBUKA,26,BOTH,Matrilineal and neolocal,,903,Patrilineal and neolocal,,26,Matrilineal and matrilocal (chikamwini),,20,9,SQUATTER  SETTLEMENT,,SLIGHTLY SLOPING,ALMOST NONE,ALMOST NONE,ALMOST NONE,ALMOST ALL,NO
21088597,MORE MOVED IN,2699,449,CHRISTIAN,356,TRADITIONAL,87,ISLAM,6,CHEWA,423,TUMBUKA,20,YAO,6,BOTH,Matrilineal and matrilocal (chikamwini),,293,Matrilineal and patrilocal (chitengwa),,93,Matrilineal and neolocal,,63,12,FARMING,,SLIGHTLY SLOPING,ALMOST NONE,ALMOST NONE,ALMOST NONE,ALMOST ALL,YES
30101280,MORE MOVED IN,1750,350,ISLAM,220,CHRISTIAN,130,,,YAO,220,CHEWA,130,,,MOTHER,Matrilineal and matrilocal (chikamwini),,220,Matrilineal and patrilocal (chitengwa),,130,,,,50,FARMING,,FLAT,1/4,ALMOST NONE,ALMOST NONE,3/4,YES
30101545,ABOUT THE SAME OF BOTH,2772,554,TRADITIONAL,500,CHRISTIAN,54,,,YAO,500,CHEWA,54,,,MOTHER,Matrilineal and matrilocal (chikamwini),,554,,,,,,,72,FARMING,,SLIGHTLY SLOPING,1/4,ALMOST ALL,ALMOST NONE,1/4,YES
30102028,NEITHER ARRIVALS NOR DEPARTURES,2052,922,ISLAM,600,CHRISTIAN,322,,,YAO,600,CHEWA,322,,,MOTHER,Matrilineal and matrilocal (chikamwini),,922,,,,,,,72,FARMING,,SLIGHTLY SLOPING,1/4,ALMOST NONE,ALMOST NONE,1/4,NO
30102540,MORE MOVED IN,975,215,CHRISTIAN,190,ISLAM,25,,,NGONI,200,YAO,15,,,MOTHER,Matrilineal and matrilocal (chikamwini),,190,Matrilineal and patrilocal (chitengwa),,25,,,,11,FARMING,,MODERATELY SLOPING,1/4,ALMOST NONE,ALMOST NONE,ALMOST ALL,YES
30103074,NEITHER ARRIVALS NOR DEPARTURES,3200,1200,TRADITIONAL,1000,CHRISTIAN,200,,,YAO,1000,CHEWA,200,,,MOTHER,Matrilineal and neolocal,,1000,Patrilineal and neolocal,,200,,,,60,FARMING,,FLAT,1/4,ALMOST NONE,1/4,1/2,NO
30104708,MORE MOVED OUT,12000,8000,ISLAM,6000,CHRISTIAN,2000,,,YAO,6000,CHEWA,2000,,,MOTHER,Matrilineal and neolocal,,8000,,,,,,,95,FARMING,,FLAT,ALMOST NONE,ALMOST NONE,ALMOST NONE,1/2,YES
30105325,ABOUT THE SAME OF BOTH,4000,3500,ISLAM,3000,CHRISTIAN,500,,,YAO,3000,CHEWA,500,,,MOTHER,Matrilineal and matrilocal (chikamwini),,3500,,,,,,,100,FARMING,,FLAT,ALMOST NONE,ALMOST NONE,ALMOST NONE,1/4,YES
30105448,NEITHER ARRIVALS NOR DEPARTURES,1300,800,ISLAM,500,CHRISTIAN,300,,,YAO,700,CHEWA,100,,,MOTHER,Matrilineal and matrilocal (chikamwini),,800,,,,,,,70,FARMING,,FLAT,1/4,ALMOST NONE,ALMOST NONE,1/4,NO
30107624,MORE MOVED IN,720,120,ISLAM,90,CHRISTIAN,30,,,YAO,80,NYANJA,40,,,MOTHER,Matrilineal and matrilocal (chikamwini),,100,Matrilineal and patrilocal (chitengwa),,20,,,,14,FARMING,,MODERATELY SLOPING,ALMOST NONE,ALMOST NONE,ALMOST NONE,ALMOST ALL,YES
30108401,MORE MOVED OUT,4557,2800,ISLAM,1200,CHRISTIAN,1600,,,YAO,1200,CHEWA,1600,,,MOTHER,Matrilineal and neolocal,,2800,,,,,,,70,FARMING,,STEEPLY SLOPING,3/4,ALMOST NONE,3/4,1/2,YES
30109724,MORE MOVED IN,8000,3200,TRADITIONAL,3000,CHRISTIAN,200,,,YAO,3000,NYANJA,200,,,MOTHER,Matrilineal and matrilocal (chikamwini),,3200,,,,,,,73,FARMING,,FLAT,ALMOST NONE,ALMOST NONE,ALMOST NONE,1/4,YES
30202252,ABOUT THE SAME OF BOTH,9000,3000,ISLAM,2000,CHRISTIAN,1000,,,YAO,2000,CHEWA,1000,,,MOTHER,Matrilineal and matrilocal (chikamwini),,3000,,,,,,,72,FARMING,,SLIGHTLY SLOPING,1/4,1/4,ALMOST NONE,1/2,YES
30206341,ABOUT THE SAME OF BOTH,9000,2000,ISLAM,1300,CHRISTIAN,700,,,YAO,1300,CHEWA,700,,,MOTHER,Matrilineal and matrilocal (chikamwini),,2000,,,,,,,80,FARMING,,FLAT,ALMOST NONE,ALMOST NONE,ALMOST NONE,1/4,YES
30206572,ABOUT THE SAME OF BOTH,4000,2000,ISLAM,1000,CHRISTIAN,1000,,,LOMWE,1500,YAO,500,,,MOTHER,Matrilineal and neolocal,,2000,,,,,,,20,FARMING,,FLAT,1/4,ALMOST NONE,ALMOST NONE,1/2,YES
30208396,ABOUT THE SAME OF BOTH,1825,365,ISLAM,287,CHRISTIAN,78,,,YAO,210,NYANJA,155,,,MOTHER,Matrilineal and matrilocal (chikamwini),,315,Matrilineal and patrilocal (chitengwa),,50,,,,20,FARMING,,FLAT,ALMOST NONE,ALMOST NONE,ALMOST NONE,ALMOST ALL,YES
30212307,MORE MOVED OUT,10000,3000,ISLAM,2000,CHRISTIAN,1000,,,YAO,2000,NYANJA,1000,,,MOTHER,Matrilineal and matrilocal (chikamwini),,3000,,,,,,,62,FARMING,,SLIGHTLY SLOPING,1/4,1/4,ALMOST NONE,3/4,YES
30212492,MORE MOVED OUT,16000,8000,ISLAM,6000,CHRISTIAN,2000,,,YAO,6000,CHEWA,2000,,,MOTHER,Matrilineal and matrilocal (chikamwini),,8000,,,,,,,80,FARMING,,FLAT,ALMOST NONE,1/4,ALMOST NONE,1/4,YES
30302601,NEITHER ARRIVALS NOR DEPARTURES,4848,808,CHRISTIAN,793,ISLAM,15,,,CHEWA,793,LOMWE,15,,,MOTHER,Matrilineal and matrilocal (chikamwini),,771,Matrilineal and patrilocal (chitengwa),,37,,,,13,FARMING,,FLAT,1/4,ALMOST ALL,1/2,3/4,YES
30305082,NEITHER ARRIVALS NOR DEPARTURES,4296,716,CHRISTIAN,650,ISLAM,59,TRADITIONAL,7,CHEWA,657,YAO,59,,,MOTHER,Matrilineal and matrilocal (chikamwini),,711,Matrilineal and patrilocal (chitengwa),,5,,,,8,FARMING,,SLIGHTLY SLOPING,1/4,ALMOST NONE,ALMOST NONE,ALMOST ALL,YES
30305277,NEITHER ARRIVALS NOR DEPARTURES,4890,795,CHRISTIAN,41,ISLAM,14,TRADITIONAL,13,CHEWA,405,NYANJA,320,,,MOTHER,Matrilineal and matrilocal (chikamwini),,745,,,,,,,3,FARMING,,SLIGHTLY SLOPING,1/4,1/4,ALMOST NONE,3/4,YES
30305580,NEITHER ARRIVALS NOR DEPARTURES,16536,684,CHRISTIAN,598,ISLAM,86,,,LOMWE,598,NYANJA,86,,,MOTHER,Matrilineal and matrilocal (chikamwini),,598,Matrilineal and patrilocal (chitengwa),,86,,,,13,FARMING,,FLAT,ALMOST NONE,ALMOST ALL,ALMOST NONE,ALMOST ALL,YES
30306087,NEITHER ARRIVALS NOR DEPARTURES,1048,204,TRADITIONAL,187,ISLAM,17,,,CHEWA,189,YAO,15,,,MOTHER,Matrilineal and matrilocal (chikamwini),,189,Matrilineal and patrilocal (chitengwa),,15,,,,1,FARMING,,FLAT,1/4,ALMOST NONE,1/2,3/4,YES
30306555,MORE MOVED IN,2425,840,CHRISTIAN,822,ISLAM,18,,,CHEWA,822,YAO,18,,,MOTHER,Matrilineal and matrilocal (chikamwini),,809,Matrilineal and patrilocal (chitengwa),,31,,,,3,FARMING,,SLIGHTLY SLOPING,ALMOST NONE,ALMOST NONE,ALMOST NONE,ALMOST ALL,YES
30307678,MORE MOVED IN,3608,451,ISLAM,266,CHRISTIAN,185,,,YAO,400,CHEWA,51,,,MOTHER,Matrilineal and matrilocal (chikamwini),,351,Matrilineal and patrilocal (chitengwa),,100,,,,8,FARMING,,SLIGHTLY SLOPING,ALMOST NONE,ALMOST NONE,1/4,ALMOST ALL,YES
30403444,MORE MOVED OUT,2923,1003,CHRISTIAN,945,ISLAM,58,,,CHEWA,1003,,,,,MOTHER,Matrilineal and matrilocal (chikamwini),,1003,,,,,,,3,FARMING,,MODERATELY SLOPING,ALMOST NONE,ALMOST NONE,ALMOST NONE,3/4,NO
30406710,MORE MOVED IN,1043,271,CHRISTIAN,264,ISLAM,7,,,CHEWA,271,,,,,MOTHER,Matrilineal and matrilocal (chikamwini),,271,,,,,,,5,FARMING,,MODERATELY SLOPING,ALMOST NONE,ALMOST NONE,1/4,3/4,YES
30501383,MORE MOVED IN,4462,1601,CHRISTIAN,1493,ISLAM,108,,,CHEWA,1569,YAO,32,,,MOTHER,Matrilineal and matrilocal (chikamwini),,1601,,,,,,,10,FARMING,,FLAT,ALMOST NONE,ALMOST NONE,ALMOST NONE,1/4,YES
30502456,MORE MOVED IN,6167,566,CHRISTIAN,464,ISLAM,102,,,CHEWA,566,,,,,FATHER,Matrilineal and matrilocal (chikamwini),,566,,,,,,,4,FARMING,,STEEPLY SLOPING,1/4,ALMOST ALL,ALMOST ALL,3/4,YES
30503685,MORE MOVED IN,2870,738,CHRISTIAN,731,ISLAM,7,,,CHEWA,734,YAO,4,,,MOTHER,Matrilineal and matrilocal (chikamwini),,738,,,,,,,0,FARMING,,FLAT,ALMOST NONE,ALMOST NONE,1/4,ALMOST ALL,YES
30504518,MORE MOVED IN,5625,1276,CHRISTIAN,1275,ISLAM,1,,,NYANJA,1275,YAO,1,,,MOTHER,Matrilineal and matrilocal (chikamwini),,1276,,,,,,,15,FARMING,,MODERATELY SLOPING,1/4,ALMOST NONE,1/2,ALMOST ALL,NO
30602235,ABOUT THE SAME OF BOTH,1065,561,CHRISTIAN,561,,,,,CHEWA,561,,,,,MOTHER,Matrilineal and matrilocal (chikamwini),,361,Matrilineal and patrilocal (chitengwa),,200,,,,10,FARMING,,SLIGHTLY SLOPING,1/4,ALMOST NONE,1/4,3/4,YES
30620196,ABOUT THE SAME OF BOTH,976,385,CHRISTIAN,280,ISLAM,105,,,CHEWA,250,NGONI,135,,,BOTH,Other ( Specify),MOST ARE TENANTS,385,,,,,,,1,SQUATTER  SETTLEMENT,,MODERATELY SLOPING,ALMOST NONE,ALMOST NONE,ALMOST NONE,ALMOST ALL,YES
30703381,NEITHER ARRIVALS NOR DEPARTURES,887,219,CHRISTIAN,170,NONE,29,ISLAM,20,CHEWA,211,LOMWE,8,,,MOTHER,Matrilineal and matrilocal (chikamwini),,211,Matrilineal and patrilocal (chitengwa),,8,,,,2,FARMING,,STEEPLY SLOPING,ALMOST NONE,1/4,ALMOST NONE,ALMOST ALL,NO
30704313,NEITHER ARRIVALS NOR DEPARTURES,1053,287,CHRISTIAN,274,NONE,11,ISLAM,2,CHEWA,283,LOMWE,4,,,MOTHER,Matrilineal and matrilocal (chikamwini),,280,Matrilineal and patrilocal (chitengwa),,7,,,,1,FARMING,,MODERATELY SLOPING,ALMOST NONE,1/4,ALMOST NONE,ALMOST ALL,NO
30705391,ABOUT THE SAME OF BOTH,1439,328,CHRISTIAN,308,NONE,13,ISLAM,7,CHEWA,320,YAO,7,TUMBUKA,1,MOTHER,Matrilineal and matrilocal (chikamwini),,300,Matrilineal and patrilocal (chitengwa),,28,,,,2,FARMING,,MODERATELY SLOPING,ALMOST NONE,ALMOST ALL,ALMOST NONE,ALMOST ALL,NO
30706619,MORE MOVED IN,4133,1276,CHRISTIAN,1200,OTHER RELIGION,49,ISLAM,27,CHEWA,1255,OTHER,12,LOMWE,9,MOTHER,Matrilineal and matrilocal (chikamwini),,1217,Matrilineal and patrilocal (chitengwa),,59,,,,2,FARMING,,MODERATELY SLOPING,ALMOST NONE,1/2,ALMOST NONE,ALMOST ALL,NO
30708665,MORE MOVED OUT,2672,602,ISLAM,553,OTHER RELIGION,27,ISLAM,22,CHEWA,300,LOMWE,302,,,MOTHER,Matrilineal and matrilocal (chikamwini),,511,Matrilineal and neolocal,,91,,,,10,FARMING,,SLIGHTLY SLOPING,ALMOST NONE,1/4,ALMOST NONE,3/4,YES
30709438,NEITHER ARRIVALS NOR DEPARTURES,1633,270,CHRISTIAN,245,NONE,16,ISLAM,9,CHEWA,266,LOMWE,3,TUMBUKA,1,FATHER,Matrilineal and matrilocal (chikamwini),,256,Matrilineal and patrilocal (chitengwa),,14,,,,1,FARMING,,SLIGHTLY SLOPING,ALMOST NONE,1/4,ALMOST NONE,ALMOST ALL,NO
30710079,ABOUT THE SAME OF BOTH,700,127,CHRISTIAN,94,NONE,25,ISLAM,8,CHEWA,121,YAO,4,OTHER,2,MOTHER,Matrilineal and matrilocal (chikamwini),,120,Matrilineal and patrilocal (chitengwa),,7,,,,0,FARMING,,MODERATELY SLOPING,ALMOST NONE,ALMOST ALL,ALMOST NONE,3/4,NO
30711684,MORE MOVED IN,1967,404,CHRISTIAN,380,OTHER RELIGION,20,ISLAM,4,CHEWA,402,LOMWE,2,,,MOTHER,Matrilineal and matrilocal (chikamwini),,384,Matrilineal and patrilocal (chitengwa),,20,,,,2,FARMING,,STEEPLY SLOPING,ALMOST NONE,ALMOST NONE,ALMOST NONE,ALMOST ALL,NO
30801672,MORE MOVED IN,5000,569,CHRISTIAN,509,ISLAM,30,NONE,30,NYANJA,169,LOMWE,400,,,BOTH,Matrilineal and matrilocal (chikamwini),,300,Matrilineal and patrilocal (chitengwa),,269,,,,11,FARMING,,SLIGHTLY SLOPING,ALMOST NONE,ALMOST NONE,ALMOST NONE,ALMOST ALL,YES
30801679,MORE MOVED IN,990,250,ISLAM,2,NONE,2,CHRISTIAN,246,LOMWE,180,NYANJA,70,,,MOTHER,Matrilineal and matrilocal (chikamwini),,240,Matrilineal and patrilocal (chitengwa),,10,,,,18,FARMING,,SLIGHTLY SLOPING,ALMOST NONE,ALMOST NONE,ALMOST NONE,ALMOST ALL,YES
30803115,MORE MOVED IN,3700,450,CHRISTIAN,330,ISLAM,100,NONE,20,NYANJA,100,LOMWE,350,,,MOTHER,Matrilineal and matrilocal (chikamwini),,400,Matrilineal and patrilocal (chitengwa),,50,,,,2,FARMING,,FLAT,ALMOST NONE,ALMOST NONE,ALMOST NONE,3/4,YES
30804416,MORE MOVED OUT,1579,200,CHRISTIAN,140,ISLAM,50,NONE,10,LOMWE,180,NYANJA,20,,,BOTH,Matrilineal and matrilocal (chikamwini),,150,Matrilineal and patrilocal (chitengwa),,50,,,,5,FARMING,,SLIGHTLY SLOPING,ALMOST NONE,ALMOST NONE,ALMOST NONE,ALMOST ALL,YES
30805259,MORE MOVED IN,850,496,ISLAM,2,CHRISTIAN,494,,,NYANJA,496,,,,,MOTHER,Matrilineal and matrilocal (chikamwini),,496,,,,,,,0,FARMING,,SLIGHTLY SLOPING,1/4,ALMOST NONE,1/4,ALMOST ALL,YES
30806611,MORE MOVED OUT,6500,4200,CHRISTIAN,3500,ISLAM,310,TRADITIONAL,390,NYANJA,4000,LOMWE,100,CHEWA,100,FATHER,Matrilineal and matrilocal (chikamwini),,1510,Matrilineal and patrilocal (chitengwa),,290,Matrilineal and neolocal,,2400,6,FARMING,,FLAT,ALMOST NONE,ALMOST NONE,1/4,ALMOST ALL,YES
30901054,MORE MOVED IN,4315,863,ISLAM,9,CHRISTIAN,839,NONE,15,NYANJA,863,,,,,MOTHER,Matrilineal and matrilocal (chikamwini),,680,Matrilineal and patrilocal (chitengwa),,183,,,,5,FARMING,,SLIGHTLY SLOPING,ALMOST NONE,ALMOST NONE,1/4,ALMOST ALL,YES
30901475,MORE MOVED OUT,2000,463,CHRISTIAN,430,NONE,33,,,LOMWE,463,,,,,BOTH,Matrilineal and matrilocal (chikamwini),,400,Matrilineal and patrilocal (chitengwa),,63,,,,6,FARMING,,FLAT,ALMOST NONE,ALMOST ALL,ALMOST NONE,3/4,YES
30901603,ABOUT THE SAME OF BOTH,6600,776,CHRISTIAN,760,ISLAM,10,NONE,16,NYANJA,756,LOMWE,20,,,MOTHER,Matrilineal and matrilocal (chikamwini),,403,Matrilineal and patrilocal (chitengwa),,373,,,,5,FARMING,,SLIGHTLY SLOPING,ALMOST NONE,ALMOST NONE,ALMOST NONE,3/4,YES
31001333,MORE MOVED IN,389,93,CHRISTIAN,93,,,,,NYANJA,90,SENA,3,,,FATHER,Matrilineal and patrilocal (chitengwa),,93,,,,,,,3,FARMING,,SLIGHTLY SLOPING,1/4,ALMOST NONE,1/4,ALMOST ALL,YES
31001749,NEITHER ARRIVALS NOR DEPARTURES,1326,73,CHRISTIAN,73,,,,,SENA,73,,,,,FATHER,Matrilineal and patrilocal (chitengwa),,73,,,,,,,20,FARMING,,BOTH FLAT AND HILLY,1/4,ALMOST NONE,1/4,ALMOST ALL,YES
31002169,MORE MOVED IN,1300,396,CHRISTIAN,376,ISLAM,20,,,CHEWA,200,SENA,100,NYANJA,96,FATHER,Matrilineal and patrilocal (chitengwa),,396,,,,,,,10,PLANNED HOUSING,,FLAT,ALMOST NONE,ALMOST NONE,ALMOST NONE,ALMOST ALL,YES
31004312,NEITHER ARRIVALS NOR DEPARTURES,1500,480,CHRISTIAN,480,,,,,NYANJA,480,,,,,MOTHER,Matrilineal and matrilocal (chikamwini),,480,,,,,,,20,FARMING,,BOTH FLAT AND HILLY,1/4,ALMOST NONE,1/4,ALMOST ALL,YES
31006556,MORE MOVED IN,1220,296,CHRISTIAN,250,TRADITIONAL,46,,,NYANJA,296,,,,,MOTHER,Matrilineal and matrilocal (chikamwini),,296,,,,,,,15,FARMING,,BOTH FLAT AND HILLY,ALMOST NONE,ALMOST NONE,1/4,3/4,NO
31007335,NEITHER ARRIVALS NOR DEPARTURES,650,117,CHRISTIAN,117,,,,,NYANJA,117,,,,,FATHER,Matrilineal and patrilocal (chitengwa),,117,,,,,,,6,SQUATTER  SETTLEMENT,,SLIGHTLY SLOPING,ALMOST NONE,ALMOST NONE,ALMOST NONE,ALMOST ALL,YES
31108703,MORE MOVED IN,640,250,TRADITIONAL,200,OTHER RELIGION,40,ISLAM,10,SENA,240,CHEWA,10,,,FATHER,Matrilineal and patrilocal (chitengwa),,250,,,,,,,50,FARMING,,FLAT,ALMOST NONE,ALMOST NONE,ALMOST NONE,ALMOST ALL,YES
31201007,MORE MOVED IN,1603,470,CHRISTIAN,250,ISLAM,123,NONE,97,CHEWA,400,YAO,70,,,MOTHER,Matrilineal and matrilocal (chikamwini),,400,Matrilineal and patrilocal (chitengwa),,70,,,,3,FARMING,,FLAT,ALMOST NONE,ALMOST NONE,ALMOST NONE,ALMOST ALL,YES
31201104,MORE MOVED IN,1675,335,CHRISTIAN,140,ISLAM,115,NONE,80,CHEWA,245,YAO,90,,,MOTHER,Matrilineal and matrilocal (chikamwini),,260,Matrilineal and patrilocal (chitengwa),,75,,,,1,FARMING,,FLAT,ALMOST NONE,ALMOST NONE,ALMOST NONE,ALMOST ALL,YES
31201197,MORE MOVED IN,1050,209,CHRISTIAN,124,NONE,84,ISLAM,1,CHEWA,201,SENA,5,YAO,3,MOTHER,Matrilineal and matrilocal (chikamwini),,201,Matrilineal and patrilocal (chitengwa),,8,,,,3,FARMING,,FLAT,ALMOST NONE,1/2,ALMOST NONE,ALMOST ALL,YES
31201516,MORE MOVED IN,1830,406,CHRISTIAN,304,NONE,80,ISLAM,22,CHEWA,264,NYANJA,120,YAO,22,MOTHER,Matrilineal and matrilocal (chikamwini),,304,Matrilineal and patrilocal (chitengwa),,102,,,,4,FARMING,,FLAT,ALMOST NONE,ALMOST NONE,ALMOST NONE,3/4,YES
31204618,MORE MOVED IN,1400,321,ISLAM,292,CHRISTIAN,19,NONE,10,YAO,316,CHEWA,5,,,FATHER,Matrilineal and matrilocal (chikamwini),,266,Matrilineal and patrilocal (chitengwa),,55,,,,6,FARMING,,SLIGHTLY SLOPING,1/4,ALMOST NONE,1/4,ALMOST ALL,YES
31432523,MORE MOVED IN,8300,1660,ISLAM,1290,CHRISTIAN,370,,,YAO,1290,CHEWA,370,,,MOTHER,Matrilineal and matrilocal (chikamwini),,1645,Matrilineal and patrilocal (chitengwa),,15,,,,7,SQUATTER  SETTLEMENT,,BOTH FLAT AND HILLY,1/4,ALMOST NONE,1/4,ALMOST ALL,YES
31432676,MORE MOVED IN,7200,1200,CHRISTIAN,1000,ISLAM,200,,,CHEWA,1000,YAO,150,LOMWE,50,MOTHER,Matrilineal and matrilocal (chikamwini),,1000,Matrilineal and patrilocal (chitengwa),,200,,,,15,PLANNED HOUSING,,SLIGHTLY SLOPING,ALMOST NONE,ALMOST NONE,ALMOST NONE,ALMOST ALL,YES
31435120,MORE MOVED IN,4710,785,CHRISTIAN,535,ISLAM,250,,,YAO,535,NYANJA,250,,,MOTHER,Matrilineal and matrilocal (chikamwini),,755,Matrilineal and patrilocal (chitengwa),,30,,,,20,SQUATTER  SETTLEMENT,,SLIGHTLY SLOPING,1/2,1/4,1/4,ALMOST ALL,YES
31435753,NEITHER ARRIVALS NOR DEPARTURES,4800,800,ISLAM,504,CHRISTIAN,66,,,CHEWA,230,YAO,296,,,,Matrilineal and matrilocal (chikamwini),,504,Matrilineal and patrilocal (chitengwa),,296,,,,2,PLANNED HOUSING,,SLIGHTLY SLOPING,ALMOST NONE,ALMOST NONE,1/4,3/4,YES
31436695,MORE MOVED IN,5245,849,ISLAM,512,TRADITIONAL,8,CHRISTIAN,329,CHEWA,512,YAO,329,LOMWE,8,MOTHER,Matrilineal and matrilocal (chikamwini),,512,Matrilineal and patrilocal (chitengwa),,337,,,,6,FARMING,,FLAT,ALMOST NONE,3/4,ALMOST NONE,3/4,YES
31438690,MORE MOVED IN,8799,1257,CHRISTIAN,1228,ISLAM,29,,,CHEWA,1228,YAO,29,,,MOTHER,Matrilineal and matrilocal (chikamwini),,1220,Matrilineal and patrilocal (chitengwa),,37,,,,2,FARMING,,SLIGHTLY SLOPING,ALMOST NONE,ALMOST NONE,ALMOST NONE,ALMOST ALL,YES
31439102,NEITHER ARRIVALS NOR DEPARTURES,1400,200,CHRISTIAN,195,ISLAM,5,,,CHEWA,195,YAO,5,,,MOTHER,Matrilineal and matrilocal (chikamwini),,199,Matrilineal and patrilocal (chitengwa),,1,,,,0,PLANNED HOUSING,,FLAT,1/4,ALMOST NONE,ALMOST NONE,ALMOST ALL,YES
31441389,MORE MOVED IN,4725,855,CHRISTIAN,600,ISLAM,250,TRADITIONAL,5,CHEWA,600,YAO,250,NYANJA,5,MOTHER,Matrilineal and matrilocal (chikamwini),,650,Matrilineal and patrilocal (chitengwa),,205,,,,6,PLANNED HOUSING,,FLAT,ALMOST NONE,ALMOST NONE,ALMOST NONE,ALMOST ALL,YES
31442394,MORE MOVED IN,6400,800,CHRISTIAN,779,ISLAM,21,,,CHEWA,779,YAO,21,,,MOTHER,Matrilineal and matrilocal (chikamwini),,780,Matrilineal and patrilocal (chitengwa),,20,,,,3,SQUATTER  SETTLEMENT,,SLIGHTLY SLOPING,ALMOST NONE,ALMOST NONE,ALMOST NONE,ALMOST ALL,YES
31443108,MORE MOVED IN,67568,8446,CHRISTIAN,6200,ISLAM,1500,TRADITIONAL,746,CHEWA,6320,NGONI,1100,YAO,1026,MOTHER,Matrilineal and matrilocal (chikamwini),,6200,Matrilineal and patrilocal (chitengwa),,2246,,,,1,PLANNED HOUSING,,SLIGHTLY SLOPING,ALMOST NONE,ALMOST NONE,ALMOST NONE,ALMOST ALL,YES
31443270,MORE MOVED IN,4932,822,CHRISTIAN,638,ISLAM,172,TRADITIONAL,12,CHEWA,650,YAO,172,,,MOTHER,Matrilineal and matrilocal (chikamwini),,810,Matrilineal and patrilocal (chitengwa),,7,,,,5,FARMING,,SLIGHTLY SLOPING,1/4,ALMOST NONE,1/4,3/4,YES
31532674,MORE MOVED IN,1721,222,CHRISTIAN,168,ISLAM,37,NONE,17,CHEWA,214,YAO,5,TUMBUKA,3,MOTHER,Matrilineal and matrilocal (chikamwini),,159,Matrilineal and patrilocal (chitengwa),,61,Other ( Specify),MARRIAGES BASED ON CULTURAL SE,2,4,PLANNED HOUSING,,SLIGHTLY SLOPING,ALMOST NONE,ALMOST NONE,ALMOST NONE,3/4,NO
31533095,MORE MOVED IN,1711,237,CHRISTIAN,170,ISLAM,38,NONE,29,CHEWA,214,YAO,12,OTHER,11,BOTH,Matrilineal and matrilocal (chikamwini),,188,Matrilineal and patrilocal (chitengwa),,37,Other ( Specify),MARRIAGES WITH NO FORMAL PATTERN,12,4,SQUATTER  SETTLEMENT,,SLIGHTLY SLOPING,ALMOST NONE,ALMOST NONE,ALMOST NONE,ALMOST ALL,NO
31536118,MORE MOVED IN,3300,800,ISLAM,200,CHRISTIAN,570,NONE,30,CHEWA,780,YAO,13,TUMBUKA,7,BOTH,Matrilineal and patrilocal (chitengwa),,450,Matrilineal and matrilocal (chikamwini),,350,,,,2,SQUATTER  SETTLEMENT,,FLAT,ALMOST NONE,ALMOST NONE,ALMOST NONE,ALMOST NONE,NO
31536751,MORE MOVED IN,1900,200,CHRISTIAN,150,ISLAM,26,NONE,24,CHEWA,190,YAO,5,OTHER,5,MOTHER,Matrilineal and matrilocal (chikamwini),,110,Other ( Specify),NO FORMAL PATTERN,90,,,,4,SQUATTER  SETTLEMENT,,SLIGHTLY SLOPING,ALMOST NONE,ALMOST NONE,ALMOST NONE,3/4,NO
31539670,ABOUT THE SAME OF BOTH,1600,194,CHRISTIAN,137,ISLAM,30,OTHER RELIGION,27,CHEWA,180,YAO,7,OTHER,7,MOTHER,Matrilineal and matrilocal (chikamwini),,151,Matrilineal and patrilocal (chitengwa),,23,Other ( Specify),NO FORMAL SET UP,20,3,SQUATTER  SETTLEMENT,,MODERATELY SLOPING,ALMOST NONE,ALMOST NONE,ALMOST NONE,ALMOST ALL,NO
31540419,MORE MOVED IN,2200,290,CHRISTIAN,210,NONE,40,ISLAM,40,CHEWA,275,YAO,8,OTHER,7,MOTHER,Matrilineal and matrilocal (chikamwini),,250,Other ( Specify),PEOPLE FROM ALL OVER MALAWI,40,,,,2,PLANNED HOUSING,,SLIGHTLY SLOPING,ALMOST NONE,ALMOST NONE,ALMOST NONE,3/4,NO
31545384,MORE MOVED IN,10000,1300,CHRISTIAN,1000,ISLAM,180,NONE,120,CHEWA,1270,YAO,20,OTHER,10,MOTHER,Matrilineal and matrilocal (chikamwini),,900,Matrilineal and matrilocal (chikamwini),,200,Other ( Specify),BEING IN URBAN SETTING INFORMA,200,6,SQUATTER  SETTLEMENT,,SLIGHTLY SLOPING,ALMOST NONE,ALMOST NONE,ALMOST NONE,3/4,NO
31546760,MORE MOVED IN,7000,1200,CHRISTIAN,1000,ISLAM,150,NONE,50,CHEWA,1100,YAO,50,OTHER,50,BOTH,Matrilineal and matrilocal (chikamwini),,900,Matrilineal and patrilocal (chitengwa),,300,,,,5,SQUATTER  SETTLEMENT,,SLIGHTLY SLOPING,ALMOST NONE,ALMOST NONE,ALMOST NONE,3/4,NO
31550254,ABOUT THE SAME OF BOTH,1300,160,CHRISTIAN,81,ISLAM,52,OTHER RELIGION,27,CHEWA,90,OTHER,37,ENGLISH,33,BOTH,Matrilineal and matrilocal (chikamwini),,85,Matrilineal and patrilocal (chitengwa),,40,Other ( Specify),MARRIAGES WITH NO FORMAL PATTERN,35,2,PLANNED HOUSING,,FLAT,ALMOST NONE,ALMOST NONE,ALMOST NONE,3/4,NO
31552686,MORE MOVED IN,3000,430,CHRISTIAN,370,ISLAM,34,NONE,26,CHEWA,409,YAO,11,OTHER,10,MOTHER,Matrilineal and matrilocal (chikamwini),,300,Matrilineal and patrilocal (chitengwa),,115,Other ( Specify),NO FORMAL CULTURAL GUIDE,15,2,PLANNED HOUSING,,SLIGHTLY SLOPING,ALMOST NONE,ALMOST NONE,ALMOST NONE,3/4,NO
31554613,MORE MOVED IN,3452,541,CHRISTIAN,480,ISLAM,32,OTHER RELIGION,29,CHEWA,530,NYANJA,7,TUMBUKA,4,MOTHER,Matrilineal and matrilocal (chikamwini),,466,Matrilineal and patrilocal (chitengwa),,35,Other ( Specify),OTHER SENA AND TUMBUKA IN TOWN,40,3,FARMING,,SLIGHTLY SLOPING,ALMOST NONE,ALMOST NONE,ALMOST NONE,ALMOST ALL,NO
31555614,MORE MOVED IN,3620,502,CHRISTIAN,417,OTHER RELIGION,57,ISLAM,28,CHEWA,469,ENGLISH,21,YAO,12,MOTHER,Matrilineal and matrilocal (chikamwini),,450,Other ( Specify),PEOPLE FROM DIFFERENT AREAS,35,Matrilineal and patrilocal (chitengwa),,17,7,FARMING,,SLIGHTLY SLOPING,ALMOST NONE,ALMOST NONE,ALMOST NONE,ALMOST ALL,YES
