ea_id,com_cf01,com_cf02,com_cf03,com_cf04,com_cf05,com_cf06,com_cf07,com_cf08a,com_cf08b,com_cf09,com_cf10,com_cf11,com_cf12,com_cf13,com_cf14a,com_cf14b,com_cf14c,com_cf14d,com_cf14e,com_cf15a,com_cf15b,com_cf15c,com_cf15d,com_cf15e,com_cf16a,com_cf16b,com_cf16c,com_cf16d,com_cf16e,com_cf16f,com_cf16g,com_cf16h,com_cf16i,com_cf17a,com_cf17b,com_cf17c
10101016,YES,2ND HALF NOV,2ND HALF JUN,TOO MUCH,TOO EARLY,TOO LATE,NO,3,KM,NO,,0,0,NO,MORE,MORE,ABOUT THE SAME NUMBER,ABOUT THE SAME NUMBER,ABOUT THE SAME NUMBER,WORSE,WORSE,MUCH WORSE,MUCH WORSE,MUCH WORSE,ABOUT THE SAME,BETTER,MUCH WORSE,NOT APPLICABLE,MUCH WORSE,MUCH WORSE,MUCH BETTER,MUCH WORSE,WORSE,NO,NO,NO
10101204,YES,2ND HALF NOV,2ND HALF JUN,TOO LITTLE,TOO EARLY,TOO EARLY,NO,18,KM,YES,350,0,0,NO,MORE,MORE,ABOUT THE SAME NUMBER,ABOUT THE SAME NUMBER,ABOUT THE SAME NUMBER,MUCH BETTER,MUCH BETTER,BETTER,MUCH WORSE,BETTER,MUCH WORSE,MUCH WORSE,MUCH WORSE,NOT APPLICABLE,WORSE,WORSE,MUCH BETTER,MUCH WORSE,WORSE,NO,NO,NO
10101215,YES,1ST HALF DEC,1ST HALF JUN,THE RIGHT AMOUNT,AT THE RIGHT TIME,AT THE RIGHT TIME,NO,3,KM,NO,,0,0,NO,LESS,MORE,MORE,LESS,ABOUT THE SAME NUMBER,MUCH WORSE,MUCH WORSE,MUCH WORSE,NOT APPLICABLE,MUCH WORSE,MUCH BETTER,MUCH BETTER,NOT APPLICABLE,NOT APPLICABLE,NOT APPLICABLE,MUCH WORSE,MUCH BETTER,MUCH BETTER,WORSE,NO,NO,NO
10101562,YES,2ND HALF NOV,1ST HALF JUN,THE RIGHT AMOUNT,TOO EARLY,TOO EARLY,NO,3,KM,YES,170,0,0,NO,MORE,MORE,MORE,ABOUT THE SAME NUMBER,ABOUT THE SAME NUMBER,MUCH BETTER,MUCH BETTER,BETTER,BETTER,MUCH BETTER,BETTER,BETTER,MUCH BETTER,BETTER,BETTER,WORSE,BETTER,BETTER,ABOUT THE SAME,NO,NO,NO
10102004,YES,2ND HALF DEC,1ST HALF JUN,TOO LITTLE,TOO LATE,TOO LATE,NO,38,KM,YES,35,0,0,NO,MORE,MORE,MORE,MORE,MORE,MUCH WORSE,MUCH WORSE,MUCH WORSE,NOT APPLICABLE,NOT APPLICABLE,BETTER,MUCH BETTER,NOT APPLICABLE,NOT APPLICABLE,NOT APPLICABLE,WORSE,MUCH BETTER,BETTER,WORSE,NO,NO,NO
10103414,YES,1ST HALF DEC,1ST HALF JUN,TOO LITTLE,AT THE RIGHT TIME,TOO EARLY,YES,,,YES,50,0,0,NO,MORE,MORE,ABOUT THE SAME NUMBER,ABOUT THE SAME NUMBER,ABOUT THE SAME NUMBER,ABOUT THE SAME,ABOUT THE SAME,ABOUT THE SAME,NOT APPLICABLE,MUCH BETTER,MUCH BETTER,MUCH BETTER,NOT APPLICABLE,MUCH WORSE,MUCH BETTER,WORSE,MUCH BETTER,BETTER,WORSE,NO,NO,YES
10104150,YES,2ND HALF DEC,1ST HALF JUN,TOO LITTLE,TOO LATE,TOO EARLY,NO,8,KM,NO,,0,0,NO,ABOUT THE SAME NUMBER,ABOUT THE SAME NUMBER,ABOUT THE SAME NUMBER,ABOUT THE SAME NUMBER,ABOUT THE SAME NUMBER,ABOUT THE SAME,ABOUT THE SAME,ABOUT THE SAME,NOT APPLICABLE,ABOUT THE SAME,MUCH BETTER,ABOUT THE SAME,NOT APPLICABLE,NOT APPLICABLE,ABOUT THE SAME,WORSE,ABOUT THE SAME,WORSE,WORSE,NO,NO,NO
10201688,YES,1ST HALF DEC,2ND HALF MAR,TOO LITTLE,TOO EARLY,TOO EARLY,YES,,,NO,,0,0,NO,MORE,MORE,MORE,ABOUT THE SAME NUMBER,ABOUT THE SAME NUMBER,MUCH BETTER,NOT APPLICABLE,MUCH BETTER,NOT APPLICABLE,WORSE,MUCH BETTER,BETTER,NOT APPLICABLE,NOT APPLICABLE,MUCH BETTER,WORSE,MUCH WORSE,WORSE,NOT APPLICABLE,NO,NO,NO
10202514,YES,1ST HALF DEC,2ND HALF MAR,THE RIGHT AMOUNT,AT THE RIGHT TIME,TOO EARLY,NO,4,KM,NO,,0,0,NO,ABOUT THE SAME NUMBER,ABOUT THE SAME NUMBER,ABOUT THE SAME NUMBER,NOT APPLICABLE,ABOUT THE SAME NUMBER,WORSE,NOT APPLICABLE,WORSE,WORSE,WORSE,ABOUT THE SAME,WORSE,WORSE,WORSE,WORSE,WORSE,BETTER,WORSE,WORSE,NO,NO,NO
10203176,YES,1ST HALF DEC,2ND HALF MAY,TOO LITTLE,TOO LATE,TOO EARLY,NO,100,METER,NO,,0,0,NO,MORE,MORE,MORE,ABOUT THE SAME NUMBER,MORE,MUCH BETTER,MUCH BETTER,MUCH BETTER,NOT APPLICABLE,MUCH BETTER,MUCH BETTER,MUCH BETTER,NOT APPLICABLE,NOT APPLICABLE,MUCH BETTER,MUCH WORSE,ABOUT THE SAME,BETTER,NOT APPLICABLE,NO,NO,NO
10203744,YES,2ND HALF DEC,1ST HALF MAY,TOO LITTLE,TOO LATE,TOO EARLY,NO,8,KM,NO,,0,0,NO,ABOUT THE SAME NUMBER,ABOUT THE SAME NUMBER,MORE,ABOUT THE SAME NUMBER,ABOUT THE SAME NUMBER,MUCH BETTER,MUCH BETTER,MUCH BETTER,NOT APPLICABLE,BETTER,MUCH BETTER,BETTER,NOT APPLICABLE,NOT APPLICABLE,MUCH BETTER,WORSE,WORSE,WORSE,WORSE,NO,NO,YES
10204322,YES,1ST HALF DEC,2ND HALF APR,TOO LITTLE,TOO LATE,TOO EARLY,YES,,,NO,,0,0,NO,MORE,MORE,MORE,ABOUT THE SAME NUMBER,ABOUT THE SAME NUMBER,MUCH BETTER,MUCH BETTER,MUCH BETTER,NOT APPLICABLE,WORSE,MUCH BETTER,BETTER,NOT APPLICABLE,NOT APPLICABLE,BETTER,WORSE,BETTER,BETTER,ABOUT THE SAME,NO,NO,NO
10204586,YES,2ND HALF DEC,1ST HALF APR,TOO MUCH,AT THE RIGHT TIME,TOO LATE,YES,,,NO,,0,0,NO,ABOUT THE SAME NUMBER,ABOUT THE SAME NUMBER,ABOUT THE SAME NUMBER,ABOUT THE SAME NUMBER,ABOUT THE SAME NUMBER,ABOUT THE SAME,ABOUT THE SAME,ABOUT THE SAME,NOT APPLICABLE,ABOUT THE SAME,MUCH BETTER,MUCH BETTER,NOT APPLICABLE,NOT APPLICABLE,WORSE,WORSE,ABOUT THE SAME,MUCH WORSE,MUCH BETTER,NO,NO,NO
10220103,YES,1ST HALF JAN,1ST HALF MAY,TOO LITTLE,TOO EARLY,TOO LATE,NO,1,KM,NO,,0,0,NO,MORE,MORE,MORE,ABOUT THE SAME NUMBER,MORE,WORSE,WORSE,WORSE,NOT APPLICABLE,BETTER,MUCH BETTER,MUCH BETTER,NOT APPLICABLE,NOT APPLICABLE,MUCH BETTER,WORSE,BETTER,WORSE,BETTER,NO,NO,YES
10220705,YES,1ST HALF DEC,2ND HALF APR,THE RIGHT AMOUNT,AT THE RIGHT TIME,AT THE RIGHT TIME,NO,20,METER,NO,,0,1,NO,ABOUT THE SAME NUMBER,MORE,MORE,MORE,MORE,MUCH WORSE,MUCH WORSE,MUCH WORSE,WORSE,WORSE,BETTER,BETTER,NOT APPLICABLE,NOT APPLICABLE,WORSE,WORSE,MUCH WORSE,BETTER,WORSE,NO,NO,NO
10301663,YES,1ST HALF DEC,1ST HALF APR,TOO MUCH,TOO LATE,TOO LATE,YES,,,YES,15,0,0,NO,NOT APPLICABLE,NOT APPLICABLE,ABOUT THE SAME NUMBER,NOT APPLICABLE,NOT APPLICABLE,MUCH BETTER,MUCH BETTER,MUCH BETTER,WORSE,MUCH BETTER,BETTER,BETTER,ABOUT THE SAME,ABOUT THE SAME,BETTER,BETTER,WORSE,BETTER,ABOUT THE SAME,NO,NO,NO
10302010,YES,2ND HALF DEC,1ST HALF MAY,THE RIGHT AMOUNT,TOO LATE,TOO LATE,NO,8,KM,NO,,0,0,NO,NOT APPLICABLE,NOT APPLICABLE,NOT APPLICABLE,NOT APPLICABLE,NOT APPLICABLE,WORSE,NOT APPLICABLE,BETTER,WORSE,BETTER,BETTER,NOT APPLICABLE,WORSE,NOT APPLICABLE,BETTER,BETTER,BETTER,BETTER,BETTER,NO,NO,NO
10304012,YES,2ND HALF DEC,1ST HALF APR,TOO LITTLE,TOO EARLY,TOO EARLY,YES,,,YES,40,0,0,NO,ABOUT THE SAME NUMBER,ABOUT THE SAME NUMBER,ABOUT THE SAME NUMBER,LESS,LESS,MUCH BETTER,MUCH BETTER,MUCH BETTER,MUCH BETTER,MUCH BETTER,MUCH BETTER,MUCH BETTER,MUCH BETTER,MUCH BETTER,MUCH BETTER,MUCH BETTER,WORSE,WORSE,ABOUT THE SAME,NO,NO,YES
10305446,YES,1ST HALF NOV,2ND HALF MAR,TOO LITTLE,TOO LATE,TOO EARLY,YES,,,NO,,0,0,NO,ABOUT THE SAME NUMBER,ABOUT THE SAME NUMBER,ABOUT THE SAME NUMBER,NOT APPLICABLE,ABOUT THE SAME NUMBER,BETTER,BETTER,BETTER,BETTER,BETTER,BETTER,BETTER,WORSE,NOT APPLICABLE,BETTER,WORSE,WORSE,WORSE,BETTER,NO,NO,NO
10307413,YES,2ND HALF NOV,2ND HALF MAR,TOO LITTLE,TOO EARLY,AT THE RIGHT TIME,YES,,,NO,,2,2,YES,LESS,LESS,LESS,NOT APPLICABLE,LESS,BETTER,BETTER,BETTER,BETTER,BETTER,BETTER,NOT APPLICABLE,WORSE,WORSE,WORSE,BETTER,BETTER,BETTER,BETTER,NO,NO,NO
10308636,YES,2ND HALF DEC,1ST HALF MAY,THE RIGHT AMOUNT,AT THE RIGHT TIME,TOO LATE,YES,,,YES,20,0,0,NO,MORE,MORE,LESS,NOT APPLICABLE,NOT APPLICABLE,BETTER,NOT APPLICABLE,BETTER,NOT APPLICABLE,BETTER,ABOUT THE SAME,ABOUT THE SAME,NOT APPLICABLE,NOT APPLICABLE,BETTER,BETTER,MUCH BETTER,WORSE,BETTER,NO,NO,NO
10401140,YES,2ND HALF DEC,2ND HALF JUN,TOO LITTLE,TOO LATE,TOO EARLY,YES,,,NO,,4,4,NO,ABOUT THE SAME NUMBER,ABOUT THE SAME NUMBER,MORE,MORE,MORE,MUCH BETTER,MUCH BETTER,MUCH BETTER,MUCH BETTER,MUCH BETTER,MUCH BETTER,BETTER,BETTER,BETTER,BETTER,BETTER,WORSE,MUCH BETTER,BETTER,NO,NO,NO
10401502,YES,1ST HALF DEC,2ND HALF JUN,THE RIGHT AMOUNT,AT THE RIGHT TIME,TOO LATE,NO,4,KM,NO,,0,0,NO,LESS,LESS,ABOUT THE SAME NUMBER,ABOUT THE SAME NUMBER,LESS,WORSE,WORSE,WORSE,WORSE,WORSE,ABOUT THE SAME,ABOUT THE SAME,WORSE,NOT APPLICABLE,NOT APPLICABLE,BETTER,MUCH BETTER,WORSE,NOT APPLICABLE,"YES, BUT NOT IF HH IS IN NEED","YES, BUT NOT IF HH IS IN NEED","YES, BUT NOT IF HH IS IN NEED"
10401522,YES,1ST HALF DEC,1ST HALF MAY,TOO LITTLE,TOO LATE,TOO EARLY,NO,15,KM,NO,,0,0,NO,MORE,MORE,MORE,MORE,ABOUT THE SAME NUMBER,WORSE,WORSE,WORSE,WORSE,WORSE,BETTER,ABOUT THE SAME,ABOUT THE SAME,BETTER,BETTER,ABOUT THE SAME,WORSE,BETTER,BETTER,NO,NO,NO
10404186,YES,2ND HALF DEC,1ST HALF APR,TOO MUCH,AT THE RIGHT TIME,TOO EARLY,NO,3,KM,NO,,1,0,NO,LESS,NOT APPLICABLE,NOT APPLICABLE,NOT APPLICABLE,NOT APPLICABLE,BETTER,NOT APPLICABLE,BETTER,ABOUT THE SAME,BETTER,WORSE,ABOUT THE SAME,ABOUT THE SAME,ABOUT THE SAME,BETTER,NOT APPLICABLE,BETTER,ABOUT THE SAME,BETTER,NO,NO,NO
10405213,YES,2ND HALF DEC,2ND HALF JUN,TOO MUCH,AT THE RIGHT TIME,TOO LATE,NO,4,KM,YES,30,1,1,NO,LESS,LESS,MORE,MORE,ABOUT THE SAME NUMBER,BETTER,BETTER,BETTER,WORSE,BETTER,BETTER,BETTER,WORSE,ABOUT THE SAME,BETTER,ABOUT THE SAME,BETTER,BETTER,BETTER,NO,NO,NO
10501505,YES,2ND HALF NOV,1ST HALF JUN,THE RIGHT AMOUNT,TOO EARLY,TOO EARLY,NO,73,KM,YES,30,0,0,NO,LESS,LESS,LESS,LESS,LESS,WORSE,WORSE,WORSE,WORSE,WORSE,BETTER,BETTER,BETTER,WORSE,WORSE,WORSE,BETTER,BETTER,BETTER,NO,NO,NO
10501709,YES,1ST HALF DEC,1ST HALF MAY,TOO LITTLE,AT THE RIGHT TIME,AT THE RIGHT TIME,NO,3,KM,NO,,0,0,NO,MORE,MORE,MORE,ABOUT THE SAME NUMBER,ABOUT THE SAME NUMBER,WORSE,WORSE,WORSE,MUCH WORSE,WORSE,ABOUT THE SAME,WORSE,NOT APPLICABLE,NOT APPLICABLE,ABOUT THE SAME,WORSE,WORSE,ABOUT THE SAME,ABOUT THE SAME,NO,NO,NO
10502268,YES,2ND HALF NOV,1ST HALF MAY,THE RIGHT AMOUNT,AT THE RIGHT TIME,TOO EARLY,NO,4,KM,NO,,0,0,NO,ABOUT THE SAME NUMBER,ABOUT THE SAME NUMBER,LESS,ABOUT THE SAME NUMBER,ABOUT THE SAME NUMBER,WORSE,WORSE,WORSE,ABOUT THE SAME,ABOUT THE SAME,WORSE,ABOUT THE SAME,ABOUT THE SAME,ABOUT THE SAME,ABOUT THE SAME,WORSE,ABOUT THE SAME,WORSE,ABOUT THE SAME,NO,NO,NO
10502593,YES,2ND HALF DEC,1ST HALF MAY,TOO LITTLE,TOO EARLY,TOO EARLY,NO,10,KM,NO,,0,0,NO,LESS,LESS,LESS,LESS,LESS,WORSE,WORSE,WORSE,WORSE,WORSE,BETTER,BETTER,WORSE,WORSE,WORSE,BETTER,WORSE,WORSE,WORSE,NO,NO,NO
10503367,YES,2ND HALF NOV,2ND HALF JUN,TOO LITTLE,TOO LATE,TOO EARLY,NO,2,KM,NO,,0,0,NO,ABOUT THE SAME NUMBER,ABOUT THE SAME NUMBER,ABOUT THE SAME NUMBER,ABOUT THE SAME NUMBER,ABOUT THE SAME NUMBER,ABOUT THE SAME,MUCH BETTER,MUCH BETTER,MUCH BETTER,MUCH BETTER,BETTER,MUCH BETTER,MUCH BETTER,NOT APPLICABLE,BETTER,WORSE,ABOUT THE SAME,WORSE,ABOUT THE SAME,NO,NO,NO
10505136,YES,1ST HALF NOV,2ND HALF MAY,THE RIGHT AMOUNT,AT THE RIGHT TIME,TOO EARLY,NO,5,KM,YES,35,0,0,NO,ABOUT THE SAME NUMBER,ABOUT THE SAME NUMBER,MORE,ABOUT THE SAME NUMBER,ABOUT THE SAME NUMBER,BETTER,BETTER,WORSE,ABOUT THE SAME,ABOUT THE SAME,WORSE,WORSE,NOT APPLICABLE,NOT APPLICABLE,WORSE,WORSE,ABOUT THE SAME,WORSE,ABOUT THE SAME,NO,NO,NO
10505310,YES,2ND HALF NOV,1ST HALF JUN,TOO LITTLE,TOO LATE,TOO EARLY,NO,18,KM,NO,,0,0,NO,MORE,MORE,MORE,MORE,ABOUT THE SAME NUMBER,BETTER,BETTER,BETTER,ABOUT THE SAME,ABOUT THE SAME,WORSE,ABOUT THE SAME,WORSE,WORSE,BETTER,WORSE,BETTER,ABOUT THE SAME,ABOUT THE SAME,NO,NO,YES
10505508,YES,1ST HALF DEC,1ST HALF JUN,TOO LITTLE,TOO EARLY,TOO EARLY,YES,,,NO,,0,0,NO,LESS,LESS,LESS,LESS,LESS,BETTER,BETTER,BETTER,BETTER,BETTER,BETTER,BETTER,BETTER,BETTER,BETTER,BETTER,BETTER,BETTER,BETTER,NO,NO,NO
10507175,YES,2ND HALF DEC,2ND HALF APR,TOO LITTLE,TOO LATE,TOO EARLY,NO,15,KM,NO,,0,0,NO,LESS,LESS,LESS,LESS,LESS,WORSE,WORSE,WORSE,WORSE,WORSE,WORSE,WORSE,WORSE,WORSE,WORSE,WORSE,BETTER,WORSE,WORSE,NO,NO,NO
10507344,YES,2ND HALF DEC,2ND HALF JUN,TOO LITTLE,TOO EARLY,TOO LATE,NO,3,KM,NO,,0,0,NO,ABOUT THE SAME NUMBER,ABOUT THE SAME NUMBER,ABOUT THE SAME NUMBER,ABOUT THE SAME NUMBER,NOT APPLICABLE,ABOUT THE SAME,ABOUT THE SAME,ABOUT THE SAME,NOT APPLICABLE,ABOUT THE SAME,WORSE,WORSE,NOT APPLICABLE,NOT APPLICABLE,WORSE,ABOUT THE SAME,WORSE,ABOUT THE SAME,ABOUT THE SAME,NO,NO,"YES, BUT NOT IF HH IS IN NEED"
10509319,YES,2ND HALF NOV,1ST HALF JUN,THE RIGHT AMOUNT,TOO EARLY,AT THE RIGHT TIME,NO,6,KM,NO,,0,0,NO,MORE,MORE,MORE,ABOUT THE SAME NUMBER,MORE,WORSE,ABOUT THE SAME,BETTER,WORSE,WORSE,BETTER,WORSE,NOT APPLICABLE,NOT APPLICABLE,BETTER,ABOUT THE SAME,ABOUT THE SAME,WORSE,WORSE,NO,NO,NO
10510388,YES,2ND HALF DEC,2ND HALF JUN,TOO LITTLE,TOO LATE,TOO LATE,YES,,,NO,,0,0,NO,MORE,MORE,MORE,MORE,MORE,MUCH BETTER,MUCH BETTER,ABOUT THE SAME,WORSE,ABOUT THE SAME,MUCH BETTER,ABOUT THE SAME,WORSE,NOT APPLICABLE,ABOUT THE SAME,WORSE,MUCH WORSE,ABOUT THE SAME,ABOUT THE SAME,NO,NO,NO
10732192,YES,2ND HALF NOV,2ND HALF JUN,THE RIGHT AMOUNT,AT THE RIGHT TIME,AT THE RIGHT TIME,YES,,,NO,,1,0,NO,ABOUT THE SAME NUMBER,ABOUT THE SAME NUMBER,NOT APPLICABLE,NOT APPLICABLE,NOT APPLICABLE,BETTER,NOT APPLICABLE,NOT APPLICABLE,ABOUT THE SAME,ABOUT THE SAME,WORSE,WORSE,NOT APPLICABLE,NOT APPLICABLE,NOT APPLICABLE,NOT APPLICABLE,WORSE,WORSE,ABOUT THE SAME,NO,NO,NO
10733640,YES,2ND HALF NOV,2ND HALF APR,THE RIGHT AMOUNT,TOO EARLY,TOO LATE,NO,20,KM,NO,,0,0,NO,LESS,LESS,LESS,LESS,LESS,BETTER,BETTER,BETTER,WORSE,WORSE,BETTER,BETTER,WORSE,WORSE,WORSE,WORSE,BETTER,BETTER,BETTER,NO,NO,NO
10734370,YES,2ND HALF NOV,1ST HALF APR,TOO MUCH,TOO EARLY,TOO LATE,NO,2,MILE,NO,,0,0,NO,LESS,LESS,LESS,LESS,LESS,WORSE,WORSE,WORSE,WORSE,WORSE,BETTER,BETTER,WORSE,WORSE,BETTER,WORSE,BETTER,BETTER,WORSE,NO,NO,NO
10734762,YES,2ND HALF NOV,2ND HALF JUN,TOO LITTLE,TOO EARLY,TOO EARLY,NO,20,KM,NO,,0,0,NO,ABOUT THE SAME NUMBER,ABOUT THE SAME NUMBER,NOT APPLICABLE,NOT APPLICABLE,NOT APPLICABLE,NOT APPLICABLE,NOT APPLICABLE,NOT APPLICABLE,NOT APPLICABLE,NOT APPLICABLE,ABOUT THE SAME,NOT APPLICABLE,NOT APPLICABLE,NOT APPLICABLE,NOT APPLICABLE,NOT APPLICABLE,NOT APPLICABLE,NOT APPLICABLE,NOT APPLICABLE,NO,NO,NO
10735173,YES,1ST HALF DEC,1ST HALF JUN,THE RIGHT AMOUNT,TOO EARLY,TOO LATE,NO,8,KM,NO,,0,0,NO,ABOUT THE SAME NUMBER,ABOUT THE SAME NUMBER,ABOUT THE SAME NUMBER,ABOUT THE SAME NUMBER,ABOUT THE SAME NUMBER,ABOUT THE SAME,ABOUT THE SAME,ABOUT THE SAME,ABOUT THE SAME,ABOUT THE SAME,WORSE,WORSE,NOT APPLICABLE,NOT APPLICABLE,NOT APPLICABLE,NOT APPLICABLE,NOT APPLICABLE,NOT APPLICABLE,NOT APPLICABLE,NO,NO,NO
10736596,YES,1ST HALF NOV,2ND HALF JUN,TOO LITTLE,TOO EARLY,TOO LATE,NO,1,KM,NO,,0,0,NO,MORE,MORE,NOT APPLICABLE,NOT APPLICABLE,NOT APPLICABLE,MUCH WORSE,NOT APPLICABLE,NOT APPLICABLE,NOT APPLICABLE,NOT APPLICABLE,WORSE,ABOUT THE SAME,NOT APPLICABLE,NOT APPLICABLE,NOT APPLICABLE,NOT APPLICABLE,ABOUT THE SAME,ABOUT THE SAME,NOT APPLICABLE,NO,NO,NO
10741504,YES,1ST HALF DEC,1ST HALF MAY,TOO MUCH,AT THE RIGHT TIME,TOO LATE,NO,3,KM,NO,,0,0,NO,ABOUT THE SAME NUMBER,ABOUT THE SAME NUMBER,ABOUT THE SAME NUMBER,NOT APPLICABLE,NOT APPLICABLE,NOT APPLICABLE,NOT APPLICABLE,NOT APPLICABLE,NOT APPLICABLE,NOT APPLICABLE,ABOUT THE SAME,NOT APPLICABLE,NOT APPLICABLE,NOT APPLICABLE,NOT APPLICABLE,NOT APPLICABLE,NOT APPLICABLE,NOT APPLICABLE,NOT APPLICABLE,NO,NO,NO
10744649,YES,1ST HALF NOV,2ND HALF APR,TOO MUCH,TOO LATE,TOO LATE,NO,10,KM,NO,,0,0,NO,LESS,LESS,LESS,NOT APPLICABLE,LESS,WORSE,WORSE,WORSE,WORSE,WORSE,BETTER,WORSE,BETTER,WORSE,BETTER,BETTER,BETTER,WORSE,WORSE,NO,NO,NO
10746033,YES,2ND HALF NOV,2ND HALF MAY,THE RIGHT AMOUNT,AT THE RIGHT TIME,AT THE RIGHT TIME,NO,8,KM,NO,,0,0,NO,MORE,MORE,NOT APPLICABLE,NOT APPLICABLE,NOT APPLICABLE,WORSE,NOT APPLICABLE,WORSE,NOT APPLICABLE,WORSE,WORSE,WORSE,NOT APPLICABLE,NOT APPLICABLE,BETTER,NOT APPLICABLE,BETTER,WORSE,ABOUT THE SAME,NO,NO,NO
10746244,YES,1ST HALF DEC,2ND HALF MAY,THE RIGHT AMOUNT,TOO EARLY,TOO LATE,YES,,,NO,,1,1,NO,ABOUT THE SAME NUMBER,ABOUT THE SAME NUMBER,ABOUT THE SAME NUMBER,NOT APPLICABLE,NOT APPLICABLE,WORSE,NOT APPLICABLE,WORSE,ABOUT THE SAME,ABOUT THE SAME,WORSE,WORSE,WORSE,NOT APPLICABLE,WORSE,WORSE,WORSE,ABOUT THE SAME,ABOUT THE SAME,NO,NO,NO
20106042,YES,1ST HALF DEC,1ST HALF JUN,TOO MUCH,TOO EARLY,TOO LATE,NO,4,KM,NO,,0,0,NO,MORE,MORE,MORE,MORE,MORE,MUCH BETTER,BETTER,BETTER,BETTER,BETTER,BETTER,WORSE,BETTER,BETTER,BETTER,BETTER,BETTER,BETTER,BETTER,NO,NO,NO
20110620,YES,2ND HALF NOV,1ST HALF JUN,THE RIGHT AMOUNT,TOO EARLY,AT THE RIGHT TIME,NO,10,KM,NO,,0,0,NO,ABOUT THE SAME NUMBER,ABOUT THE SAME NUMBER,ABOUT THE SAME NUMBER,ABOUT THE SAME NUMBER,ABOUT THE SAME NUMBER,BETTER,WORSE,WORSE,WORSE,BETTER,BETTER,WORSE,MUCH WORSE,MUCH BETTER,ABOUT THE SAME,WORSE,WORSE,WORSE,MUCH WORSE,NO,NO,NO
20111718,YES,1ST HALF DEC,1ST HALF APR,THE RIGHT AMOUNT,AT THE RIGHT TIME,AT THE RIGHT TIME,NO,8,KM,YES,10,0,0,NO,ABOUT THE SAME NUMBER,ABOUT THE SAME NUMBER,ABOUT THE SAME NUMBER,ABOUT THE SAME NUMBER,LESS,WORSE,WORSE,WORSE,WORSE,WORSE,BETTER,WORSE,WORSE,BETTER,BETTER,ABOUT THE SAME,WORSE,ABOUT THE SAME,BETTER,YES,YES,YES
20112661,YES,1ST HALF DEC,1ST HALF MAY,THE RIGHT AMOUNT,AT THE RIGHT TIME,AT THE RIGHT TIME,NO,13,KM,NO,,0,0,NO,ABOUT THE SAME NUMBER,ABOUT THE SAME NUMBER,LESS,ABOUT THE SAME NUMBER,LESS,WORSE,WORSE,WORSE,WORSE,WORSE,WORSE,WORSE,WORSE,BETTER,BETTER,WORSE,ABOUT THE SAME,ABOUT THE SAME,WORSE,NO,NO,NO
20113112,YES,2ND HALF DEC,1ST HALF JUN,THE RIGHT AMOUNT,AT THE RIGHT TIME,AT THE RIGHT TIME,YES,,,NO,,0,0,NO,ABOUT THE SAME NUMBER,ABOUT THE SAME NUMBER,LESS,ABOUT THE SAME NUMBER,ABOUT THE SAME NUMBER,BETTER,BETTER,BETTER,BETTER,BETTER,BETTER,WORSE,WORSE,BETTER,BETTER,ABOUT THE SAME,WORSE,WORSE,WORSE,NO,NO,NO
20115434,YES,2ND HALF NOV,2ND HALF MAY,TOO MUCH,TOO EARLY,AT THE RIGHT TIME,NO,11,KM,NO,,0,0,NO,MORE,MORE,MORE,MORE,MORE,MUCH WORSE,MUCH WORSE,WORSE,WORSE,WORSE,WORSE,WORSE,WORSE,BETTER,BETTER,WORSE,WORSE,WORSE,WORSE,NO,NO,NO
20205207,YES,2ND HALF NOV,2ND HALF APR,TOO MUCH,TOO LATE,AT THE RIGHT TIME,NO,5,KM,NO,,0,0,NO,LESS,MORE,MORE,LESS,LESS,MUCH WORSE,WORSE,WORSE,WORSE,WORSE,WORSE,WORSE,WORSE,NOT APPLICABLE,WORSE,WORSE,BETTER,WORSE,BETTER,NO,YES,YES
20206362,YES,2ND HALF NOV,2ND HALF MAY,THE RIGHT AMOUNT,AT THE RIGHT TIME,AT THE RIGHT TIME,YES,,,NO,,0,0,NO,LESS,LESS,LESS,MORE,NOT APPLICABLE,BETTER,BETTER,BETTER,NOT APPLICABLE,MUCH WORSE,BETTER,BETTER,MUCH WORSE,NOT APPLICABLE,BETTER,WORSE,BETTER,MUCH WORSE,BETTER,YES,YES,YES
20302539,YES,1ST HALF DEC,2ND HALF JUN,TOO LITTLE,TOO EARLY,TOO EARLY,YES,,,NO,,0,0,NO,ABOUT THE SAME NUMBER,ABOUT THE SAME NUMBER,MORE,MORE,MORE,WORSE,NOT APPLICABLE,WORSE,NOT APPLICABLE,MUCH BETTER,WORSE,BETTER,NOT APPLICABLE,NOT APPLICABLE,BETTER,WORSE,BETTER,WORSE,BETTER,NO,NO,NO
20303065,YES,1ST HALF DEC,1ST HALF JUN,THE RIGHT AMOUNT,TOO LATE,TOO EARLY,NO,16,KM,YES,150,0,0,YES,NOT APPLICABLE,NOT APPLICABLE,MORE,MORE,MORE,BETTER,BETTER,BETTER,BETTER,BETTER,BETTER,WORSE,BETTER,WORSE,BETTER,WORSE,BETTER,BETTER,BETTER,YES,YES,YES
20305301,YES,1ST HALF DEC,1ST HALF JUN,TOO LITTLE,TOO LATE,AT THE RIGHT TIME,YES,,,NO,,0,0,NO,NOT APPLICABLE,NOT APPLICABLE,LESS,LESS,LESS,BETTER,BETTER,BETTER,NOT APPLICABLE,WORSE,BETTER,WORSE,WORSE,NOT APPLICABLE,BETTER,WORSE,BETTER,WORSE,BETTER,NO,NO,YES
20306557,YES,1ST HALF DEC,2ND HALF MAY,TOO MUCH,TOO EARLY,TOO EARLY,NO,4,KM,NO,,0,0,NO,NOT APPLICABLE,NOT APPLICABLE,MORE,MORE,MORE,BETTER,WORSE,WORSE,WORSE,WORSE,WORSE,BETTER,WORSE,NOT APPLICABLE,BETTER,WORSE,WORSE,WORSE,BETTER,NO,NO,YES
20402198,YES,2ND HALF NOV,1ST HALF MAY,THE RIGHT AMOUNT,TOO EARLY,AT THE RIGHT TIME,YES,,,NO,,0,0,NO,ABOUT THE SAME NUMBER,ABOUT THE SAME NUMBER,LESS,ABOUT THE SAME NUMBER,LESS,WORSE,WORSE,WORSE,WORSE,WORSE,WORSE,WORSE,WORSE,BETTER,WORSE,ABOUT THE SAME,WORSE,ABOUT THE SAME,WORSE,NO,NO,NO
20404032,YES,1ST HALF DEC,1ST HALF MAY,THE RIGHT AMOUNT,AT THE RIGHT TIME,AT THE RIGHT TIME,YES,,,NO,,0,0,NO,ABOUT THE SAME NUMBER,ABOUT THE SAME NUMBER,LESS,ABOUT THE SAME NUMBER,LESS,MUCH WORSE,MUCH WORSE,MUCH WORSE,MUCH WORSE,MUCH WORSE,BETTER,WORSE,MUCH WORSE,BETTER,BETTER,ABOUT THE SAME,BETTER,MUCH WORSE,ABOUT THE SAME,YES,YES,"YES, BUT NOT IF HH IS IN NEED"
20404575,YES,1ST HALF DEC,1ST HALF MAY,THE RIGHT AMOUNT,AT THE RIGHT TIME,AT THE RIGHT TIME,YES,,,NO,,0,0,NO,ABOUT THE SAME NUMBER,ABOUT THE SAME NUMBER,ABOUT THE SAME NUMBER,ABOUT THE SAME NUMBER,LESS,WORSE,WORSE,WORSE,WORSE,WORSE,BETTER,WORSE,WORSE,BETTER,BETTER,ABOUT THE SAME,WORSE,WORSE,WORSE,NO,NO,NO
20405366,YES,1ST HALF DEC,2ND HALF MAY,THE RIGHT AMOUNT,TOO LATE,TOO LATE,YES,,,YES,30,0,0,NO,ABOUT THE SAME NUMBER,ABOUT THE SAME NUMBER,ABOUT THE SAME NUMBER,ABOUT THE SAME NUMBER,ABOUT THE SAME NUMBER,WORSE,WORSE,WORSE,WORSE,WORSE,BETTER,BETTER,WORSE,BETTER,BETTER,WORSE,BETTER,WORSE,WORSE,NO,NO,NO
20407398,YES,1ST HALF DEC,1ST HALF MAY,THE RIGHT AMOUNT,AT THE RIGHT TIME,AT THE RIGHT TIME,NO,5,KM,NO,,0,0,NO,ABOUT THE SAME NUMBER,ABOUT THE SAME NUMBER,LESS,ABOUT THE SAME NUMBER,LESS,WORSE,WORSE,WORSE,WORSE,WORSE,BETTER,WORSE,WORSE,ABOUT THE SAME,BETTER,WORSE,BETTER,BETTER,MUCH WORSE,NO,NO,NO
20407481,YES,2ND HALF NOV,2ND HALF MAY,TOO MUCH,TOO LATE,TOO EARLY,YES,,,NO,,10,10,NO,MORE,MORE,LESS,ABOUT THE SAME NUMBER,LESS,BETTER,BETTER,BETTER,WORSE,BETTER,WORSE,MUCH WORSE,MUCH WORSE,BETTER,BETTER,ABOUT THE SAME,MUCH WORSE,WORSE,ABOUT THE SAME,NO,YES,NO
20507089,YES,1ST HALF DEC,1ST HALF MAY,THE RIGHT AMOUNT,AT THE RIGHT TIME,AT THE RIGHT TIME,YES,,,NO,,0,2,NO,LESS,LESS,MORE,NOT APPLICABLE,MORE,BETTER,NOT APPLICABLE,BETTER,BETTER,BETTER,BETTER,BETTER,BETTER,BETTER,BETTER,BETTER,BETTER,BETTER,BETTER,YES,YES,YES
20507459,YES,1ST HALF DEC,1ST HALF MAY,THE RIGHT AMOUNT,AT THE RIGHT TIME,AT THE RIGHT TIME,YES,,,NO,,3,3,NO,MORE,MORE,MORE,LESS,LESS,BETTER,BETTER,BETTER,BETTER,BETTER,MUCH BETTER,MUCH BETTER,BETTER,ABOUT THE SAME,BETTER,ABOUT THE SAME,ABOUT THE SAME,ABOUT THE SAME,ABOUT THE SAME,YES,YES,YES
20508349,YES,1ST HALF NOV,1ST HALF MAY,THE RIGHT AMOUNT,TOO EARLY,TOO EARLY,NO,5,KM,NO,,1,2,NO,LESS,MORE,MORE,LESS,MORE,ABOUT THE SAME,ABOUT THE SAME,BETTER,ABOUT THE SAME,ABOUT THE SAME,ABOUT THE SAME,BETTER,WORSE,NOT APPLICABLE,BETTER,ABOUT THE SAME,BETTER,BETTER,ABOUT THE SAME,"YES, BUT NOT IF HH IS IN NEED",YES,"YES, BUT NOT IF HH IS IN NEED"
20601141,YES,2ND HALF OCT,1ST HALF MAY,TOO MUCH,TOO EARLY,AT THE RIGHT TIME,NO,800,METER,NO,,2,2,NO,MORE,MORE,MORE,MORE,MORE,WORSE,WORSE,WORSE,WORSE,WORSE,WORSE,WORSE,MUCH WORSE,NOT APPLICABLE,MUCH BETTER,WORSE,MUCH BETTER,WORSE,WORSE,NO,NO,NO
20601626,YES,2ND HALF NOV,2ND HALF APR,THE RIGHT AMOUNT,TOO LATE,TOO EARLY,YES,,,NO,,6,7,NO,MORE,LESS,MORE,MORE,LESS,WORSE,WORSE,WORSE,WORSE,WORSE,BETTER,BETTER,WORSE,WORSE,BETTER,WORSE,WORSE,BETTER,WORSE,NO,NO,NO
20602363,YES,1ST HALF DEC,2ND HALF APR,TOO LITTLE,TOO EARLY,TOO EARLY,NO,5,KM,YES,16,6,3,NO,MORE,MORE,MORE,MORE,MORE,BETTER,BETTER,ABOUT THE SAME,MUCH WORSE,MUCH WORSE,WORSE,WORSE,WORSE,WORSE,BETTER,WORSE,WORSE,WORSE,WORSE,YES,NO,NO
20603090,YES,1ST HALF JAN,2ND HALF APR,TOO MUCH,TOO LATE,TOO EARLY,YES,,,NO,,0,0,NO,ABOUT THE SAME NUMBER,ABOUT THE SAME NUMBER,LESS,MORE,LESS,BETTER,WORSE,BETTER,WORSE,WORSE,BETTER,WORSE,WORSE,WORSE,MUCH BETTER,WORSE,BETTER,BETTER,WORSE,NO,NO,NO
20603533,YES,1ST HALF NOV,2ND HALF APR,THE RIGHT AMOUNT,TOO LATE,TOO LATE,YES,,,NO,,5,5,NO,MORE,MORE,MORE,MORE,MORE,BETTER,BETTER,BETTER,BETTER,BETTER,MUCH BETTER,MUCH BETTER,WORSE,WORSE,BETTER,WORSE,WORSE,BETTER,BETTER,NO,"YES, BUT NOT IF HH IS IN NEED",NO
20604638,YES,1ST HALF NOV,2ND HALF MAY,THE RIGHT AMOUNT,TOO EARLY,AT THE RIGHT TIME,YES,,,YES,25,6,6,NO,LESS,LESS,MORE,MORE,MORE,BETTER,BETTER,BETTER,WORSE,WORSE,BETTER,BETTER,WORSE,BETTER,BETTER,WORSE,BETTER,BETTER,WORSE,NO,NO,NO
20605302,YES,1ST HALF NOV,2ND HALF MAY,TOO MUCH,TOO EARLY,AT THE RIGHT TIME,NO,20,KM,NO,,0,0,NO,ABOUT THE SAME NUMBER,ABOUT THE SAME NUMBER,ABOUT THE SAME NUMBER,ABOUT THE SAME NUMBER,ABOUT THE SAME NUMBER,MUCH WORSE,MUCH WORSE,MUCH WORSE,MUCH WORSE,MUCH WORSE,ABOUT THE SAME,BETTER,MUCH WORSE,NOT APPLICABLE,BETTER,WORSE,BETTER,WORSE,WORSE,NO,NO,NO
20607260,YES,2ND HALF DEC,2ND HALF MAY,THE RIGHT AMOUNT,TOO LATE,TOO EARLY,YES,,,NO,,1,1,NO,ABOUT THE SAME NUMBER,ABOUT THE SAME NUMBER,MORE,NOT APPLICABLE,NOT APPLICABLE,WORSE,NOT APPLICABLE,WORSE,WORSE,WORSE,BETTER,NOT APPLICABLE,WORSE,NOT APPLICABLE,WORSE,NOT APPLICABLE,BETTER,WORSE,WORSE,YES,YES,YES
20607315,YES,1ST HALF NOV,2ND HALF APR,TOO MUCH,TOO EARLY,AT THE RIGHT TIME,YES,,,NO,,0,2,NO,ABOUT THE SAME NUMBER,ABOUT THE SAME NUMBER,LESS,LESS,MORE,WORSE,WORSE,WORSE,WORSE,WORSE,BETTER,WORSE,WORSE,NOT APPLICABLE,BETTER,BETTER,MUCH WORSE,WORSE,WORSE,YES,YES,NO
20610050,YES,1ST HALF NOV,2ND HALF APR,THE RIGHT AMOUNT,TOO LATE,AT THE RIGHT TIME,YES,,,NO,,3,3,NO,LESS,LESS,LESS,MORE,ABOUT THE SAME NUMBER,BETTER,BETTER,BETTER,WORSE,WORSE,BETTER,BETTER,BETTER,BETTER,BETTER,WORSE,BETTER,BETTER,MUCH WORSE,NO,NO,NO
20610249,YES,2ND HALF NOV,2ND HALF MAY,THE RIGHT AMOUNT,TOO LATE,AT THE RIGHT TIME,NO,5,KM,YES,53,1,2,NO,ABOUT THE SAME NUMBER,LESS,MORE,MORE,MORE,BETTER,BETTER,BETTER,WORSE,BETTER,BETTER,WORSE,WORSE,BETTER,WORSE,WORSE,WORSE,WORSE,WORSE,NO,NO,NO
20613324,YES,2ND HALF NOV,2ND HALF MAY,TOO MUCH,AT THE RIGHT TIME,AT THE RIGHT TIME,YES,,,YES,70,0,0,NO,ABOUT THE SAME NUMBER,ABOUT THE SAME NUMBER,MORE,MORE,MORE,BETTER,BETTER,BETTER,WORSE,WORSE,BETTER,ABOUT THE SAME,WORSE,NOT APPLICABLE,BETTER,WORSE,WORSE,ABOUT THE SAME,WORSE,YES,NO,NO
20614477,YES,2ND HALF NOV,2ND HALF APR,TOO LITTLE,TOO LATE,TOO EARLY,NO,7,KM,NO,,3,3,NO,ABOUT THE SAME NUMBER,ABOUT THE SAME NUMBER,LESS,LESS,MORE,BETTER,BETTER,BETTER,WORSE,BETTER,WORSE,WORSE,WORSE,NOT APPLICABLE,BETTER,WORSE,WORSE,WORSE,WORSE,NO,NO,NO
20615064,YES,1ST HALF NOV,1ST HALF MAY,TOO LITTLE,TOO LATE,TOO EARLY,YES,,,NO,,0,0,NO,LESS,LESS,LESS,MORE,LESS,BETTER,BETTER,BETTER,WORSE,BETTER,WORSE,MUCH WORSE,WORSE,BETTER,BETTER,BETTER,BETTER,MUCH BETTER,WORSE,NO,NO,NO
20615735,YES,1ST HALF DEC,2ND HALF APR,TOO LITTLE,TOO EARLY,TOO EARLY,YES,,,NO,,3,4,NO,LESS,MORE,MORE,MORE,LESS,BETTER,WORSE,WORSE,WORSE,WORSE,BETTER,WORSE,WORSE,WORSE,BETTER,WORSE,WORSE,WORSE,WORSE,NO,NO,NO
20702471,YES,1ST HALF NOV,2ND HALF APR,THE RIGHT AMOUNT,AT THE RIGHT TIME,AT THE RIGHT TIME,NO,10,KM,NO,,0,0,YES,ABOUT THE SAME NUMBER,ABOUT THE SAME NUMBER,LESS,ABOUT THE SAME NUMBER,LESS,MUCH WORSE,MUCH WORSE,MUCH WORSE,MUCH WORSE,MUCH WORSE,BETTER,WORSE,MUCH WORSE,BETTER,BETTER,WORSE,MUCH WORSE,ABOUT THE SAME,ABOUT THE SAME,YES,YES,NO
20704738,YES,2ND HALF NOV,1ST HALF MAY,TOO MUCH,AT THE RIGHT TIME,AT THE RIGHT TIME,NO,2,KM,NO,,0,0,NO,ABOUT THE SAME NUMBER,ABOUT THE SAME NUMBER,MORE,MORE,MORE,WORSE,WORSE,WORSE,MUCH WORSE,MUCH WORSE,ABOUT THE SAME,WORSE,MUCH WORSE,NOT APPLICABLE,BETTER,WORSE,ABOUT THE SAME,NOT APPLICABLE,NOT APPLICABLE,"YES, BUT NOT IF HH IS IN NEED","YES, BUT NOT IF HH IS IN NEED",NO
20705372,YES,2ND HALF NOV,2ND HALF APR,TOO MUCH,TOO LATE,AT THE RIGHT TIME,NO,3,KM,NO,,0,0,NO,MORE,MORE,MORE,MORE,MORE,WORSE,WORSE,WORSE,MUCH WORSE,MUCH WORSE,WORSE,WORSE,MUCH WORSE,NOT APPLICABLE,BETTER,WORSE,ABOUT THE SAME,ABOUT THE SAME,NOT APPLICABLE,NO,NO,NO
20706163,YES,1ST HALF OCT,2ND HALF APR,TOO MUCH,TOO LATE,TOO EARLY,YES,,,YES,300,4,4,NO,ABOUT THE SAME NUMBER,ABOUT THE SAME NUMBER,LESS,LESS,LESS,BETTER,BETTER,BETTER,MUCH WORSE,BETTER,BETTER,BETTER,MUCH WORSE,MUCH WORSE,BETTER,BETTER,BETTER,BETTER,BETTER,NO,NO,NO
20801046,YES,1ST HALF DEC,2ND HALF APR,THE RIGHT AMOUNT,AT THE RIGHT TIME,AT THE RIGHT TIME,NO,7,KM,NO,,0,0,NO,ABOUT THE SAME NUMBER,ABOUT THE SAME NUMBER,MORE,MORE,MORE,BETTER,BETTER,BETTER,ABOUT THE SAME,BETTER,BETTER,BETTER,ABOUT THE SAME,BETTER,MUCH BETTER,ABOUT THE SAME,BETTER,BETTER,BETTER,"YES, BUT NOT IF HH IS IN NEED","YES, BUT NOT IF HH IS IN NEED","YES, BUT NOT IF HH IS IN NEED"
20802019,YES,1ST HALF DEC,2ND HALF APR,THE RIGHT AMOUNT,AT THE RIGHT TIME,AT THE RIGHT TIME,NO,10,KM,NO,,1,1,NO,LESS,LESS,LESS,LESS,LESS,BETTER,BETTER,BETTER,BETTER,BETTER,MUCH BETTER,MUCH BETTER,BETTER,ABOUT THE SAME,BETTER,WORSE,BETTER,BETTER,BETTER,"YES, BUT NOT IF HH IS IN NEED","YES, BUT NOT IF HH IS IN NEED","YES, BUT NOT IF HH IS IN NEED"
20803156,YES,1ST HALF DEC,2ND HALF APR,THE RIGHT AMOUNT,AT THE RIGHT TIME,AT THE RIGHT TIME,NO,10,KM,NO,,0,0,NO,MORE,MORE,MORE,LESS,MORE,MUCH BETTER,MUCH BETTER,MUCH BETTER,MUCH BETTER,MUCH BETTER,MUCH BETTER,MUCH BETTER,BETTER,BETTER,BETTER,BETTER,BETTER,BETTER,BETTER,YES,YES,YES
20804405,NO,,,,,,,,,,,,,,,,,,,,,,,,,,,,,,,,,,,
20804768,YES,1ST HALF DEC,1ST HALF MAY,THE RIGHT AMOUNT,AT THE RIGHT TIME,AT THE RIGHT TIME,YES,,,NO,,4,4,NO,MORE,MORE,MORE,MORE,MORE,BETTER,BETTER,BETTER,ABOUT THE SAME,BETTER,BETTER,BETTER,ABOUT THE SAME,ABOUT THE SAME,BETTER,BETTER,BETTER,BETTER,BETTER,"YES, BUT NOT IF HH IS IN NEED","YES, BUT NOT IF HH IS IN NEED","YES, BUT NOT IF HH IS IN NEED"
20806131,YES,1ST HALF NOV,1ST HALF JUN,THE RIGHT AMOUNT,AT THE RIGHT TIME,AT THE RIGHT TIME,NO,8,KM,NO,,1,1,NO,ABOUT THE SAME NUMBER,MORE,MORE,ABOUT THE SAME NUMBER,ABOUT THE SAME NUMBER,ABOUT THE SAME,ABOUT THE SAME,ABOUT THE SAME,BETTER,BETTER,ABOUT THE SAME,BETTER,ABOUT THE SAME,ABOUT THE SAME,BETTER,WORSE,ABOUT THE SAME,WORSE,ABOUT THE SAME,"YES, BUT NOT IF HH IS IN NEED",YES,"YES, BUT NOT IF HH IS IN NEED"
20807727,YES,1ST HALF NOV,1ST HALF APR,TOO LITTLE,TOO LATE,AT THE RIGHT TIME,NO,10,KM,NO,,1,1,NO,MORE,MORE,MORE,MORE,MORE,WORSE,MUCH WORSE,WORSE,WORSE,WORSE,BETTER,MUCH BETTER,ABOUT THE SAME,WORSE,ABOUT THE SAME,WORSE,BETTER,BETTER,BETTER,NO,NO,NO
20808421,YES,1ST HALF DEC,1ST HALF MAY,THE RIGHT AMOUNT,AT THE RIGHT TIME,AT THE RIGHT TIME,NO,12,KM,NO,,0,0,NO,MORE,MORE,MORE,NOT APPLICABLE,MORE,BETTER,NOT APPLICABLE,BETTER,BETTER,BETTER,BETTER,BETTER,ABOUT THE SAME,WORSE,BETTER,BETTER,BETTER,BETTER,BETTER,"YES, BUT NOT IF HH IS IN NEED","YES, BUT NOT IF HH IS IN NEED","YES, BUT NOT IF HH IS IN NEED"
20903583,YES,1ST HALF NOV,1ST HALF MAY,TOO LITTLE,TOO LATE,TOO EARLY,NO,3,KM,NO,,0,0,NO,NOT APPLICABLE,NOT APPLICABLE,NOT APPLICABLE,NOT APPLICABLE,NOT APPLICABLE,ABOUT THE SAME,ABOUT THE SAME,ABOUT THE SAME,ABOUT THE SAME,ABOUT THE SAME,WORSE,WORSE,WORSE,NOT APPLICABLE,BETTER,WORSE,BETTER,WORSE,NOT APPLICABLE,NO,NO,NO
20906524,YES,2ND HALF OCT,1ST HALF APR,THE RIGHT AMOUNT,TOO EARLY,TOO EARLY,NO,3,KM,NO,,0,0,NO,MORE,NOT APPLICABLE,MORE,MORE,MORE,ABOUT THE SAME,ABOUT THE SAME,ABOUT THE SAME,BETTER,BETTER,BETTER,BETTER,NOT APPLICABLE,NOT APPLICABLE,BETTER,BETTER,MUCH WORSE,ABOUT THE SAME,NOT APPLICABLE,NO,NO,NO
20906605,YES,2ND HALF NOV,1ST HALF MAY,TOO LITTLE,TOO LATE,TOO EARLY,NO,6,KM,YES,30,0,0,NO,NOT APPLICABLE,NOT APPLICABLE,MORE,MORE,NOT APPLICABLE,BETTER,BETTER,BETTER,NOT APPLICABLE,ABOUT THE SAME,BETTER,BETTER,NOT APPLICABLE,NOT APPLICABLE,ABOUT THE SAME,WORSE,WORSE,WORSE,NOT APPLICABLE,NO,NO,NO
20908088,YES,1ST HALF NOV,1ST HALF MAY,THE RIGHT AMOUNT,AT THE RIGHT TIME,AT THE RIGHT TIME,YES,,,YES,150,0,2,NO,MORE,MORE,MORE,MORE,NOT APPLICABLE,MUCH BETTER,MUCH BETTER,MUCH BETTER,NOT APPLICABLE,ABOUT THE SAME,ABOUT THE SAME,ABOUT THE SAME,NOT APPLICABLE,NOT APPLICABLE,MUCH BETTER,WORSE,MUCH BETTER,WORSE,NOT APPLICABLE,NO,NO,NO
20908119,YES,1ST HALF NOV,1ST HALF MAY,THE RIGHT AMOUNT,AT THE RIGHT TIME,AT THE RIGHT TIME,YES,,,NO,,0,0,NO,NOT APPLICABLE,NOT APPLICABLE,MORE,ABOUT THE SAME NUMBER,NOT APPLICABLE,ABOUT THE SAME,ABOUT THE SAME,WORSE,WORSE,WORSE,BETTER,BETTER,NOT APPLICABLE,NOT APPLICABLE,MUCH BETTER,WORSE,WORSE,WORSE,NOT APPLICABLE,NO,NO,NO
20909113,YES,1ST HALF NOV,1ST HALF APR,THE RIGHT AMOUNT,AT THE RIGHT TIME,AT THE RIGHT TIME,YES,,,NO,,0,0,NO,NOT APPLICABLE,NOT APPLICABLE,LESS,NOT APPLICABLE,NOT APPLICABLE,BETTER,BETTER,BETTER,NOT APPLICABLE,NOT APPLICABLE,BETTER,BETTER,NOT APPLICABLE,NOT APPLICABLE,BETTER,WORSE,WORSE,WORSE,NOT APPLICABLE,NO,NO,NO
21037030,NO,,,,,,,,,,,,,,,,,,,,,,,,,,,,,,,,,,,
21037536,YES,2ND HALF NOV,2ND HALF APR,THE RIGHT AMOUNT,AT THE RIGHT TIME,AT THE RIGHT TIME,NO,4,KM,NO,,0,2,NO,MORE,MORE,NOT APPLICABLE,NOT APPLICABLE,NOT APPLICABLE,NOT APPLICABLE,NOT APPLICABLE,NOT APPLICABLE,NOT APPLICABLE,NOT APPLICABLE,ABOUT THE SAME,NOT APPLICABLE,NOT APPLICABLE,NOT APPLICABLE,NOT APPLICABLE,NOT APPLICABLE,ABOUT THE SAME,WORSE,WORSE,YES,YES,NO
21048764,YES,2ND HALF NOV,2ND HALF APR,THE RIGHT AMOUNT,AT THE RIGHT TIME,TOO LATE,NO,4,KM,NO,,2,2,NO,MORE,MORE,MORE,MORE,NOT APPLICABLE,NOT APPLICABLE,NOT APPLICABLE,NOT APPLICABLE,NOT APPLICABLE,NOT APPLICABLE,NOT APPLICABLE,NOT APPLICABLE,NOT APPLICABLE,NOT APPLICABLE,NOT APPLICABLE,NOT APPLICABLE,NOT APPLICABLE,NOT APPLICABLE,WORSE,NO,NO,NO
21051203,NO,,,,,,,,,,,,,,,,,,,,,,,,,,,,,,,,,,,
21052427,YES,2ND HALF NOV,2ND HALF APR,THE RIGHT AMOUNT,AT THE RIGHT TIME,AT THE RIGHT TIME,NO,1,KM,NO,,0,0,NO,MORE,MORE,NOT APPLICABLE,NOT APPLICABLE,NOT APPLICABLE,NOT APPLICABLE,NOT APPLICABLE,NOT APPLICABLE,NOT APPLICABLE,NOT APPLICABLE,MUCH BETTER,NOT APPLICABLE,NOT APPLICABLE,NOT APPLICABLE,NOT APPLICABLE,NOT APPLICABLE,WORSE,MUCH WORSE,WORSE,YES,YES,NO
21053745,YES,2ND HALF NOV,2ND HALF APR,THE RIGHT AMOUNT,AT THE RIGHT TIME,AT THE RIGHT TIME,NO,4,KM,NO,,0,0,NO,MORE,MORE,NOT APPLICABLE,NOT APPLICABLE,NOT APPLICABLE,NOT APPLICABLE,NOT APPLICABLE,NOT APPLICABLE,NOT APPLICABLE,NOT APPLICABLE,MUCH BETTER,NOT APPLICABLE,NOT APPLICABLE,NOT APPLICABLE,NOT APPLICABLE,NOT APPLICABLE,ABOUT THE SAME,NOT APPLICABLE,NOT APPLICABLE,YES,YES,NO
21055241,YES,2ND HALF NOV,2ND HALF APR,THE RIGHT AMOUNT,AT THE RIGHT TIME,AT THE RIGHT TIME,NO,10,KM,NO,,0,0,NO,MORE,MORE,NOT APPLICABLE,NOT APPLICABLE,NOT APPLICABLE,NOT APPLICABLE,NOT APPLICABLE,NOT APPLICABLE,NOT APPLICABLE,NOT APPLICABLE,BETTER,NOT APPLICABLE,NOT APPLICABLE,NOT APPLICABLE,BETTER,NOT APPLICABLE,BETTER,ABOUT THE SAME,WORSE,NO,NO,NO
21055693,YES,1ST HALF DEC,1ST HALF MAY,THE RIGHT AMOUNT,AT THE RIGHT TIME,AT THE RIGHT TIME,NO,3,KM,NO,,0,0,NO,ABOUT THE SAME NUMBER,ABOUT THE SAME NUMBER,NOT APPLICABLE,NOT APPLICABLE,NOT APPLICABLE,NOT APPLICABLE,NOT APPLICABLE,NOT APPLICABLE,NOT APPLICABLE,NOT APPLICABLE,BETTER,NOT APPLICABLE,NOT APPLICABLE,NOT APPLICABLE,MUCH BETTER,NOT APPLICABLE,BETTER,WORSE,WORSE,YES,YES,NO
21066096,NO,,,,,,,,,,,,,,,,,,,,,,,,,,,,,,,,,,,
21066339,YES,1ST HALF DEC,2ND HALF APR,THE RIGHT AMOUNT,TOO EARLY,TOO LATE,NO,10,KM,NO,,0,0,NO,MORE,MORE,ABOUT THE SAME NUMBER,NOT APPLICABLE,ABOUT THE SAME NUMBER,MUCH WORSE,MUCH WORSE,MUCH WORSE,MUCH WORSE,MUCH WORSE,BETTER,BETTER,MUCH WORSE,NOT APPLICABLE,BETTER,MUCH WORSE,MUCH WORSE,MUCH WORSE,MUCH WORSE,YES,YES,NO
21074510,YES,2ND HALF NOV,2ND HALF APR,THE RIGHT AMOUNT,AT THE RIGHT TIME,AT THE RIGHT TIME,NO,8,KM,NO,,0,0,NO,MORE,MORE,NOT APPLICABLE,NOT APPLICABLE,NOT APPLICABLE,NOT APPLICABLE,NOT APPLICABLE,NOT APPLICABLE,NOT APPLICABLE,NOT APPLICABLE,BETTER,NOT APPLICABLE,NOT APPLICABLE,NOT APPLICABLE,NOT APPLICABLE,NOT APPLICABLE,WORSE,MUCH WORSE,MUCH WORSE,YES,YES,NO
21077725,NO,,,,,,,,,,,,,,,,,,,,,,,,,,,,,,,,,,,
21080308,YES,1ST HALF DEC,2ND HALF APR,THE RIGHT AMOUNT,TOO LATE,AT THE RIGHT TIME,NO,3,KM,NO,,0,0,NO,ABOUT THE SAME NUMBER,MORE,ABOUT THE SAME NUMBER,NOT APPLICABLE,NOT APPLICABLE,NOT APPLICABLE,NOT APPLICABLE,NOT APPLICABLE,NOT APPLICABLE,NOT APPLICABLE,ABOUT THE SAME,ABOUT THE SAME,NOT APPLICABLE,NOT APPLICABLE,NOT APPLICABLE,NOT APPLICABLE,BETTER,WORSE,WORSE,YES,YES,NO
21081573,NO,,,,,,,,,,,,,,,,,,,,,,,,,,,,,,,,,,,
21086069,YES,1ST HALF DEC,1ST HALF MAY,TOO LITTLE,AT THE RIGHT TIME,TOO EARLY,YES,,,NO,,0,0,NO,ABOUT THE SAME NUMBER,ABOUT THE SAME NUMBER,ABOUT THE SAME NUMBER,ABOUT THE SAME NUMBER,ABOUT THE SAME NUMBER,WORSE,WORSE,WORSE,WORSE,WORSE,BETTER,WORSE,WORSE,ABOUT THE SAME,BETTER,MUCH WORSE,WORSE,ABOUT THE SAME,ABOUT THE SAME,NO,NO,NO
21086436,YES,1ST HALF DEC,2ND HALF APR,THE RIGHT AMOUNT,TOO EARLY,AT THE RIGHT TIME,YES,,,NO,,0,0,NO,MORE,MORE,MORE,ABOUT THE SAME NUMBER,ABOUT THE SAME NUMBER,BETTER,ABOUT THE SAME,ABOUT THE SAME,MUCH WORSE,MUCH WORSE,ABOUT THE SAME,ABOUT THE SAME,MUCH WORSE,NOT APPLICABLE,BETTER,WORSE,WORSE,WORSE,ABOUT THE SAME,YES,YES,NO
21087531,YES,2ND HALF NOV,1ST HALF MAY,THE RIGHT AMOUNT,AT THE RIGHT TIME,AT THE RIGHT TIME,NO,2,KM,NO,,0,0,NO,MORE,MORE,NOT APPLICABLE,NOT APPLICABLE,NOT APPLICABLE,NOT APPLICABLE,NOT APPLICABLE,NOT APPLICABLE,NOT APPLICABLE,NOT APPLICABLE,BETTER,NOT APPLICABLE,NOT APPLICABLE,NOT APPLICABLE,ABOUT THE SAME,NOT APPLICABLE,ABOUT THE SAME,ABOUT THE SAME,WORSE,YES,YES,NO
21088597,YES,1ST HALF DEC,2ND HALF APR,THE RIGHT AMOUNT,TOO EARLY,TOO LATE,NO,7,KM,NO,,0,0,NO,MORE,MORE,MORE,NOT APPLICABLE,NOT APPLICABLE,WORSE,WORSE,WORSE,WORSE,WORSE,BETTER,ABOUT THE SAME,MUCH WORSE,NOT APPLICABLE,ABOUT THE SAME,WORSE,BETTER,ABOUT THE SAME,WORSE,YES,YES,NO
30101280,YES,1ST HALF DEC,2ND HALF APR,THE RIGHT AMOUNT,AT THE RIGHT TIME,TOO EARLY,YES,,,NO,,0,0,NO,MORE,LESS,ABOUT THE SAME NUMBER,ABOUT THE SAME NUMBER,ABOUT THE SAME NUMBER,ABOUT THE SAME,ABOUT THE SAME,ABOUT THE SAME,ABOUT THE SAME,ABOUT THE SAME,WORSE,NOT APPLICABLE,MUCH WORSE,BETTER,BETTER,BETTER,BETTER,MUCH WORSE,BETTER,NO,NO,NO
30101545,YES,2ND HALF NOV,2ND HALF APR,THE RIGHT AMOUNT,AT THE RIGHT TIME,AT THE RIGHT TIME,YES,,,NO,,0,0,NO,ABOUT THE SAME NUMBER,MORE,MORE,MORE,MORE,BETTER,BETTER,BETTER,ABOUT THE SAME,BETTER,BETTER,BETTER,ABOUT THE SAME,ABOUT THE SAME,BETTER,WORSE,WORSE,MUCH WORSE,BETTER,NO,NO,NO
30102028,YES,2ND HALF NOV,1ST HALF APR,THE RIGHT AMOUNT,AT THE RIGHT TIME,TOO EARLY,NO,11,KM,NO,,0,1,NO,MORE,MORE,MORE,MORE,MORE,WORSE,WORSE,WORSE,BETTER,WORSE,BETTER,BETTER,WORSE,NOT APPLICABLE,BETTER,WORSE,MUCH BETTER,WORSE,BETTER,NO,NO,YES
30102540,YES,1ST HALF DEC,1ST HALF MAY,TOO LITTLE,AT THE RIGHT TIME,TOO EARLY,NO,20,KM,NO,,0,0,NO,NOT APPLICABLE,NOT APPLICABLE,MORE,LESS,MORE,BETTER,BETTER,BETTER,NOT APPLICABLE,BETTER,BETTER,BETTER,NOT APPLICABLE,NOT APPLICABLE,BETTER,WORSE,BETTER,WORSE,WORSE,NO,NO,NO
30103074,YES,2ND HALF NOV,2ND HALF APR,THE RIGHT AMOUNT,AT THE RIGHT TIME,AT THE RIGHT TIME,YES,,,NO,,0,0,NO,ABOUT THE SAME NUMBER,ABOUT THE SAME NUMBER,MORE,MORE,ABOUT THE SAME NUMBER,ABOUT THE SAME,ABOUT THE SAME,ABOUT THE SAME,ABOUT THE SAME,ABOUT THE SAME,BETTER,BETTER,ABOUT THE SAME,WORSE,BETTER,WORSE,WORSE,WORSE,BETTER,NO,YES,YES
30104708,YES,1ST HALF NOV,1ST HALF APR,TOO LITTLE,AT THE RIGHT TIME,TOO EARLY,YES,,,YES,64,1,1,YES,ABOUT THE SAME NUMBER,ABOUT THE SAME NUMBER,ABOUT THE SAME NUMBER,ABOUT THE SAME NUMBER,ABOUT THE SAME NUMBER,ABOUT THE SAME,ABOUT THE SAME,ABOUT THE SAME,ABOUT THE SAME,ABOUT THE SAME,MUCH BETTER,MUCH BETTER,ABOUT THE SAME,ABOUT THE SAME,BETTER,WORSE,WORSE,WORSE,BETTER,NO,NO,NO
30105325,YES,2ND HALF NOV,1ST HALF APR,THE RIGHT AMOUNT,AT THE RIGHT TIME,TOO EARLY,NO,10,KM,NO,,0,0,NO,MORE,MORE,MORE,MORE,MORE,ABOUT THE SAME,BETTER,ABOUT THE SAME,ABOUT THE SAME,BETTER,BETTER,BETTER,ABOUT THE SAME,BETTER,BETTER,WORSE,WORSE,WORSE,BETTER,YES,NO,"YES, BUT NOT IF HH IS IN NEED"
30105448,YES,2ND HALF NOV,1ST HALF MAY,THE RIGHT AMOUNT,AT THE RIGHT TIME,TOO EARLY,NO,10,KM,NO,,0,0,NO,ABOUT THE SAME NUMBER,MORE,MORE,MORE,MORE,ABOUT THE SAME,ABOUT THE SAME,ABOUT THE SAME,ABOUT THE SAME,ABOUT THE SAME,BETTER,BETTER,ABOUT THE SAME,ABOUT THE SAME,BETTER,WORSE,WORSE,WORSE,BETTER,NO,NO,YES
30107624,YES,2ND HALF NOV,2ND HALF APR,TOO LITTLE,TOO LATE,TOO EARLY,NO,4,KM,NO,,0,0,NO,NOT APPLICABLE,NOT APPLICABLE,MORE,MORE,MORE,ABOUT THE SAME,ABOUT THE SAME,ABOUT THE SAME,NOT APPLICABLE,ABOUT THE SAME,BETTER,BETTER,NOT APPLICABLE,NOT APPLICABLE,BETTER,ABOUT THE SAME,BETTER,WORSE,WORSE,NO,NO,NO
30108401,YES,2ND HALF NOV,2ND HALF MAR,THE RIGHT AMOUNT,AT THE RIGHT TIME,TOO EARLY,NO,22,KM,NO,,0,0,NO,LESS,MORE,LESS,NOT APPLICABLE,MORE,WORSE,NOT APPLICABLE,WORSE,NOT APPLICABLE,WORSE,BETTER,WORSE,WORSE,WORSE,WORSE,WORSE,MUCH WORSE,WORSE,ABOUT THE SAME,NO,NO,YES
30109724,YES,2ND HALF NOV,2ND HALF APR,TOO LITTLE,AT THE RIGHT TIME,TOO EARLY,YES,,,NO,,0,0,NO,MORE,MORE,MORE,ABOUT THE SAME NUMBER,MORE,ABOUT THE SAME,ABOUT THE SAME,ABOUT THE SAME,ABOUT THE SAME,ABOUT THE SAME,BETTER,BETTER,BETTER,ABOUT THE SAME,BETTER,WORSE,WORSE,WORSE,MUCH BETTER,NO,NO,NO
30202252,YES,2ND HALF OCT,2ND HALF MAY,TOO LITTLE,TOO LATE,TOO EARLY,YES,,,NO,,0,0,NO,MORE,MORE,MORE,ABOUT THE SAME NUMBER,ABOUT THE SAME NUMBER,ABOUT THE SAME,ABOUT THE SAME,ABOUT THE SAME,ABOUT THE SAME,ABOUT THE SAME,MUCH BETTER,MUCH BETTER,ABOUT THE SAME,ABOUT THE SAME,BETTER,WORSE,WORSE,WORSE,BETTER,NO,NO,YES
30206341,YES,2ND HALF NOV,2ND HALF APR,THE RIGHT AMOUNT,AT THE RIGHT TIME,TOO EARLY,YES,,,NO,,3,3,NO,MORE,MORE,MORE,MORE,MORE,BETTER,BETTER,BETTER,BETTER,BETTER,BETTER,BETTER,ABOUT THE SAME,ABOUT THE SAME,BETTER,WORSE,ABOUT THE SAME,WORSE,BETTER,NO,NO,NO
30206572,YES,2ND HALF NOV,2ND HALF APR,THE RIGHT AMOUNT,TOO LATE,TOO EARLY,NO,10,KM,NO,,4,4,NO,MORE,MORE,MORE,MORE,ABOUT THE SAME NUMBER,BETTER,BETTER,ABOUT THE SAME,BETTER,WORSE,MUCH BETTER,BETTER,ABOUT THE SAME,WORSE,ABOUT THE SAME,WORSE,WORSE,WORSE,BETTER,"YES, BUT NOT IF HH IS IN NEED",NO,YES
30208396,YES,2ND HALF NOV,2ND HALF APR,TOO LITTLE,AT THE RIGHT TIME,TOO EARLY,NO,4,KM,NO,,0,0,NO,NOT APPLICABLE,NOT APPLICABLE,ABOUT THE SAME NUMBER,MORE,MORE,BETTER,BETTER,BETTER,NOT APPLICABLE,ABOUT THE SAME,BETTER,BETTER,NOT APPLICABLE,NOT APPLICABLE,BETTER,WORSE,BETTER,ABOUT THE SAME,WORSE,NO,NO,NO
30212307,YES,2ND HALF NOV,2ND HALF APR,THE RIGHT AMOUNT,AT THE RIGHT TIME,TOO EARLY,YES,,,NO,,0,0,NO,MORE,MORE,MORE,MORE,ABOUT THE SAME NUMBER,BETTER,BETTER,BETTER,ABOUT THE SAME,BETTER,MUCH BETTER,MUCH BETTER,ABOUT THE SAME,ABOUT THE SAME,BETTER,WORSE,WORSE,WORSE,BETTER,NO,NO,YES
30212492,YES,2ND HALF DEC,2ND HALF MAY,TOO LITTLE,AT THE RIGHT TIME,AT THE RIGHT TIME,YES,,,NO,,0,2,NO,MORE,MORE,MORE,MORE,LESS,ABOUT THE SAME,MUCH BETTER,ABOUT THE SAME,WORSE,ABOUT THE SAME,BETTER,BETTER,ABOUT THE SAME,ABOUT THE SAME,ABOUT THE SAME,WORSE,BETTER,ABOUT THE SAME,ABOUT THE SAME,"YES, BUT NOT IF HH IS IN NEED",NO,NO
30302601,YES,2ND HALF NOV,2ND HALF APR,THE RIGHT AMOUNT,AT THE RIGHT TIME,AT THE RIGHT TIME,NO,5,KM,NO,,3,3,NO,LESS,ABOUT THE SAME NUMBER,ABOUT THE SAME NUMBER,NOT APPLICABLE,ABOUT THE SAME NUMBER,WORSE,WORSE,ABOUT THE SAME,MUCH WORSE,MUCH WORSE,WORSE,BETTER,MUCH WORSE,NOT APPLICABLE,WORSE,WORSE,BETTER,WORSE,BETTER,NO,NO,YES
30305082,YES,2ND HALF NOV,2ND HALF APR,TOO LITTLE,TOO LATE,TOO EARLY,NO,45,KM,NO,,3,3,NO,LESS,MORE,MORE,MORE,MORE,WORSE,WORSE,WORSE,MUCH WORSE,WORSE,WORSE,WORSE,MUCH WORSE,NOT APPLICABLE,WORSE,BETTER,BETTER,WORSE,MUCH BETTER,NO,NO,NO
30305277,YES,2ND HALF OCT,2ND HALF MAY,THE RIGHT AMOUNT,AT THE RIGHT TIME,TOO EARLY,NO,2,KM,NO,,3,3,NO,LESS,MORE,MORE,MORE,MORE,WORSE,WORSE,WORSE,MUCH WORSE,MUCH WORSE,WORSE,WORSE,MUCH WORSE,NOT APPLICABLE,WORSE,WORSE,WORSE,BETTER,MUCH BETTER,NO,NO,YES
30305580,YES,2ND HALF NOV,1ST HALF MAY,THE RIGHT AMOUNT,AT THE RIGHT TIME,AT THE RIGHT TIME,YES,,,NO,,0,0,NO,LESS,LESS,LESS,LESS,LESS,WORSE,WORSE,WORSE,MUCH WORSE,WORSE,BETTER,ABOUT THE SAME,MUCH WORSE,NOT APPLICABLE,WORSE,WORSE,WORSE,MUCH BETTER,MUCH BETTER,NO,NO,NO
30306087,YES,1ST HALF DEC,1ST HALF MAY,TOO MUCH,AT THE RIGHT TIME,TOO EARLY,NO,4,KM,NO,,0,1,NO,LESS,LESS,ABOUT THE SAME NUMBER,NOT APPLICABLE,LESS,BETTER,NOT APPLICABLE,BETTER,MUCH WORSE,MUCH BETTER,WORSE,ABOUT THE SAME,MUCH WORSE,NOT APPLICABLE,BETTER,MUCH BETTER,BETTER,MUCH WORSE,MUCH BETTER,NO,NO,YES
30306555,YES,2ND HALF NOV,2ND HALF APR,TOO LITTLE,AT THE RIGHT TIME,TOO LATE,NO,25,KM,YES,10,1,1,NO,LESS,MORE,LESS,LESS,LESS,BETTER,NOT APPLICABLE,BETTER,WORSE,WORSE,BETTER,ABOUT THE SAME,WORSE,NOT APPLICABLE,WORSE,WORSE,ABOUT THE SAME,BETTER,ABOUT THE SAME,NO,NO,NO
30307678,YES,1ST HALF NOV,1ST HALF APR,TOO LITTLE,AT THE RIGHT TIME,TOO EARLY,NO,2,METER,YES,30,3,3,NO,LESS,LESS,LESS,NOT APPLICABLE,LESS,BETTER,WORSE,WORSE,WORSE,WORSE,BETTER,WORSE,WORSE,WORSE,WORSE,ABOUT THE SAME,BETTER,MUCH BETTER,WORSE,NO,NO,"YES, BUT NOT IF HH IS IN NEED"
30403444,YES,2ND HALF NOV,2ND HALF APR,THE RIGHT AMOUNT,AT THE RIGHT TIME,TOO EARLY,YES,,,NO,,0,0,NO,NOT APPLICABLE,NOT APPLICABLE,MORE,MORE,MORE,MUCH BETTER,WORSE,WORSE,WORSE,WORSE,MUCH WORSE,MUCH WORSE,MUCH WORSE,NOT APPLICABLE,BETTER,WORSE,MUCH WORSE,MUCH WORSE,MUCH WORSE,NO,NO,NO
30406710,YES,2ND HALF NOV,1ST HALF MAY,TOO MUCH,TOO EARLY,AT THE RIGHT TIME,NO,16,KM,NO,,0,0,NO,NOT APPLICABLE,NOT APPLICABLE,MORE,MORE,NOT APPLICABLE,WORSE,WORSE,WORSE,WORSE,WORSE,BETTER,BETTER,MUCH WORSE,MUCH WORSE,BETTER,MUCH WORSE,MUCH WORSE,MUCH WORSE,MUCH WORSE,NO,NO,NO
30501383,YES,1ST HALF NOV,2ND HALF MAR,THE RIGHT AMOUNT,TOO EARLY,TOO EARLY,YES,,,NO,,0,0,NO,NOT APPLICABLE,NOT APPLICABLE,ABOUT THE SAME NUMBER,NOT APPLICABLE,LESS,BETTER,NOT APPLICABLE,NOT APPLICABLE,BETTER,ABOUT THE SAME,BETTER,NOT APPLICABLE,WORSE,WORSE,WORSE,WORSE,BETTER,BETTER,ABOUT THE SAME,NO,NO,NO
30502456,YES,1ST HALF NOV,2ND HALF APR,THE RIGHT AMOUNT,TOO LATE,TOO EARLY,NO,10,KM,NO,,0,0,NO,NOT APPLICABLE,NOT APPLICABLE,LESS,NOT APPLICABLE,MORE,WORSE,WORSE,WORSE,NOT APPLICABLE,WORSE,MUCH WORSE,BETTER,MUCH WORSE,NOT APPLICABLE,BETTER,WORSE,BETTER,MUCH WORSE,NOT APPLICABLE,"YES, BUT NOT IF HH IS IN NEED","YES, BUT NOT IF HH IS IN NEED","YES, BUT NOT IF HH IS IN NEED"
30503685,YES,2ND HALF OCT,1ST HALF APR,TOO LITTLE,TOO LATE,TOO EARLY,NO,35,KM,NO,,0,0,NO,NOT APPLICABLE,NOT APPLICABLE,NOT APPLICABLE,NOT APPLICABLE,MORE,NOT APPLICABLE,NOT APPLICABLE,NOT APPLICABLE,NOT APPLICABLE,NOT APPLICABLE,MUCH WORSE,MUCH WORSE,NOT APPLICABLE,NOT APPLICABLE,BETTER,MUCH WORSE,MUCH WORSE,BETTER,MUCH WORSE,NO,NO,NO
30504518,YES,2ND HALF NOV,1ST HALF APR,TOO MUCH,TOO LATE,TOO EARLY,NO,7,KM,NO,,0,0,NO,NOT APPLICABLE,NOT APPLICABLE,MORE,NOT APPLICABLE,MORE,MUCH BETTER,NOT APPLICABLE,NOT APPLICABLE,ABOUT THE SAME,WORSE,WORSE,MUCH BETTER,WORSE,NOT APPLICABLE,MUCH BETTER,ABOUT THE SAME,MUCH WORSE,MUCH WORSE,ABOUT THE SAME,NO,NO,NO
30602235,YES,1ST HALF NOV,1ST HALF APR,TOO LITTLE,AT THE RIGHT TIME,TOO EARLY,NO,4,KM,YES,25,0,0,NO,NOT APPLICABLE,NOT APPLICABLE,NOT APPLICABLE,NOT APPLICABLE,NOT APPLICABLE,WORSE,WORSE,WORSE,WORSE,WORSE,MUCH BETTER,MUCH BETTER,NOT APPLICABLE,NOT APPLICABLE,MUCH BETTER,NOT APPLICABLE,WORSE,ABOUT THE SAME,WORSE,NO,NO,NO
30620196,YES,1ST HALF NOV,1ST HALF APR,TOO LITTLE,AT THE RIGHT TIME,TOO EARLY,YES,,,NO,,6,6,NO,MORE,MORE,MORE,NOT APPLICABLE,MORE,BETTER,NOT APPLICABLE,BETTER,NOT APPLICABLE,BETTER,BETTER,BETTER,NOT APPLICABLE,NOT APPLICABLE,BETTER,WORSE,BETTER,ABOUT THE SAME,BETTER,NO,NO,NO
30703381,YES,2ND HALF OCT,1ST HALF APR,THE RIGHT AMOUNT,AT THE RIGHT TIME,AT THE RIGHT TIME,YES,,,NO,,1,1,NO,LESS,LESS,MORE,NOT APPLICABLE,MORE,WORSE,NOT APPLICABLE,WORSE,WORSE,WORSE,MUCH BETTER,MUCH BETTER,ABOUT THE SAME,ABOUT THE SAME,ABOUT THE SAME,MUCH WORSE,MUCH BETTER,BETTER,MUCH BETTER,YES,YES,NO
30704313,YES,2ND HALF NOV,2ND HALF APR,TOO LITTLE,TOO LATE,TOO EARLY,YES,,,NO,,0,0,NO,MORE,MORE,MORE,NOT APPLICABLE,MORE,WORSE,NOT APPLICABLE,ABOUT THE SAME,NOT APPLICABLE,ABOUT THE SAME,BETTER,BETTER,WORSE,NOT APPLICABLE,BETTER,WORSE,BETTER,WORSE,WORSE,,,
30705391,NO,,,,,,,,,,,,,,,,,,,,,,,,,,,,,,,,,,,
30706619,YES,2ND HALF NOV,2ND HALF APR,TOO LITTLE,TOO LATE,AT THE RIGHT TIME,NO,7,KM,YES,11,0,0,NO,ABOUT THE SAME NUMBER,ABOUT THE SAME NUMBER,MORE,NOT APPLICABLE,MORE,ABOUT THE SAME,NOT APPLICABLE,ABOUT THE SAME,ABOUT THE SAME,MUCH WORSE,MUCH BETTER,BETTER,WORSE,ABOUT THE SAME,ABOUT THE SAME,MUCH WORSE,BETTER,BETTER,BETTER,NO,NO,NO
30708665,YES,1ST HALF DEC,2ND HALF MAR,TOO LITTLE,AT THE RIGHT TIME,TOO EARLY,NO,10,KM,YES,200,0,2,NO,MORE,LESS,LESS,LESS,MORE,MUCH BETTER,NOT APPLICABLE,BETTER,ABOUT THE SAME,WORSE,WORSE,ABOUT THE SAME,NOT APPLICABLE,NOT APPLICABLE,ABOUT THE SAME,WORSE,MUCH BETTER,MUCH BETTER,WORSE,NO,NO,NO
30709438,YES,2ND HALF NOV,1ST HALF JUN,TOO LITTLE,TOO LATE,TOO EARLY,NO,7,KM,NO,,2,1,NO,MORE,MORE,MORE,NOT APPLICABLE,MORE,WORSE,NOT APPLICABLE,WORSE,WORSE,MUCH WORSE,MUCH WORSE,BETTER,WORSE,NOT APPLICABLE,MUCH BETTER,WORSE,MUCH BETTER,BETTER,BETTER,NO,NO,NO
30710079,YES,2ND HALF NOV,2ND HALF APR,TOO LITTLE,AT THE RIGHT TIME,TOO EARLY,NO,6,KM,NO,,1,1,NO,LESS,LESS,MORE,NOT APPLICABLE,MORE,NOT APPLICABLE,NOT APPLICABLE,NOT APPLICABLE,NOT APPLICABLE,NOT APPLICABLE,BETTER,BETTER,NOT APPLICABLE,NOT APPLICABLE,MUCH BETTER,WORSE,BETTER,BETTER,WORSE,NO,NO,NO
30711684,YES,2ND HALF OCT,2ND HALF APR,TOO LITTLE,AT THE RIGHT TIME,TOO EARLY,NO,10,KM,NO,,0,0,NO,NOT APPLICABLE,NOT APPLICABLE,NOT APPLICABLE,NOT APPLICABLE,MORE,WORSE,NOT APPLICABLE,ABOUT THE SAME,NOT APPLICABLE,ABOUT THE SAME,BETTER,BETTER,WORSE,NOT APPLICABLE,WORSE,WORSE,MUCH BETTER,ABOUT THE SAME,WORSE,NO,NO,NO
30801672,YES,2ND HALF NOV,2ND HALF MAR,TOO LITTLE,TOO EARLY,TOO EARLY,NO,5,KM,NO,,0,0,NO,NOT APPLICABLE,NOT APPLICABLE,NOT APPLICABLE,NOT APPLICABLE,NOT APPLICABLE,ABOUT THE SAME,ABOUT THE SAME,ABOUT THE SAME,NOT APPLICABLE,ABOUT THE SAME,BETTER,BETTER,NOT APPLICABLE,NOT APPLICABLE,BETTER,ABOUT THE SAME,BETTER,ABOUT THE SAME,ABOUT THE SAME,NO,NO,NO
30801679,YES,2ND HALF OCT,2ND HALF APR,TOO LITTLE,TOO EARLY,TOO EARLY,NO,2,KM,NO,,0,0,NO,ABOUT THE SAME NUMBER,ABOUT THE SAME NUMBER,ABOUT THE SAME NUMBER,ABOUT THE SAME NUMBER,MORE,ABOUT THE SAME,ABOUT THE SAME,ABOUT THE SAME,NOT APPLICABLE,ABOUT THE SAME,MUCH BETTER,MUCH BETTER,NOT APPLICABLE,NOT APPLICABLE,MUCH BETTER,NOT APPLICABLE,BETTER,ABOUT THE SAME,BETTER,NO,NO,NO
30803115,YES,2ND HALF NOV,1ST HALF APR,TOO LITTLE,TOO LATE,TOO EARLY,NO,7,KM,NO,,0,0,NO,ABOUT THE SAME NUMBER,ABOUT THE SAME NUMBER,ABOUT THE SAME NUMBER,ABOUT THE SAME NUMBER,ABOUT THE SAME NUMBER,BETTER,NOT APPLICABLE,BETTER,NOT APPLICABLE,BETTER,BETTER,BETTER,NOT APPLICABLE,NOT APPLICABLE,BETTER,ABOUT THE SAME,WORSE,ABOUT THE SAME,BETTER,NO,NO,NO
30804416,YES,1ST HALF NOV,1ST HALF APR,TOO LITTLE,TOO LATE,TOO EARLY,NO,4,KM,NO,,0,0,NO,LESS,LESS,ABOUT THE SAME NUMBER,NOT APPLICABLE,MORE,BETTER,NOT APPLICABLE,ABOUT THE SAME,NOT APPLICABLE,BETTER,BETTER,BETTER,MUCH WORSE,NOT APPLICABLE,MUCH BETTER,WORSE,WORSE,ABOUT THE SAME,ABOUT THE SAME,"YES, BUT NOT IF HH IS IN NEED","YES, BUT NOT IF HH IS IN NEED","YES, BUT NOT IF HH IS IN NEED"
30805259,YES,1ST HALF NOV,2ND HALF MAR,THE RIGHT AMOUNT,TOO LATE,TOO LATE,NO,8,KM,NO,,0,0,NO,,,LESS,,,ABOUT THE SAME,ABOUT THE SAME,ABOUT THE SAME,ABOUT THE SAME,ABOUT THE SAME,BETTER,WORSE,MUCH WORSE,WORSE,MUCH BETTER,WORSE,WORSE,BETTER,BETTER,NO,NO,NO
30806611,YES,2ND HALF NOV,2ND HALF MAR,TOO LITTLE,TOO LATE,TOO LATE,NO,23,KM,NO,,1,0,NO,LESS,LESS,MORE,LESS,LESS,MUCH WORSE,MUCH WORSE,ABOUT THE SAME,ABOUT THE SAME,MUCH BETTER,MUCH WORSE,WORSE,ABOUT THE SAME,ABOUT THE SAME,WORSE,WORSE,MUCH WORSE,MUCH WORSE,MUCH WORSE,NO,NO,YES
30901054,YES,1ST HALF DEC,1ST HALF APR,TOO LITTLE,TOO EARLY,TOO EARLY,NO,5,KM,NO,,0,0,NO,ABOUT THE SAME NUMBER,ABOUT THE SAME NUMBER,ABOUT THE SAME NUMBER,ABOUT THE SAME NUMBER,ABOUT THE SAME NUMBER,BETTER,ABOUT THE SAME,BETTER,NOT APPLICABLE,ABOUT THE SAME,MUCH BETTER,WORSE,NOT APPLICABLE,NOT APPLICABLE,MUCH BETTER,ABOUT THE SAME,MUCH WORSE,WORSE,ABOUT THE SAME,NO,NO,NO
30901475,YES,1ST HALF NOV,2ND HALF APR,TOO LITTLE,TOO EARLY,TOO EARLY,NO,15,KM,NO,,0,0,NO,ABOUT THE SAME NUMBER,ABOUT THE SAME NUMBER,MORE,MORE,MORE,NOT APPLICABLE,NOT APPLICABLE,NOT APPLICABLE,NOT APPLICABLE,NOT APPLICABLE,MUCH BETTER,BETTER,NOT APPLICABLE,NOT APPLICABLE,BETTER,ABOUT THE SAME,BETTER,ABOUT THE SAME,BETTER,NO,NO,NO
30901603,YES,2ND HALF NOV,2ND HALF MAR,TOO LITTLE,TOO LATE,TOO EARLY,NO,5,KM,NO,,0,0,NO,ABOUT THE SAME NUMBER,ABOUT THE SAME NUMBER,ABOUT THE SAME NUMBER,ABOUT THE SAME NUMBER,ABOUT THE SAME NUMBER,BETTER,BETTER,BETTER,ABOUT THE SAME,BETTER,MUCH BETTER,WORSE,WORSE,ABOUT THE SAME,MUCH BETTER,NOT APPLICABLE,BETTER,ABOUT THE SAME,ABOUT THE SAME,NO,NO,NO
31001333,YES,2ND HALF NOV,2ND HALF MAR,TOO LITTLE,TOO LATE,TOO EARLY,NO,19,KM,NO,,0,0,NO,ABOUT THE SAME NUMBER,MORE,LESS,NOT APPLICABLE,LESS,MUCH WORSE,NOT APPLICABLE,MUCH WORSE,MUCH WORSE,MUCH WORSE,MUCH WORSE,MUCH WORSE,NOT APPLICABLE,NOT APPLICABLE,WORSE,BETTER,MUCH WORSE,WORSE,WORSE,NO,NO,NO
31001749,YES,2ND HALF NOV,1ST HALF APR,TOO LITTLE,TOO LATE,TOO EARLY,NO,8,KM,NO,,0,0,NO,LESS,ABOUT THE SAME NUMBER,LESS,NOT APPLICABLE,LESS,BETTER,NOT APPLICABLE,BETTER,BETTER,BETTER,MUCH WORSE,MUCH WORSE,BETTER,BETTER,WORSE,ABOUT THE SAME,WORSE,WORSE,MUCH WORSE,NO,NO,NO
31002169,YES,1ST HALF NOV,2ND HALF MAR,TOO LITTLE,TOO LATE,TOO EARLY,NO,2,KM,NO,,0,3,NO,LESS,ABOUT THE SAME NUMBER,LESS,NOT APPLICABLE,LESS,WORSE,NOT APPLICABLE,WORSE,WORSE,WORSE,WORSE,WORSE,WORSE,ABOUT THE SAME,BETTER,ABOUT THE SAME,WORSE,WORSE,ABOUT THE SAME,"YES, BUT NOT IF HH IS IN NEED","YES, BUT NOT IF HH IS IN NEED",NO
31004312,YES,1ST HALF DEC,1ST HALF APR,TOO LITTLE,TOO EARLY,TOO EARLY,NO,7,KM,NO,,0,0,NO,LESS,LESS,MORE,NOT APPLICABLE,ABOUT THE SAME NUMBER,WORSE,NOT APPLICABLE,WORSE,WORSE,WORSE,WORSE,NOT APPLICABLE,WORSE,WORSE,WORSE,ABOUT THE SAME,BETTER,WORSE,WORSE,NO,NO,NO
31006556,YES,2ND HALF NOV,1ST HALF APR,TOO LITTLE,AT THE RIGHT TIME,TOO EARLY,NO,96,KM,NO,,0,0,NO,LESS,LESS,LESS,NOT APPLICABLE,LESS,MUCH WORSE,NOT APPLICABLE,MUCH WORSE,MUCH WORSE,MUCH WORSE,WORSE,WORSE,MUCH WORSE,MUCH WORSE,WORSE,WORSE,BETTER,WORSE,WORSE,NO,NO,NO
31007335,YES,2ND HALF OCT,1ST HALF APR,TOO LITTLE,TOO EARLY,TOO EARLY,NO,7,KM,NO,,0,0,NO,LESS,ABOUT THE SAME NUMBER,LESS,NOT APPLICABLE,LESS,WORSE,NOT APPLICABLE,WORSE,WORSE,WORSE,WORSE,WORSE,WORSE,NOT APPLICABLE,BETTER,WORSE,BETTER,WORSE,WORSE,YES,YES,NO
31108703,YES,2ND HALF OCT,1ST HALF MAR,THE RIGHT AMOUNT,TOO EARLY,AT THE RIGHT TIME,NO,10,KM,NO,,0,0,NO,MORE,MORE,MORE,NOT APPLICABLE,MORE,BETTER,NOT APPLICABLE,BETTER,ABOUT THE SAME,BETTER,WORSE,WORSE,WORSE,ABOUT THE SAME,BETTER,WORSE,WORSE,WORSE,ABOUT THE SAME,"YES, BUT NOT IF HH IS IN NEED","YES, BUT NOT IF HH IS IN NEED",NO
31201007,YES,1ST HALF DEC,1ST HALF MAY,THE RIGHT AMOUNT,TOO EARLY,TOO EARLY,YES,,,YES,24,0,0,NO,NOT APPLICABLE,ABOUT THE SAME NUMBER,ABOUT THE SAME NUMBER,ABOUT THE SAME NUMBER,NOT APPLICABLE,MUCH WORSE,MUCH WORSE,MUCH WORSE,NOT APPLICABLE,WORSE,BETTER,BETTER,NOT APPLICABLE,NOT APPLICABLE,BETTER,BETTER,WORSE,MUCH WORSE,NOT APPLICABLE,NO,NO,NO
31201104,YES,1ST HALF NOV,2ND HALF APR,TOO LITTLE,TOO EARLY,TOO EARLY,YES,,,YES,45,0,0,NO,NOT APPLICABLE,NOT APPLICABLE,NOT APPLICABLE,NOT APPLICABLE,NOT APPLICABLE,BETTER,NOT APPLICABLE,BETTER,NOT APPLICABLE,BETTER,WORSE,WORSE,NOT APPLICABLE,NOT APPLICABLE,BETTER,WORSE,WORSE,MUCH WORSE,NOT APPLICABLE,NO,NO,NO
31201197,YES,1ST HALF DEC,2ND HALF APR,THE RIGHT AMOUNT,AT THE RIGHT TIME,TOO EARLY,NO,40,KM,NO,,0,0,NO,NOT APPLICABLE,NOT APPLICABLE,NOT APPLICABLE,NOT APPLICABLE,NOT APPLICABLE,NOT APPLICABLE,NOT APPLICABLE,NOT APPLICABLE,NOT APPLICABLE,NOT APPLICABLE,WORSE,ABOUT THE SAME,NOT APPLICABLE,NOT APPLICABLE,BETTER,ABOUT THE SAME,BETTER,ABOUT THE SAME,ABOUT THE SAME,NO,NO,NO
31201516,YES,2ND HALF NOV,2ND HALF APR,TOO LITTLE,TOO LATE,TOO LATE,NO,4,KM,NO,,0,0,NO,ABOUT THE SAME NUMBER,MORE,MORE,ABOUT THE SAME NUMBER,NOT APPLICABLE,BETTER,WORSE,BETTER,NOT APPLICABLE,NOT APPLICABLE,BETTER,BETTER,NOT APPLICABLE,NOT APPLICABLE,BETTER,ABOUT THE SAME,WORSE,WORSE,NOT APPLICABLE,NO,NO,NO
31204618,YES,1ST HALF NOV,2ND HALF MAR,TOO LITTLE,TOO LATE,TOO EARLY,NO,4,MILE,NO,,0,0,NO,NOT APPLICABLE,NOT APPLICABLE,NOT APPLICABLE,NOT APPLICABLE,NOT APPLICABLE,WORSE,WORSE,WORSE,NOT APPLICABLE,WORSE,WORSE,WORSE,NOT APPLICABLE,NOT APPLICABLE,MUCH BETTER,ABOUT THE SAME,ABOUT THE SAME,MUCH WORSE,NOT APPLICABLE,NO,NO,NO
31432523,YES,2ND HALF NOV,2ND HALF APR,TOO LITTLE,AT THE RIGHT TIME,TOO LATE,NO,3,KM,NO,,2,2,NO,LESS,MORE,LESS,NOT APPLICABLE,NOT APPLICABLE,BETTER,NOT APPLICABLE,WORSE,WORSE,WORSE,BETTER,NOT APPLICABLE,WORSE,NOT APPLICABLE,BETTER,WORSE,WORSE,MUCH BETTER,MUCH BETTER,NO,NO,NO
31432676,YES,1ST HALF NOV,1ST HALF APR,THE RIGHT AMOUNT,AT THE RIGHT TIME,AT THE RIGHT TIME,YES,,,YES,3,5,5,NO,LESS,ABOUT THE SAME NUMBER,ABOUT THE SAME NUMBER,NOT APPLICABLE,ABOUT THE SAME NUMBER,MUCH BETTER,NOT APPLICABLE,MUCH BETTER,WORSE,BETTER,MUCH BETTER,BETTER,WORSE,MUCH WORSE,BETTER,MUCH WORSE,MUCH WORSE,BETTER,MUCH WORSE,NO,NO,NO
31435120,YES,2ND HALF NOV,2ND HALF APR,TOO LITTLE,TOO LATE,TOO LATE,NO,18,KM,NO,,2,2,NO,LESS,LESS,MORE,LESS,MORE,BETTER,BETTER,BETTER,BETTER,BETTER,BETTER,BETTER,BETTER,BETTER,BETTER,NOT APPLICABLE,WORSE,6,WORSE,NO,NO,NO
31435753,YES,2ND HALF NOV,2ND HALF APR,THE RIGHT AMOUNT,AT THE RIGHT TIME,AT THE RIGHT TIME,NO,3,KM,NO,,1,1,NO,LESS,ABOUT THE SAME NUMBER,LESS,NOT APPLICABLE,LESS,WORSE,NOT APPLICABLE,WORSE,MUCH WORSE,WORSE,ABOUT THE SAME,WORSE,MUCH WORSE,MUCH WORSE,WORSE,MUCH WORSE,BETTER,MUCH BETTER,MUCH BETTER,"YES, BUT NOT IF HH IS IN NEED","YES, BUT NOT IF HH IS IN NEED",NO
31436695,YES,1ST HALF DEC,2ND HALF APR,THE RIGHT AMOUNT,TOO EARLY,TOO EARLY,NO,6,KM,NO,,0,0,NO,LESS,LESS,NOT APPLICABLE,NOT APPLICABLE,LESS,WORSE,NOT APPLICABLE,WORSE,MUCH WORSE,MUCH WORSE,BETTER,NOT APPLICABLE,MUCH WORSE,MUCH WORSE,MUCH WORSE,WORSE,MUCH WORSE,WORSE,WORSE,YES,YES,NO
31438690,YES,1ST HALF DEC,1ST HALF MAY,TOO LITTLE,TOO LATE,TOO LATE,NO,5,KM,NO,,5,5,NO,LESS,MORE,LESS,NOT APPLICABLE,LESS,BETTER,NOT APPLICABLE,WORSE,MUCH WORSE,WORSE,WORSE,WORSE,MUCH WORSE,MUCH WORSE,BETTER,MUCH WORSE,BETTER,ABOUT THE SAME,MUCH WORSE,NO,"YES, BUT NOT IF HH IS IN NEED",NO
31439102,YES,2ND HALF NOV,2ND HALF APR,TOO LITTLE,TOO LATE,AT THE RIGHT TIME,NO,3,KM,NO,,1,1,NO,LESS,LESS,LESS,NOT APPLICABLE,MORE,WORSE,NOT APPLICABLE,BETTER,MUCH WORSE,BETTER,WORSE,WORSE,MUCH WORSE,NOT APPLICABLE,BETTER,BETTER,BETTER,MUCH WORSE,ABOUT THE SAME,NO,NO,NO
31441389,YES,2ND HALF NOV,2ND HALF APR,THE RIGHT AMOUNT,TOO EARLY,TOO EARLY,NO,3,KM,NO,,6,6,NO,LESS,ABOUT THE SAME NUMBER,LESS,NOT APPLICABLE,LESS,BETTER,NOT APPLICABLE,BETTER,MUCH WORSE,WORSE,BETTER,WORSE,MUCH WORSE,NOT APPLICABLE,WORSE,NOT APPLICABLE,ABOUT THE SAME,6,8,YES,YES,YES
31442394,YES,2ND HALF NOV,2ND HALF APR,THE RIGHT AMOUNT,TOO LATE,TOO LATE,YES,,,YES,10,1,1,NO,LESS,MORE,LESS,NOT APPLICABLE,LESS,WORSE,NOT APPLICABLE,WORSE,WORSE,WORSE,WORSE,WORSE,WORSE,NOT APPLICABLE,WORSE,WORSE,WORSE,6,WORSE,NO,NO,NO
31443108,YES,2ND HALF NOV,2ND HALF APR,THE RIGHT AMOUNT,AT THE RIGHT TIME,AT THE RIGHT TIME,NO,12,KM,NO,,0,3,NO,LESS,LESS,ABOUT THE SAME NUMBER,NOT APPLICABLE,ABOUT THE SAME NUMBER,MUCH WORSE,NOT APPLICABLE,MUCH WORSE,MUCH WORSE,MUCH WORSE,BETTER,NOT APPLICABLE,MUCH WORSE,MUCH WORSE,BETTER,MUCH WORSE,BETTER,MUCH WORSE,MUCH WORSE,NO,YES,NO
31443270,YES,2ND HALF DEC,1ST HALF MAR,THE RIGHT AMOUNT,AT THE RIGHT TIME,AT THE RIGHT TIME,NO,3,KM,NO,,0,2,NO,LESS,MORE,LESS,NOT APPLICABLE,LESS,BETTER,NOT APPLICABLE,WORSE,MUCH WORSE,WORSE,BETTER,WORSE,MUCH WORSE,MUCH WORSE,WORSE,WORSE,BETTER,7,WORSE,NO,NO,NO
31532674,YES,2ND HALF NOV,1ST HALF MAY,THE RIGHT AMOUNT,AT THE RIGHT TIME,AT THE RIGHT TIME,NO,7,KM,NO,,2,2,NO,MORE,MORE,MORE,MORE,MORE,BETTER,BETTER,BETTER,WORSE,BETTER,BETTER,BETTER,WORSE,NOT APPLICABLE,BETTER,WORSE,BETTER,BETTER,BETTER,YES,YES,"YES, BUT NOT IF HH IS IN NEED"
31533095,YES,2ND HALF NOV,1ST HALF MAY,TOO LITTLE,AT THE RIGHT TIME,TOO EARLY,NO,9,KM,NO,,2,1,NO,MORE,MORE,MORE,NOT APPLICABLE,MORE,NOT APPLICABLE,NOT APPLICABLE,NOT APPLICABLE,NOT APPLICABLE,NOT APPLICABLE,BETTER,BETTER,NOT APPLICABLE,NOT APPLICABLE,BETTER,WORSE,BETTER,MUCH BETTER,BETTER,YES,YES,NO
31536118,NO,,,,,,,,,,,,,,,,,,,,,,,,,,,,,,,,,,,
31536751,YES,2ND HALF NOV,1ST HALF MAY,THE RIGHT AMOUNT,AT THE RIGHT TIME,AT THE RIGHT TIME,NO,6,KM,NO,,3,3,NO,MORE,MORE,MORE,NOT APPLICABLE,MORE,ABOUT THE SAME,NOT APPLICABLE,WORSE,NOT APPLICABLE,MUCH BETTER,BETTER,BETTER,BETTER,NOT APPLICABLE,BETTER,MUCH WORSE,BETTER,BETTER,BETTER,YES,YES,NO
31539670,YES,2ND HALF OCT,1ST HALF APR,THE RIGHT AMOUNT,AT THE RIGHT TIME,TOO LATE,NO,6,KM,NO,,0,0,NO,MORE,MORE,MORE,NOT APPLICABLE,NOT APPLICABLE,WORSE,NOT APPLICABLE,NOT APPLICABLE,NOT APPLICABLE,NOT APPLICABLE,BETTER,BETTER,WORSE,NOT APPLICABLE,NOT APPLICABLE,NOT APPLICABLE,BETTER,MUCH BETTER,BETTER,YES,YES,NO
31540419,YES,2ND HALF NOV,1ST HALF MAY,THE RIGHT AMOUNT,AT THE RIGHT TIME,TOO EARLY,NO,7,KM,NO,,2,2,NO,MORE,MORE,MORE,NOT APPLICABLE,MORE,ABOUT THE SAME,NOT APPLICABLE,ABOUT THE SAME,NOT APPLICABLE,NOT APPLICABLE,BETTER,BETTER,NOT APPLICABLE,NOT APPLICABLE,BETTER,NOT APPLICABLE,BETTER,BETTER,BETTER,YES,YES,NO
31545384,YES,2ND HALF NOV,1ST HALF MAY,THE RIGHT AMOUNT,AT THE RIGHT TIME,TOO EARLY,YES,,,NO,,2,2,NO,MORE,MORE,MORE,MORE,MORE,ABOUT THE SAME,ABOUT THE SAME,ABOUT THE SAME,NOT APPLICABLE,BETTER,BETTER,BETTER,WORSE,NOT APPLICABLE,MUCH BETTER,WORSE,BETTER,BETTER,BETTER,YES,YES,NO
31546760,YES,2ND HALF NOV,2ND HALF MAY,THE RIGHT AMOUNT,TOO LATE,AT THE RIGHT TIME,NO,5,KM,NO,,3,3,NO,MORE,MORE,MORE,NOT APPLICABLE,MORE,NOT APPLICABLE,NOT APPLICABLE,ABOUT THE SAME,ABOUT THE SAME,ABOUT THE SAME,BETTER,BETTER,WORSE,NOT APPLICABLE,BETTER,MUCH WORSE,BETTER,BETTER,BETTER,YES,YES,NO
31550254,NO,,,,,,,,,,,,,,,,,,,,,,,,,,,,,,,,,,,
31552686,YES,2ND HALF NOV,1ST HALF MAY,THE RIGHT AMOUNT,AT THE RIGHT TIME,AT THE RIGHT TIME,NO,8,KM,NO,,2,2,NO,MORE,MORE,MORE,MORE,MORE,ABOUT THE SAME,ABOUT THE SAME,ABOUT THE SAME,NOT APPLICABLE,BETTER,BETTER,BETTER,WORSE,NOT APPLICABLE,BETTER,WORSE,BETTER,ABOUT THE SAME,BETTER,YES,YES,"YES, BUT NOT IF HH IS IN NEED"
31554613,YES,1ST HALF NOV,2ND HALF MAR,TOO LITTLE,AT THE RIGHT TIME,TOO EARLY,YES,,,NO,,0,0,NO,LESS,LESS,MORE,MORE,MORE,WORSE,WORSE,WORSE,NOT APPLICABLE,MUCH WORSE,BETTER,BETTER,MUCH WORSE,NOT APPLICABLE,WORSE,WORSE,MUCH BETTER,MUCH BETTER,BETTER,YES,YES,NO
31555614,YES,2ND HALF NOV,2ND HALF APR,TOO LITTLE,TOO LATE,TOO EARLY,NO,3,KM,NO,,0,0,NO,MORE,MORE,MORE,NOT APPLICABLE,MORE,ABOUT THE SAME,NOT APPLICABLE,ABOUT THE SAME,NOT APPLICABLE,BETTER,BETTER,BETTER,WORSE,NOT APPLICABLE,BETTER,MUCH WORSE,BETTER,ABOUT THE SAME,WORSE,YES,YES,"YES, BUT NOT IF HH IS IN NEED"
