ea_id,com_cd01,com_cd02a,com_cd02b,com_cd03,com_cd04,com_cd05,com_cd06,com_cd07a,com_cd07b,com_cd08a,com_cd08b,com_cd09,com_cd10a,com_cd10b,com_cd11,com_cd12,com_cd13a,com_cd13b,com_cd13c,com_cd14,com_cd15,com_cd16a,com_cd16b,com_cd17,com_cd18a,com_cd18b,com_cd19,com_cd20a,com_cd20b,com_cd21,com_cd22a,com_cd22b,com_cd23,com_cd24a,com_cd24b,com_cd25,com_cd26,com_cd27a,com_cd27b,com_cd28,com_cd29,com_cd30,com_cd31,com_cd32,com_cd33,com_cd34,com_cd35,com_cd36a,com_cd36b,com_cd37,com_cd38,com_cd39,com_cd40a,com_cd40b,com_cd41,com_cd42,com_cd43,com_cd44,com_cd45,com_cd46,com_cd47,com_cd48,com_cd49a,com_cd49b,com_cd50,com_cd51a,com_cd51b,com_cd52,com_cd53,com_cd54,com_cd55,com_cd56,com_cd57,com_cd58,com_cd59,com_cd60a,com_cd60b,com_cd61,com_cd62,com_cd63,com_cd64,com_cd65a,com_cd65b,com_cd65c,com_cd65d,com_cd65e,com_cd65f,com_cd65g,com_cd66,com_cd67a,com_cd67b,com_cd68,com_cd69a,com_cd69b,com_cd70,com_cd71
10101016,GRADED GRAVELED,90,KM,YES,0,12,YES,,,1,HOUR,NO,25,KM,300,NO,310,KM,MZUZU,2100,NO,25,KM,YES,,,NO,4,KM,NO,25,KM,NO,4,KM,8,0,,,7,700,YES,,NO,,,NO,25,KM,22,521,YES,15,KM,6,350,NO,1,0,0,0,NO,10,KM,NO,25,KM,,,,YES,YES,MALE,YES,YES,25,KM,GOVERNMENT FACILITY,YES,0,YES,YES,NO,NO,YES,YES,2,,NO,25,KM,NO,25,KM,NO,NO
10101204,GRADED GRAVELED,0,,YES,0,12,YES,,,2,HOUR,NO,28,KM,400,NO,308,KM,MZUZU,1900,NO,28,KM,NO,6,KM,NO,3,KM,NO,28,KM,NO,200,METER,5,0,5,KM,4,250,YES,,NO,,,NO,29,KM,22,521,YES,10,KM,6,350,NO,1,0,0,0,YES,,,NO,10,KM,,,,NO,,,,,28,KM,GOVERNMENT FACILITY,YES,0,YES,NO,NO,YES,YES,YES,2,,NO,28,KM,NO,28,KM,NO,NO
10101215,GRADED GRAVELED,120,KM,NO,0,6,NO,30,KM,20,MINUTE,NO,30,KM,300,NO,225,KM,MZUZU,1100,NO,30,KM,NO,15,KM,NO,2,KM,NO,30,KM,NO,30,KM,4,0,5,METER,4,570,NO,2,NO,,,NO,30,KM,22,521,YES,5,KM,4,110,NO,0,0,0,0,NO,500,METER,NO,3,KM,,,,NO,,,,,30,KM,GOVERNMENT FACILITY,NO,,NO,,,,,,,,NO,30,KM,NO,30,KM,NO,NO
10101562,GRADED GRAVELED,73,KM,YES,0,12,YES,,,4,HOUR,NO,10,KM,300,NO,311,KM,MZUZU,1650,NO,10,KM,NO,3,KM,NO,3,KM,NO,10,KM,NO,10,KM,5,0,6,KM,5,250,YES,,NO,,,NO,10,KM,22,521,YES,2,KM,10,413,NO,2,1,0,0,NO,10,KM,YES,,,ALWAYS AVAILABLE,RELIGIOUS FACILITY,YES,YES,YES,MALE,YES,YES,10,KM,GOVERNMENT FACILITY,YES,0,YES,YES,NO,YES,YES,YES,2,,NO,10,KM,NO,10,KM,NO,NO
10102004,GRADED GRAVELED,90,KM,YES,0,12,YES,,,3,HOUR,NO,35,KM,500,NO,300,KM,MZUZU,1750,NO,20,KM,NO,20,KM,NO,20,KM,NO,20,KM,NO,33,KM,5,0,2,METER,4,298,YES,,NO,,,NO,20,KM,22,521,YES,4,KM,3,52,NO,0,0,0,0,NO,33,KM,NO,33,KM,,,,NO,,,,,45,KM,GOVERNMENT FACILITY,NO,,NO,,,,,,,,NO,45,KM,NO,45,KM,NO,NO
10103414,GRADED GRAVELED,95,KM,NO,0,9,YES,,,6,HOUR,NO,46,KM,600,NO,315,KM,MZUZU,2400,NO,46,KM,NO,6,KM,NO,2,KM,NO,46,KM,NO,46,KM,4,0,2,KM,8,390,YES,,NO,,,NO,46,KM,22,521,YES,2,KM,9,150,NO,0,0,0,0,NO,46,KM,NO,2,KM,,,,NO,,,,,46,KM,GOVERNMENT FACILITY,NO,,YES,YES,NO,NO,YES,YES,2,,NO,46,KM,NO,46,KM,NO,NO
10104150,GRADED GRAVELED,90,KM,YES,0,12,NO,15,KM,2,HOUR,NO,112,KM,1500,NO,235,KM,MZUZU,2600,NO,25,KM,NO,15,KM,NO,1,METER,NO,25,KM,NO,25,KM,7,0,,,6,557,NO,2,NO,,,NO,22,KM,10,532,NO,6,KM,3,74,NO,0,0,0,0,YES,,,NO,25,KM,,,,NO,,,,,25,KM,GOVERNMENT FACILITY,YES,0,YES,YES,NO,NO,YES,YES,2,,NO,112,KM,NO,112,KM,NO,NO
10201688,TAR/ASPHALT,0,,YES,12,12,YES,,,20,MINUTE,NO,12,KM,200,NO,232,KM,MZUZU,1200,NO,12,KM,NO,2,KM,NO,7,KM,NO,10,KM,NO,12,KM,5,1,,,6,527,NO,4,YES,ALMOST ALL,COOKED FOOD,NO,12,KM,17,465,YES,6,KM,4,93,NO,0,0,0,0,NO,3,METER,NO,2,KM,,,,NO,,,,,12,KM,GOVERNMENT FACILITY,YES,0,NO,,,,,,,,NO,12,KM,NO,12,KM,NO,NO
10202514,DIRT TRACK,4,KM,YES,6,0,NO,4,KM,1,MINUTE,NO,45,KM,300,NO,265,KM,MZUZU,1300,NO,4,KM,NO,4,KM,NO,6,KM,NO,8,KM,NO,12,KM,5,0,1,KM,5,200,YES,,NO,,,NO,40,KM,17,465,YES,8,KM,6,150,NO,0,0,0,0,NO,7,KM,NO,4,KM,,,,NO,,,,,7,KM,GOVERNMENT FACILITY,YES,200,YES,NO,NO,YES,YES,YES,2,,NO,12,KM,NO,42,KM,NO,YES
10203176,GRADED GRAVELED,1,KM,YES,12,12,NO,1,KM,2,HOUR,NO,53,KM,500,NO,273,KM,MZUZU,1500,NO,53,KM,NO,1,KM,NO,53,KM,NO,53,KM,NO,53,KM,6,0,,,8,560,NO,1,NO,,,NO,53,KM,17,465,YES,17,KM,4,46,NO,0,0,0,0,NO,1,KM,NO,100,METER,,,,NO,,,,,53,KM,GOVERNMENT FACILITY,YES,0,YES,YES,NO,YES,YES,YES,2,,NO,53,KM,NO,53,KM,NO,YES
10203744,TAR/ASPHALT,0,,YES,12,12,YES,,,10,MINUTE,NO,12,KM,150,NO,210,KM,MZUZU,1000,NO,12,KM,NO,8,KM,NO,12,KM,NO,12,KM,NO,12,KM,5,0,10,KM,12,250,YES,,YES,ALMOST ALL,COOKED FOOD,YES,12,KM,17,465,YES,12,KM,16,358,YES,1,0,0,0,NO,12,KM,NO,12,KM,,,,NO,,,,,12,KM,GOVERNMENT FACILITY,NO,,NO,,,,,,,,NO,12,KM,NO,12,KM,NO,NO
10204322,TAR/ASPHALT,16,KM,YES,0,12,YES,,,2,HOUR,NO,86,KM,650,NO,166,KM,MZUZU,850,NO,16,KM,NO,3,KM,NO,16,KM,NO,16,KM,NO,16,KM,8,0,2,KM,9,694,YES,,NO,,,NO,18,KM,16,500,YES,,,6,75,NO,0,0,0,0,YES,,,YES,,,ALWAYS AVAILABLE,GOVERNMENT FACILITY,NO,YES,,,,,86,KM,GOVERNMENT FACILITY,NO,,YES,YES,NO,NO,YES,NO,2,,NO,16,KM,NO,16,KM,NO,NO
10204586,TAR/ASPHALT,0,,YES,12,12,YES,,,5,MINUTE,NO,35,KM,300,NO,185,KM,MZUZU,600,NO,2,KM,NO,45,KM,NO,2,KM,NO,2,KM,NO,2,KM,6,0,,,10,1010,YES,,NO,,,NO,40,METER,23,413,YES,1,KM,5,217,NO,1,0,0,1,YES,,,YES,,,ALWAYS AVAILABLE,RELIGIOUS FACILITY,YES,NO,,,,,3,KM,GOVERNMENT FACILITY,YES,0,YES,YES,NO,YES,YES,YES,2,,NO,3,KM,NO,3,KM,YES,
10220103,TAR/ASPHALT,0,,YES,12,12,YES,,,10,MINUTE,YES,,,,NO,218,KM,MZUZU,1000,NO,2,KM,NO,3,KM,NO,3,KM,NO,3,KM,NO,3,KM,5,0,100,METER,20,1391,YES,,NO,,,NO,2,KM,17,465,YES,3,KM,16,358,YES,0,0,0,0,NO,3,KM,NO,2,KM,,,,NO,,,,,2,KM,GOVERNMENT FACILITY,NO,,YES,YES,YES,YES,YES,YES,2,,NO,3,KM,NO,3,KM,NO,NO
10220705,TAR/ASPHALT,0,,YES,12,12,YES,,,15,MINUTE,YES,,,,NO,220,KM,MZUZU,1000,NO,2,KM,NO,8,KM,NO,2,KM,NO,1,KM,NO,1,KM,8,0,500,METER,30,2357,YES,,YES,1/4,COOKED FOOD,YES,2,KM,17,465,YES,1,KM,16,358,YES,0,0,0,0,YES,,,NO,2,KM,ALWAYS AVAILABLE,PRIVATE FACILITY,YES,NO,,,,,5,KM,GOVERNMENT FACILITY,YES,250,YES,NO,NO,YES,YES,YES,2,,NO,2,KM,NO,2,KM,NO,NO
10301663,GRADED GRAVELED,12,KM,YES,12,12,YES,,,1,HOUR,NO,27,KM,500,NO,44,KM,MZUZU,500,NO,6,KM,NO,12,KM,NO,12,KM,NO,44,KM,NO,6,KM,12,1,300,METER,6,1200,YES,,NO,,,YES,14,KM,7,450,YES,300,METER,4,180,NO,0,0,0,0,YES,,,NO,6,KM,,,,YES,YES,MALE,YES,YES,6,KM,GOVERNMENT FACILITY,YES,0,YES,NO,NO,YES,YES,NO,2,,NO,44,KM,NO,44,KM,NO,NO
10302010,TAR/ASPHALT,2,KM,YES,12,12,YES,,,20,MINUTE,NO,60,KM,600,NO,120,KM,MZUZU,1000,YES,,,YES,,,NO,8,KM,NO,13,KM,NO,8,KM,11,0,400,METER,4,1200,YES,,NO,,,NO,8,KM,9,450,YES,8,KM,5,320,NO,0,0,0,0,YES,,,NO,8,KM,,,,YES,,,,,13,KM,GOVERNMENT FACILITY,NO,,NO,,,,,,,,NO,60,KM,NO,60,KM,NO,NO
10304012,GRADED GRAVELED,1,METER,NO,12,12,YES,,,20,MINUTE,NO,45,KM,400,NO,105,KM,MZUZU,600,YES,,,YES,,,NO,10,KM,NO,5,KM,NO,5,KM,21,0,10,METER,5,450,YES,,NO,,,NO,2,KM,12,200,YES,1,KM,8,250,YES,3,1,0,0,YES,,,NO,5,KM,,,,YES,YES,FEMALE,YES,NO,5,KM,GOVERNMENT FACILITY,YES,0,NO,,,,,,,,NO,45,KM,YES,,,NO,NO
10305446,TAR/ASPHALT,100,METER,YES,12,12,YES,,,10,MINUTE,NO,90,KM,700,NO,140,KM,MZUZU,1000,YES,,,YES,,,NO,22,KM,YES,,,NO,50,KM,15,0,500,METER,4,700,NO,2,NO,,,NO,47,KM,8,260,YES,3,KM,3,110,NO,0,0,0,0,YES,,,YES,,,ALWAYS AVAILABLE,GOVERNMENT FACILITY,NO,YES,YES,MALE,YES,YES,50,KM,GOVERNMENT FACILITY,YES,0,NO,,,,,,,,NO,90,KM,NO,90,KM,NO,NO
10307413,TAR/ASPHALT,200,METER,YES,12,12,YES,,,30,MINUTE,NO,30,KM,250,NO,107,KM,MZUZU,550,YES,,,YES,,,NO,9,KM,NO,9,KM,NO,9,KM,15,0,1,KM,7,859,YES,,NO,,,NO,13,KM,16,200,YES,15,KM,6,200,NO,0,0,0,0,YES,,,YES,,,ALWAYS AVAILABLE,GOVERNMENT FACILITY,NO,YES,YES,MALE,YES,YES,30,KM,GOVERNMENT FACILITY,YES,0,NO,,,,,,,,NO,30,KM,NO,9,KM,NO,NO
10308636,GRADED GRAVELED,8,KM,NO,0,12,NO,8,KM,1,HOUR,NO,11,KM,150,NO,56,KM,MZUZU,650,NO,11,KM,NO,11,KM,NO,11,KM,NO,11,KM,NO,11,KM,10,0,300,METER,6,410,NO,1,NO,,,NO,51,KM,12,360,YES,300,KM,6,300,NO,0,0,0,0,YES,,,NO,11,KM,,,,YES,YES,MALE,YES,YES,11,KM,GOVERNMENT FACILITY,YES,0,NO,,,,,,,,NO,11,KM,NO,11,KM,NO,YES
10401140,GRADED GRAVELED,19,KM,YES,12,12,YES,,,30,MINUTE,NO,19,KM,250,NO,84,KM,MZUZU,750,YES,,,YES,,,YES,,,YES,,,YES,,,15,0,100,METER,20,1345,NO,3,NO,,,NO,19,KM,12,300,YES,150,METER,9,320,YES,0,0,0,0,YES,,,YES,,,ALWAYS AVAILABLE,GOVERNMENT FACILITY,YES,YES,YES,MALE,YES,YES,100,METER,GOVERNMENT FACILITY,YES,0,NO,,,,,,,,NO,19,KM,YES,,,NO,NO
10401502,GRADED GRAVELED,2,KM,YES,0,12,NO,2,KM,30,MINUTE,NO,15,KM,250,NO,63,KM,MZUZU,750,NO,2,KM,NO,11,KM,NO,5,KM,NO,15,KM,NO,4,KM,2,0,100,METER,5,301,YES,,NO,,,YES,15,KM,9,650,YES,7,KM,3,350,NO,0,0,0,0,NO,3,KM,NO,4,KM,,,,YES,YES,FEMALE,YES,NO,4,KM,GOVERNMENT FACILITY,YES,0,NO,,,,,,,,NO,15,KM,NO,15,KM,NO,NO
10401522,GRADED GRAVELED,40,KM,YES,0,12,YES,,,3,HOUR,NO,40,KM,350,NO,120,KM,MZUZU,850,NO,30,KM,YES,,,NO,4,KM,NO,30,MILE,NO,20,KM,7,0,4,KM,7,1700,NO,2,NO,,,NO,40,KM,12,360,YES,30,KM,8,480,YES,0,0,0,0,YES,,,NO,30,KM,,,,NO,,,,,40,KM,GOVERNMENT FACILITY,YES,0,YES,YES,NO,NO,NO,YES,2,,NO,40,KM,NO,40,KM,NO,NO
10404186,TAR/ASPHALT,0,METER,YES,12,12,YES,,,10,MINUTE,NO,60,KM,600,NO,130,KM,MZUZU,800,YES,,,YES,,,NO,30,KM,YES,,,YES,,,7,0,3,KM,4,1100,YES,,NO,,,NO,60,KM,12,250,YES,5,KM,4,170,YES,0,0,0,0,YES,,,YES,,,ALWAYS AVAILABLE,GOVERNMENT FACILITY,NO,YES,YES,MALE,NO,YES,60,KM,GOVERNMENT FACILITY,YES,0,NO,,,,,,,,NO,60,KM,NO,60,KM,NO,NO
10405213,GRADED GRAVELED,25,KM,YES,6,12,YES,,,11,HOUR,NO,30,KM,500,NO,95,KM,MZUZU,1000,YES,,,YES,,,NO,10,KM,NO,10,KM,YES,,,9,0,2,KM,8,450,YES,,NO,,,NO,30,KM,12,250,YES,1,KM,4,500,NO,0,0,0,0,YES,,,YES,,,ALWAYS AVAILABLE,GOVERNMENT FACILITY,YES,YES,YES,MALE,YES,YES,30,KM,GOVERNMENT FACILITY,YES,0,NO,,,,,,,,NO,30,KM,NO,50,KM,NO,NO
10501505,GRADED GRAVELED,32,KM,YES,0,5,NO,3,KM,2,MINUTE,NO,73,KM,700,NO,223,KM,MZUZU,1200,NO,32,KM,YES,,,NO,6,KM,NO,32,KM,NO,32,KM,8,0,1,KM,8,649,YES,,NO,,,YES,73,KM,30,575,YES,15,KM,4,134,NO,1,0,0,0,YES,,,YES,,,ALWAYS AVAILABLE,RELIGIOUS FACILITY,YES,NO,YES,MALE,YES,YES,32,KM,RELIGIOUS FACILITY,YES,0,NO,,,,,,,,NO,73,KM,NO,73,KM,NO,NO
10501709,DIRT ROAD (MAINTAINED),22,KM,YES,12,12,NO,8,KM,1,HOUR,NO,22,KM,300,NO,140,KM,MZUZU,900,NO,8,KM,NO,8,KM,NO,8,KM,NO,22,KM,NO,22,KM,8,0,0,KM,6,546,NO,2,NO,,,NO,22,KM,30,575,YES,4,KM,6,220,NO,0,0,0,0,YES,,,NO,8,KM,,,,NO,,,,,22,KM,GOVERNMENT FACILITY,YES,0,YES,YES,NO,YES,NO,YES,2,,NO,22,KM,NO,22,KM,NO,NO
10502268,DIRT ROAD (MAINTAINED),60,KM,YES,0,2,NO,60,KM,10,MINUTE,NO,140,KM,1400,NO,75,KM,MZUZU,500,NO,60,KM,NO,15,KM,NO,4,KM,NO,15,KM,NO,60,KM,7,1,6,KM,2,205,NO,1,NO,,,NO,75,KM,43,923,YES,4,KM,4,240,NO,2,0,0,0,YES,,,NO,15,KM,,,,NO,,,,,60,KM,RELIGIOUS FACILITY,NO,,NO,,,,,,,,NO,75,KM,NO,75,KM,NO,NO
10502593,GRADED GRAVELED,240,KM,YES,0,6,NO,50,KM,2,HOUR,NO,240,KM,3800,NO,90,KM,MZUZU,500,NO,4,KM,NO,4,KM,NO,15,KM,NO,6,KM,NO,5,KM,2,0,2,KM,4,404,YES,,NO,,,NO,150,KM,4,575,YES,6,KM,8,155,NO,0,0,0,0,NO,6,KM,NO,6,KM,,,,NO,,,,,6,KM,GOVERNMENT FACILITY,NO,,NO,,,,,,,,NO,150,KM,NO,150,KM,NO,YES
10503367,DIRT TRACK,9,KM,YES,0,12,NO,9,KM,3,HOUR,NO,15,KM,400,NO,60,KM,MZUZU,700,NO,6,KM,NO,5,KM,NO,5,KM,NO,9,KM,NO,9,KM,7,0,2,KM,6,666,YES,,NO,,,NO,15,KM,30,575,YES,2,KM,5,99,NO,0,0,0,0,NO,2,KM,NO,9,KM,,,,YES,YES,MALE,NO,YES,9,KM,GOVERNMENT FACILITY,NO,,NO,,,,,,,,NO,15,KM,NO,15,KM,NO,NO
10505136,DIRT ROAD (MAINTAINED),30,KM,YES,12,12,YES,,,30,MINUTE,NO,30,KM,350,NO,150,KM,MZUZU,950,NO,30,KM,NO,5,KM,NO,5,KM,NO,30,KM,NO,30,KM,8,0,13,KM,6,345,NO,4,NO,,,NO,30,KM,30,575,YES,5,KM,5,101,NO,5,0,0,0,YES,,,NO,5,KM,,,,NO,,,,,30,KM,GOVERNMENT FACILITY,NO,,NO,,,,,,,,NO,30,KM,NO,30,KM,NO,YES
10505310,DIRT TRACK,80,KM,YES,12,12,NO,7,KM,30,MINUTE,NO,100,KM,1000,NO,85,KM,MZUZU,850,NO,7,KM,NO,7,KM,NO,18,KM,NO,18,KM,NO,18,KM,7,0,10,KM,4,329,NO,4,YES,ALMOST ALL,COOKED FOOD,NO,18,KM,19,685,YES,7,KM,7,192,NO,3,0,0,0,YES,,,NO,12,KM,,,,NO,,,,,12,KM,RELIGIOUS FACILITY,NO,,YES,YES,NO,NO,NO,NO,2,,NO,85,KM,NO,85,KM,YES,
10505508,GRADED GRAVELED,23,KM,YES,0,12,YES,,,1,HOUR,NO,23,KM,500,NO,230,KM,MZUZU,1000,NO,23,KM,YES,,,NO,23,KM,NO,23,KM,NO,23,KM,15,0,5,KM,4,720,YES,,NO,,,NO,23,KM,30,577,YES,2,KM,2,40,NO,2,0,0,0,YES,,,NO,5,KM,SOMETIMES AVAILABLE,GOVERNMENT FACILITY,NO,NO,YES,FEMALE,YES,NO,23,KM,RELIGIOUS FACILITY,NO,,NO,,,,,,,,NO,23,KM,NO,23,KM,NO,YES
10507175,GRADED GRAVELED,20,KM,NO,0,0,NO,20,KM,1,HOUR,NO,130,KM,1800,NO,400,KM,MZUZU,2000,NO,20,KM,NO,10,KM,NO,10,KM,NO,15,KM,NO,20,KM,11,0,1,KM,3,363,YES,,NO,,,NO,130,KM,14,575,YES,10,KM,8,460,NO,0,0,0,0,NO,20,KM,NO,15,KM,,,,NO,YES,MALE,YES,NO,15,KM,GOVERNMENT FACILITY,NO,,NO,,,,,,,,NO,130,KM,NO,130,KM,NO,NO
10507344,DIRT ROAD (MAINTAINED),5,KM,YES,0,12,YES,,,2,HOUR,NO,72,KM,500,NO,150,KM,MZUZU,850,NO,10,KM,YES,,,YES,,,NO,10,KM,NO,10,KM,9,0,3,KM,9,624,YES,,YES,ALMOST ALL,COOKED FOOD,NO,72,KM,30,575,YES,3,KM,5,150,NO,2,0,0,0,YES,,,NO,10,KM,,,,NO,,,,,10,KM,GOVERNMENT FACILITY,NO,,NO,,,,,,,,NO,72,KM,NO,72,KM,NO,NO
10509319,DIRT ROAD (MAINTAINED),50,KM,YES,12,12,NO,3,KM,1,HOUR,NO,182,KM,1100,NO,65,KM,MZUZU,500,NO,6,KM,NO,6,KM,NO,6,KM,NO,6,KM,NO,6,KM,9,0,0,KM,3,474,YES,,NO,,,NO,30,KM,24,685,YES,6,KM,11,209,YES,0,0,0,0,NO,6,KM,NO,6,KM,,,,YES,YES,MALE,YES,YES,50,KM,RELIGIOUS FACILITY,YES,0,NO,,,,,,,,NO,65,KM,NO,65,KM,NO,NO
10510388,DIRT ROAD (MAINTAINED),34,KM,YES,9,12,YES,,,1,HOUR,NO,65,KM,900,NO,158,KM,MZUZU,1200,NO,12,KM,NO,34,KM,NO,22,KM,NO,12,KM,NO,12,KM,7,0,5,KM,7,504,YES,,NO,,,NO,65,KM,31,550,YES,8,KM,7,143,NO,5,0,0,0,YES,,,YES,,,ALWAYS AVAILABLE,GOVERNMENT FACILITY,NO,YES,YES,MALE,YES,NO,500,METER,GOVERNMENT FACILITY,YES,0,NO,,,,,,,,NO,34,KM,NO,34,KM,NO,NO
10732192,TAR/ASPHALT,100,METER,YES,12,12,YES,,,10,MINUTE,NO,85,KM,800,YES,,,,,NO,2,KM,NO,9,KM,YES,,,NO,3,KM,NO,3,KM,5,0,2,KM,18,984,NO,6,NO,,,NO,3,KM,43,923,YES,1,KM,17,209,NO,3,0,0,1,NO,100,METER,NO,3,KM,,,,NO,,,,,3,KM,GOVERNMENT FACILITY,NO,,YES,YES,YES,NO,NO,NO,2,,NO,9,KM,NO,9,KM,NO,NO
10733640,GRADED GRAVELED,5,KM,NO,0,12,NO,5,KM,10,MINUTE,YES,,,,YES,,,,,YES,,,YES,,,NO,15,KM,NO,15,KM,YES,,,3,0,4,KM,13,640,YES,,YES,ALMOST ALL,COOKED FOOD,NO,20,KM,43,930,YES,15,KM,11,740,NO,0,0,0,0,YES,,,NO,5,KM,,,,NO,,,,,20,KM,GOVERNMENT FACILITY,NO,,NO,,,,,,,,NO,20,KM,NO,20,KM,NO,NO
10734370,GRADED GRAVELED,1,KM,NO,0,12,NO,1,KM,10,HOUR,NO,1,KM,100,YES,,,,,YES,,,NO,11,KM,NO,5,KM,NO,1,KM,NO,2,KM,6,0,200,METER,25,400,YES,,YES,ALMOST ALL,COOKED FOOD,YES,5,KM,14,850,YES,2,KM,9,750,NO,0,0,0,0,NO,2,KM,NO,2,MILE,,,,NO,,,,,2,MILE,GOVERNMENT FACILITY,YES,0,NO,,,,,,,,NO,2,KM,NO,,,NO,NO
10734762,DIRT ROAD (MAINTAINED),2,KM,YES,12,12,YES,,,5,MINUTE,NO,210,KM,700,YES,,,,,YES,,,NO,8,KM,NO,2,KM,NO,4,KM,YES,,,10,0,3,KM,11,1241,NO,3,NO,,,NO,5,KM,36,203,YES,2,KM,15,220,YES,1,0,0,0,YES,,,NO,5,KM,,,,NO,,,,,7,KM,GOVERNMENT FACILITY,NO,,YES,NO,NO,NO,YES,NO,2,,NO,5,KM,NO,5,KM,NO,NO
10735173,TAR/ASPHALT,5,KM,YES,12,12,YES,,,,,NO,120,KM,500,YES,,,,,YES,,,NO,15,KM,NO,5,KM,NO,1,KM,YES,,,10,2,1,KM,36,2034,YES,,YES,ALMOST ALL,COOKED FOOD,NO,1,KM,44,120,YES,3,KM,18,360,YES,0,0,0,0,YES,,,NO,1,KM,,,,NO,,,,,6,KM,GOVERNMENT FACILITY,NO,,NO,,,,,,,,NO,3,KM,NO,3,KM,NO,NO
10736596,DIRT TRACK,3,KM,YES,12,12,YES,,,15,MINUTE,NO,120,KM,650,YES,,,,,YES,,,NO,15,KM,NO,5,KM,NO,3,KM,NO,3,KM,8,0,15,KM,54,3327,NO,24,YES,ALMOST NONE,COOKED FOOD,NO,2,KM,43,923,YES,1,KM,18,360,YES,0,0,0,1,YES,,,NO,3,KM,,,,NO,,,,,3,KM,GOVERNMENT FACILITY,NO,,NO,,,,,,,,NO,3,KM,NO,3,KM,NO,NO
10741504,DIRT ROAD (MAINTAINED),1,KM,YES,12,12,YES,,,2,MINUTE,NO,101,KM,500,YES,,,,,YES,,,NO,9,KM,YES,,,NO,3,KM,YES,,,5,0,3,KM,32,1600,NO,3,YES,3/4,COOKED FOOD,YES,5,KM,31,650,YES,3,KM,15,220,YES,0,0,1,0,YES,,,NO,2,KM,,,,NO,,,,,3,KM,RELIGIOUS FACILITY,NO,,NO,,,,,,,,NO,3,KM,NO,3,KM,NO,NO
10744649,GRADED GRAVELED,5,KM,YES,0,12,NO,5,KM,10,MINUTE,YES,,,,NO,5,KM,MZUZU,150,NO,5,KM,NO,20,KM,NO,5,KM,NO,5,KM,NO,5,KM,2,1,3,KM,28,1630,YES,,YES,ALMOST ALL,COOKED FOOD,NO,5,KM,14,850,YES,3,KM,14,209,YES,0,0,1,0,YES,,,NO,5,KM,,,,NO,,,,,5,KM,GOVERNMENT FACILITY,YES,0,YES,,,,,,,,NO,5,KM,NO,5,KM,NO,NO
10746033,DIRT ROAD (MAINTAINED),2,KM,YES,12,12,NO,5,KM,1,HOUR,NO,175,KM,700,YES,,,,,NO,5,KM,NO,5,KM,NO,6,KM,NO,5,KM,NO,5,KM,15,0,1,KM,12,1539,YES,,YES,ALMOST ALL,COOKED FOOD,NO,5,KM,44,999,YES,4,KM,18,360,YES,0,0,0,0,YES,,,NO,6,KM,,,,NO,,,,,6,KM,GOVERNMENT FACILITY,NO,,YES,NO,NO,YES,NO,NO,2,,NO,4,KM,NO,5,KM,NO,NO
10746244,TAR/ASPHALT,500,METER,YES,12,12,NO,5,KM,1,HOUR,NO,37,KM,550,YES,,,,,NO,5,KM,NO,5,KM,YES,,,NO,5,KM,NO,5,KM,9,0,3,KM,8,416,NO,4,NO,,,NO,5,KM,51,960,YES,12,KM,14,152,YES,1,0,0,0,YES,,,NO,5,KM,,,,NO,,,,,5,KM,GOVERNMENT FACILITY,NO,,NO,,,,,,,,NO,5,KM,NO,5,KM,NO,NO
20106042,DIRT ROAD (MAINTAINED),3,KM,YES,0,12,NO,4,KM,10,MINUTE,YES,,,,NO,123,KM,LILONGWE,850,NO,4,KM,NO,5,KM,NO,3,KM,NO,4,KM,NO,4,KM,17,0,1,KM,11,823,YES,,YES,ALMOST ALL,COOKED FOOD,NO,8,KM,27,344,YES,1,KM,13,389,NO,4,1,0,0,YES,,,NO,4,KM,,,,NO,YES,FEMALE,YES,NO,4,KM,GOVERNMENT FACILITY,YES,0,NO,,,,,,,,NO,4,KM,NO,4,KM,NO,NO
20110620,DIRT TRACK,10,KM,NO,0,4,NO,10,KM,20,MINUTE,NO,30,KM,400,NO,140,KM,LILONGWE,1000,NO,10,KM,YES,,,NO,10,KM,NO,30,KM,NO,30,KM,15,0,0,KM,9,1196,YES,,YES,,,NO,30,KM,15,320,YES,10,KM,9,520,NO,2,0,0,0,YES,,,NO,10,KM,,,,NO,YES,MALE,YES,YES,30,KM,GOVERNMENT FACILITY,NO,850,NO,NO,NO,NO,NO,NO,2,,NO,30,KM,NO,30,KM,YES,
20111718,TAR/ASPHALT,0,METER,YES,12,12,YES,,,5,MINUTE,NO,43,1,300,NO,110,KM,LILONGWE,900,YES,,,YES,,,YES,,,NO,8,KM,YES,,,13,0,0,METER,9,920,NO,2,NO,,,NO,8,KM,18,520,YES,8,KM,7,320,NO,0,0,0,0,YES,,,NO,8,KM,ALWAYS AVAILABLE,GOVERNMENT FACILITY,YES,YES,,,,YES,8,KM,GOVERNMENT FACILITY,YES,0,YES,YES,YES,YES,YES,YES,2,,NO,43,KM,NO,43,KM,NO,NO
20112661,DIRT ROAD (MAINTAINED),50,KM,NO,0,5,NO,13,KM,20,MINUTE,NO,70,KM,350,NO,180,KM,LILONGWE,1050,NO,18,KM,NO,4,KM,NO,18,KM,NO,50,KM,YES,,,8,0,0,METER,4,600,NO,4,YES,ALMOST ALL,COOKED FOOD,YES,70,KM,14,300,YES,13,KM,11,300,NO,0,0,0,0,YES,,,NO,25,KM,,,,NO,YES,MALE,NO,NO,70,KM,GOVERNMENT FACILITY,NO,,NO,,,,,,,,NO,70,KM,NO,50,KM,NO,NO
20113112,DIRT ROAD (MAINTAINED),25,KM,NO,5,5,NO,7,KM,30,MINUTE,NO,61,KM,400,NO,180,KM,LILONGWE,1200,NO,7,KM,YES,,,NO,7,KM,NO,10,KM,NO,7,KM,30,0,2,KM,5,700,NO,8,NO,,,NO,60,KM,20,320,YES,7,KM,10,280,NO,0,0,0,0,YES,,,YES,,,ALWAYS AVAILABLE,GOVERNMENT FACILITY,NO,NO,YES,FEMALE,YES,NO,61,KM,GOVERNMENT FACILITY,NO,,YES,NO,NO,NO,YES,NO,2,,NO,61,KM,NO,61,KM,NO,NO
20115434,DIRT TRACK,9,KM,YES,0,12,NO,11,KM,30,MINUTE,NO,11,MILE,400,NO,120,KM,LILONGWE,1350,NO,6,KM,NO,6,KM,NO,6,KM,NO,6,KM,YES,,,6,0,250,METER,8,900,YES,,NO,,,NO,6,KM,8,420,NO,6,KM,8,420,NO,0,0,0,0,YES,,,NO,11,KM,,,,NO,NO,,,,11,KM,GOVERNMENT FACILITY,NO,,NO,,,,,,,,NO,11,KM,NO,11,KM,NO,NO
20205207,TAR/ASPHALT,0,,YES,12,12,YES,,,20,MINUTE,NO,50,KM,250,NO,220,KM,LILONGWE,800,NO,5,KM,YES,,,YES,,,YES,,,NO,10,KM,2,2,1,KM,8,1109,NO,3,NO,,,NO,50,KM,21,519,YES,5,KM,6,400,NO,1,0,0,0,YES,,,YES,,,ALWAYS AVAILABLE,GOVERNMENT FACILITY,YES,NO,YES,MALE,YES,YES,50,KM,GOVERNMENT FACILITY,YES,0,YES,YES,NO,NO,YES,YES,1,SCHOOL FEES,NO,50,KM,YES,,,NO,NO
20206362,DIRT ROAD (MAINTAINED),27,KM,YES,0,12,YES,,,3,HOUR,NO,79,KM,700,NO,179,KM,LILONGWE,1500,YES,,,YES,,,YES,,,YES,,,YES,,,4,1,2,KM,10,1044,YES,,NO,,,NO,79,KM,21,519,YES,3,KM,8,342,YES,1,0,0,0,YES,,,YES,,,ALWAYS AVAILABLE,GOVERNMENT FACILITY,YES,NO,YES,MALE,YES,NO,79,KM,GOVERNMENT FACILITY,NO,,YES,YES,NO,YES,YES,NO,1,PRAYING,NO,79,KM,NO,79,KM,NO,YES
20302539,DIRT ROAD (MAINTAINED),22,KM,YES,0,12,YES,,,30,MINUTE,NO,22,KM,300,NO,120,KM,LILONGWE,1000,NO,22,KM,NO,15,KM,YES,,,YES,,,NO,22,KM,2,0,2,KM,9,699,NO,8,NO,,,NO,22,KM,22,349,YES,2,KM,6,247,YES,7,0,0,0,YES,,,YES,,,NEVER AVAILABLE,RELIGIOUS FACILITY,YES,NO,YES,MALE,YES,NO,22,KM,GOVERNMENT FACILITY,YES,0,YES,YES,NO,YES,YES,NO,2,,NO,22,KM,NO,22,KM,YES,
20303065,DIRT ROAD (MAINTAINED),20,KM,YES,0,12,YES,,,1,HOUR,NO,20,KM,350,NO,128,KM,LILONGWE,2000,NO,20,KM,YES,,,YES,,,NO,20,KM,NO,20,KM,2,0,2,KM,8,603,YES,,NO,,,NO,20,KM,22,349,YES,2,KM,7,214,YES,1,0,0,0,YES,,,NO,4,KM,,,,NO,YES,MALE,NO,YES,20,KM,GOVERNMENT FACILITY,YES,0,YES,YES,NO,YES,YES,YES,2,,NO,20,KM,YES,,,YES,
20305301,TAR/ASPHALT,500,METER,YES,12,12,YES,,,15,MINUTE,NO,40,KM,600,NO,126,KM,LILONGWE,850,NO,40,KM,YES,,,YES,,,YES,,,NO,11,KM,3,0,0,,7,281,YES,,NO,,,NO,9,KM,17,333,YES,12,KM,11,345,YES,2,0,0,0,YES,,,NO,11,KM,,,,NO,YES,FEMALE,YES,NO,40,KM,GOVERNMENT FACILITY,YES,0,NO,,,,,,,,NO,40,KM,NO,40,KM,YES,
20306557,DIRT ROAD (MAINTAINED),4,KM,NO,0,8,NO,4,KM,30,MINUTE,NO,8,KM,250,NO,92,KM,LILONGWE,550,NO,8,KM,YES,,,NO,8,KM,NO,8,KM,NO,8,KM,3,0,1,KM,8,750,YES,,NO,,,NO,8,KM,22,349,YES,7,KM,25,505,YES,0,0,0,0,YES,,,NO,8,KM,,,,NO,YES,FEMALE,NO,NO,8,KM,GOVERNMENT FACILITY,YES,0,YES,NO,NO,YES,NO,YES,2,,NO,8,KM,NO,8,KM,YES,
20402198,DIRT ROAD (MAINTAINED),7,KM,YES,0,12,NO,7,KM,10,MINUTE,NO,50,KM,600,NO,87,KM,LILONGWE,650,NO,7,KM,YES,,,NO,7,KM,NO,7,KM,YES,,,7,0,0,METER,6,870,NO,4,NO,,,NO,7,KM,18,520,YES,2,KM,3,60,NO,0,0,0,0,YES,,,NO,7,KM,ALWAYS AVAILABLE,RELIGIOUS FACILITY,YES,NO,NO,,,,7,KM,RELIGIOUS FACILITY,NO,,NO,,,,,,,,NO,27,KM,NO,27,KM,NO,NO
20404032,TAR/ASPHALT,0,METER,YES,12,12,YES,,,10,MINUTE,NO,22,KM,450,NO,42,KM,MZUZU,400,YES,,,YES,,,NO,7,KM,NO,7,KM,YES,,,30,0,0,KM,10,1094,NO,4,NO,,,NO,38,KM,15,300,YES,7,KM,19,600,YES,1,1,6,1,YES,,,NO,7,KM,,,,NO,YES,MALE,YES,YES,22,KM,RELIGIOUS FACILITY,YES,,YES,,,,,,,,NO,18,KM,NO,18,KM,NO,NO
20404575,DIRT ROAD (MAINTAINED),12,KM,NO,0,4,NO,12,KM,15,MINUTE,NO,42,KM,700,NO,60,KM,LILONGWE,380,NO,12,KM,NO,12,KM,NO,12,KM,NO,12,KM,YES,,,7,0,0,METER,8,780,NO,4,NO,,,NO,60,KM,15,520,YES,4,KM,18,330,YES,0,0,0,0,YES,,,NO,10,KM,,,,NO,YES,MALE,YES,YES,42,KM,GOVERNMENT FACILITY,YES,0,NO,,,,,,,,NO,42,KM,NO,42,KM,NO,NO
20405366,DIRT ROAD (MAINTAINED),7,KM,NO,0,5,NO,7,KM,15,MINUTE,NO,25,KM,200,NO,50,KM,LILONGWE,300,NO,7,KM,NO,7,KM,NO,11,KM,NO,25,KM,YES,,,5,0,0,METER,5,694,NO,4,NO,,,NO,55,KM,15,300,YES,7,KM,6,450,NO,0,0,0,0,YES,,,NO,7,KM,,,,NO,YES,MALE,YES,YES,25,KM,GOVERNMENT FACILITY,YES,0,NO,,,,,,,,NO,50,KM,NO,25,KM,NO,NO
20407398,DIRT ROAD (MAINTAINED),5,KM,YES,12,12,YES,,,15,MINUTE,NO,20,KM,600,NO,55,KM,LILONGWE,300,NO,5,KM,NO,5,KM,NO,6,KM,NO,6,KM,YES,,,18,0,0,METER,7,1800,NO,4,NO,,,NO,10,KM,13,503,YES,7,KM,10,420,NO,0,0,0,0,YES,,,NO,6,KM,,,,NO,YES,FEMALE,YES,YES,6,KM,RELIGIOUS FACILITY,YES,,YES,YES,NO,NO,YES,NO,2,,NO,15,KM,NO,15,KM,NO,NO
20407481,TAR/ASPHALT,0,KM,YES,12,12,YES,,,5,MINUTE,NO,45,KM,450,NO,60,KM,LILONGWE,400,YES,,,YES,,,YES,,,YES,,,YES,,,20,0,0,KM,18,1030,YES,,NO,,,NO,5,KM,26,300,YES,1,KM,12,159,NO,0,0,0,1,YES,,,YES,,,ALWAYS AVAILABLE,GOVERNMENT FACILITY,YES,NO,YES,FEMALE,YES,YES,0,KM,GOVERNMENT FACILITY,NO,,YES,YES,NO,YES,YES,YES,2,,YES,,,YES,,,YES,
20507089,DIRT ROAD (MAINTAINED),5,KM,YES,12,10,NO,5,KM,20,MINUTE,NO,18,KM,200,NO,104,KM,LILONGWE,750,NO,5,KM,NO,7,KM,NO,5,KM,NO,8,KM,YES,,,3,2,3,KM,10,877,NO,3,YES,1/4,COOKED FOOD,NO,12,KM,14,520,YES,10,KM,8,412,NO,1,0,0,0,YES,,,NO,5,KM,,,,YES,,,,,12,KM,GOVERNMENT FACILITY,YES,0,YES,YES,NO,YES,YES,YES,2,,NO,12,KM,NO,12,KM,NO,YES
20507459,TAR/ASPHALT,50,METER,YES,12,12,YES,,,5,MINUTE,NO,27,KM,200,NO,135,KM,LILONGWE,800,YES,,,YES,,,NO,5,KM,NO,5,KM,YES,,,4,2,100,METER,12,156,NO,2,NO,,,NO,19,KM,12,563,YES,100,METER,8,223,NO,2,0,0,0,YES,,,NO,100,METER,,,,YES,,,,,100,METER,GOVERNMENT FACILITY,YES,0,YES,YES,NO,YES,YES,YES,2,,NO,27,KM,NO,27,KM,NO,NO
20508349,TAR/ASPHALT,2,KM,YES,12,12,YES,,,10,MINUTE,YES,,,,YES,,,,,YES,,,YES,,,NO,20,KM,NO,40,KM,YES,,,6,1,2,KM,13,7000,YES,,NO,,,YES,35,KM,14,580,YES,2,KM,5,580,YES,0,0,1,0,YES,,,YES,,,SOMETIMES AVAILABLE,GOVERNMENT FACILITY,YES,NO,YES,FEMALE,YES,YES,2,KM,RELIGIOUS FACILITY,YES,50,YES,YES,YES,YES,YES,YES,2,,NO,40,KM,NO,40,KM,NO,YES
20601141,DIRT ROAD (MAINTAINED),24,KM,YES,4,4,NO,20,KM,20,MINUTE,NO,34,KM,500,NO,40,KM,MZUZU,600,NO,24,KM,YES,,,YES,,,NO,24,KM,YES,,,11,0,2,KM,12,1274,YES,,NO,,,NO,,,0,0,,4,KM,8,294,NO,1,0,0,0,YES,,,YES,,,ALWAYS AVAILABLE,GOVERNMENT FACILITY,YES,YES,,,,,24,METER,RELIGIOUS FACILITY,YES,0,NO,,,,,,,,NO,24,KM,NO,24,KM,NO,NO
20601626,TAR/ASPHALT,20,METER,YES,12,12,YES,,,10,MINUTE,NO,20,KM,200,YES,,,,,YES,,,YES,,,YES,,,YES,,,YES,,,13,2,2,KM,21,2318,YES,,NO,,,NO,,,,,,3,KM,11,280,NO,0,0,1,1,YES,,,YES,,,SOMETIMES AVAILABLE,GOVERNMENT FACILITY,YES,NO,YES,MALE,YES,NO,20,KM,GOVERNMENT FACILITY,YES,150,YES,YES,YES,YES,NO,NO,2,,NO,22,KM,YES,,,NO,NO
20602363,TAR/ASPHALT,100,METER,YES,12,12,YES,,,20,MINUTE,YES,,,,YES,,,,,YES,,,YES,,,NO,4,KM,YES,,,YES,,,12,2,300,METER,37,1789,YES,,YES,ALMOST ALL,COOKED FOOD,NO,400,METER,33,633,YES,300,METER,12,190,NO,0,0,0,0,NO,400,METER,NO,4,KM,,,,NO,,,,,7,KM,RELIGIOUS FACILITY,NO,,NO,,,,,,,,NO,30,KM,NO,30,KM,NO,NO
20603090,DIRT ROAD (MAINTAINED),25,KM,NO,0,7,NO,12,KM,10,HOUR,NO,30,KM,300,YES,,,,,NO,12,KM,YES,,,YES,,,NO,12,KM,NO,12,KM,7,0,200,METER,9,1420,YES,,NO,,,NO,,,,,,6,KM,8,294,NO,0,0,0,0,YES,,,NO,12,KM,,,,NO,NO,,,,12,KM,GOVERNMENT FACILITY,NO,,YES,,,,,,,,NO,12,KM,NO,12,KM,NO,YES
20603533,DIRT ROAD (MAINTAINED),3,MILE,YES,12,12,YES,,,4,MINUTE,YES,,,,NO,24,KM,LILONGWE,200,NO,2,KM,YES,,,YES,,,YES,,,YES,,,14,2,1,KM,27,2763,YES,,NO,,,NO,5,KM,24,623,YES,2,KM,16,330,YES,0,0,1,0,YES,,,YES,,,ALWAYS AVAILABLE,GOVERNMENT FACILITY,YES,NO,YES,MALE,YES,NO,24,KM,GOVERNMENT FACILITY,YES,0,YES,,,,,,,,YES,,,YES,,,YES,
20604638,DIRT ROAD (MAINTAINED),7,KM,YES,12,12,YES,,,10,HOUR,NO,30,KM,450,YES,,,,,NO,4,KM,NO,4,KM,NO,4,KM,NO,4,KM,NO,4,KM,8,2,200,METER,12,1100,YES,,NO,,,NO,,,,,,4,KM,22,700,YES,0,0,0,0,YES,,,NO,5,KM,,,,NO,YES,FEMALE,YES,YES,4,KM,RELIGIOUS FACILITY,YES,0,NO,NO,NO,NO,NO,NO,,,NO,25,KM,NO,25,KM,NO,NO
20605302,DIRT ROAD (MAINTAINED),10,KM,NO,6,4,NO,7,KM,10,DAY,NO,24,KM,500,YES,,,,,NO,7,KM,NO,7,KM,NO,8,KM,NO,8,KM,NO,8,KM,8,0,2,KM,8,1235,YES,,NO,,,NO,,,,,,,,22,700,YES,0,0,0,0,YES,,,NO,8,KM,,,,NO,YES,MALE,YES,YES,7,KM,RELIGIOUS FACILITY,YES,,YES,,,,,,,,NO,24,KM,NO,24,KM,NO,NO
20607260,TAR/ASPHALT,0,METER,YES,12,12,YES,,,10,MINUTE,NO,20,KM,120,YES,,,,,YES,,,YES,,,NO,15,KM,NO,5,KM,NO,5,KM,20,2,3,KM,18,1554,YES,,NO,,,NO,,,,,,5,KM,7,200,YES,0,0,0,0,NO,200,KM,YES,,,ALWAYS AVAILABLE,PRIVATE FACILITY,NO,NO,YES,FEMALE,YES,NO,5,KM,PRIVATE FACILITY,YES,150,YES,NO,NO,YES,NO,YES,2,,NO,5,KM,NO,5,KM,NO,NO
20607315,GRADED GRAVELED,200,METER,YES,12,12,YES,,,20,MINUTE,YES,,,,NO,18,MILE,LILONGWE,200,NO,4,KM,NO,6,KM,NO,7,MILE,NO,8,KM,NO,8,KM,12,0,500,METER,17,1115,YES,,NO,,,NO,0,,0,0,,700,METER,7,400,NO,0,0,0,0,YES,,,NO,10,KM,,,,NO,,,,,25,KM,GOVERNMENT FACILITY,YES,,YES,,,,,,,,NO,25,KM,NO,25,KM,NO,NO
20610050,DIRT ROAD (MAINTAINED),2,KM,YES,12,12,YES,,,20,MINUTE,NO,25,KM,25,NO,25,KM,LILONGWE,250,NO,2,KM,YES,,,YES,,,YES,,,YES,,,10,1,3,KM,14,1200,YES,,NO,,,NO,,,,,,2,KM,11,255,YES,0,0,0,0,YES,,,YES,,,ALWAYS AVAILABLE,GOVERNMENT FACILITY,YES,NO,,,,,17,KM,RELIGIOUS FACILITY,YES,,NO,,,,,,,,NO,1,KM,NO,2,KM,YES,
20610249,DIRT ROAD (MAINTAINED),13,KM,YES,0,12,NO,13,KM,10,MINUTE,NO,30,KM,450,YES,,,,,NO,12,KM,NO,13,KM,NO,13,KM,NO,12,KM,NO,12,KM,7,2,20,METER,4,579,YES,,NO,,,NO,,,,,,12,KM,11,255,YES,0,0,0,0,YES,,,NO,12,KM,,,,NO,NO,,,,12,KM,GOVERNMENT FACILITY,NO,,YES,,,,,,,,NO,30,KM,NO,30,KM,NO,NO
20613324,DIRT ROAD (MAINTAINED),4,KM,YES,12,12,NO,4,KM,30,MINUTE,YES,,,,NO,22,KM,LILONGWE,200,NO,3,KM,YES,,,NO,8,KM,YES,,,YES,,,10,0,1,KM,13,676,YES,,NO,,,NO,,,,,,3,KM,14,360,YES,0,0,1,1,YES,,,YES,,,ALWAYS AVAILABLE,GOVERNMENT FACILITY,YES,YES,,,,,30,KM,RELIGIOUS FACILITY,YES,,NO,,,,,,,,NO,23,KM,YES,,,NO,NO
20614477,TAR/ASPHALT,20,METER,YES,12,12,YES,,,20,HOUR,NO,14,KM,300,YES,,,,,NO,4,KM,NO,4,KM,NO,8,KM,NO,10,KM,NO,5,KM,5,0,200,METER,17,1800,YES,,NO,,,NO,8,KM,33,633,YES,3,KM,8,47,NO,1,0,0,0,YES,,,NO,10,KM,,,,NO,,,,,20,KM,RELIGIOUS FACILITY,YES,0,YES,,,,,,,,NO,25,KM,YES,,,YES,
20615064,DIRT TRACK,30,KM,YES,8,9,YES,,,,,NO,,,300,NO,40,KM,MZUZU,500,NO,6,,YES,,,YES,,,NO,8,KM,NO,8,,8,2,1,KM,13,1300,YES,,YES,ALMOST ALL,BOTH,NO,,,,,,1,KM,7,220,NO,0,0,0,0,NO,,,YES,,,ALWAYS AVAILABLE,GOVERNMENT FACILITY,YES,NO,YES,FEMALE,YES,NO,2,,GOVERNMENT FACILITY,YES,,NO,,,,,,,,NO,40,KM,NO,40,KM,YES,
20615735,DIRT TRACK,24,KM,YES,11,11,YES,,,30,MINUTE,NO,24,KM,25,YES,,,,,NO,18,KM,YES,,,YES,,,YES,,,YES,,,10,2,300,METER,20,2300,YES,,YES,3/4,BOTH,NO,400,METER,15,320,YES,2,KM,10,240,NO,0,0,0,0,YES,,,YES,,,ALWAYS AVAILABLE,GOVERNMENT FACILITY,NO,NO,YES,MALE,YES,YES,14,KM,GOVERNMENT FACILITY,YES,0,NO,NO,NO,NO,NO,NO,2,,NO,30,KM,NO,30,KM,NO,NO
20702471,DIRT ROAD (MAINTAINED),8,KM,YES,12,12,NO,8,KM,5,MINUTE,NO,75,KM,850,NO,70,KM,LILONGWE,700,YES,,,YES,,,NO,8,KM,NO,10,KM,YES,,,15,0,0,KM,10,1912,YES,,NO,,,NO,55,KM,11,212,YES,0,KM,6,173,NO,0,0,0,0,YES,,,YES,,,ALWAYS AVAILABLE,GOVERNMENT FACILITY,NO,YES,,,,,75,KM,GOVERNMENT FACILITY,YES,0,YES,YES,NO,YES,YES,YES,2,,NO,75,KM,NO,75,KM,NO,NO
20704738,DIRT TRACK,2,KM,YES,0,2,NO,2,KM,30,MINUTE,NO,40,KM,400,NO,88,KM,LILONGWE,600,NO,2,KM,NO,2,KM,NO,10,KM,NO,18,KM,NO,2,KM,1,0,2,KM,12,1042,YES,,NO,,,NO,18,KM,17,540,YES,12,KM,12,298,YES,0,0,0,0,NO,2,KM,NO,12,KM,ALWAYS AVAILABLE,GOVERNMENT FACILITY,YES,NO,YES,MALE,NO,YES,40,KM,GOVERNMENT FACILITY,NO,,NO,NO,NO,NO,NO,NO,2,,NO,40,KM,NO,8,KM,NO,NO
20705372,DIRT TRACK,18,KM,NO,0,7,NO,9,KM,4,HOUR,YES,,,,NO,164,KM,LILONGWE,1350,NO,8,KM,NO,8,KM,NO,4,KM,NO,8,KM,NO,8,KM,2,0,2,KM,7,1017,YES,,NO,,,NO,10,KM,11,212,NO,12,KM,8,208,NO,0,0,0,0,NO,8,KM,NO,8,KM,ALWAYS AVAILABLE,GOVERNMENT FACILITY,YES,NO,YES,MALE,NO,NO,45,KM,GOVERNMENT FACILITY,YES,0,YES,NO,NO,YES,YES,NO,1,ENCOURAGE PEOPLE,NO,45,KM,NO,4,KM,NO,NO
20706163,DIRT ROAD (MAINTAINED),2,KM,NO,0,0,NO,3,KM,7,MINUTE,NO,55,KM,250,NO,140,KM,LILONGWE,500,YES,,,YES,,,NO,34,KM,YES,,,YES,,,10,2,3,KM,14,1343,YES,,NO,,,NO,,,,,NO,3,KM,9,211,NO,0,0,0,0,YES,,,YES,,,ALWAYS AVAILABLE,RELIGIOUS FACILITY,YES,NO,YES,MALE,YES,YES,64,KM,GOVERNMENT FACILITY,YES,0,YES,,,,,,,,NO,64,KM,NO,64,KM,YES,
20801046,GRADED GRAVELED,10,KM,YES,10,10,YES,,,20,MINUTE,NO,40,KM,500,NO,80,KM,LILONGWE,700,NO,4,KM,NO,4,KM,NO,7,KM,NO,7,KM,NO,4,KM,5,1,1,KM,11,1117,YES,,NO,,,NO,30,KM,22,497,YES,7,KM,9,393,YES,1,0,0,0,YES,,,NO,7,KM,,,,YES,,,,,40,KM,GOVERNMENT FACILITY,YES,850,YES,YES,NO,YES,YES,YES,2,,NO,40,KM,NO,40,KM,NO,YES
20802019,DIRT ROAD (MAINTAINED),35,KM,NO,10,10,YES,,,3,HOUR,NO,55,KM,800,NO,60,KM,LILONGWE,950,YES,,,YES,,,NO,20,KM,NO,20,KM,YES,,,3,1,2,KM,7,115,YES,,NO,,,NO,55,KM,14,540,YES,10,KM,5,312,NO,1,0,0,0,YES,,,YES,,,ALWAYS AVAILABLE,RELIGIOUS FACILITY,NO,YES,,,,,55,KM,GOVERNMENT FACILITY,YES,850,YES,YES,YES,YES,YES,YES,2,,NO,55,KM,NO,55,KM,NO,NO
20803156,GRADED GRAVELED,5,KM,YES,12,12,NO,5,KM,3,MINUTE,NO,25,KM,250,NO,60,KM,LILONGWE,350,NO,5,KM,NO,5,KM,NO,12,KM,NO,12,KM,NO,5,KM,3,1,3,KM,8,928,NO,2,NO,,,NO,26,KM,22,497,YES,7,KM,10,403,YES,1,1,1,1,YES,,,NO,26,KM,,,,YES,,,,,26,KM,GOVERNMENT FACILITY,YES,850,YES,YES,NO,YES,YES,YES,2,,NO,26,KM,NO,26,KM,NO,NO
20804405,DIRT ROAD (MAINTAINED),30,KM,YES,7,8,NO,10,KM,1,HOUR,YES,,,,NO,70,KM,LILONGWE,700,NO,10,KM,YES,,,NO,30,KM,NO,10,KM,NO,10,KM,3,5,1,KM,8,850,YES,,NO,,,NO,10,KM,14,565,YES,10,KM,7,470,NO,1,0,0,0,YES,,,YES,,,ALWAYS AVAILABLE,GOVERNMENT FACILITY,NO,YES,,,,,40,KM,GOVERNMENT FACILITY,NO,,YES,YES,YES,YES,YES,YES,2,,NO,40,KM,NO,1,METER,NO,NO
20804768,GRADED GRAVELED,25,KM,YES,12,12,YES,,,10,MINUTE,NO,54,KM,500,NO,94,KM,LILONGWE,800,YES,,,YES,,,NO,20,KM,NO,12,KM,YES,,,3,7,2,KM,11,1413,NO,2,NO,,,NO,4,KM,14,416,YES,5,KM,8,387,NO,0,0,0,0,YES,,,NO,5,KM,,,,NO,,,,,42,KM,GOVERNMENT FACILITY,YES,0,YES,YES,NO,YES,YES,YES,2,,NO,42,KM,NO,42,KM,NO,YES
20806131,DIRT ROAD (MAINTAINED),50,KM,NO,6,8,YES,,,2,HOUR,NO,50,KM,500,NO,110,KM,LILONGWE,1000,NO,30,KM,YES,,,NO,11,KM,NO,50,KM,YES,,,5,2,3,KM,11,986,YES,,NO,,,NO,13,KM,12,532,YES,8,KM,6,472,NO,1,0,0,0,YES,,,YES,,,SOMETIMES AVAILABLE,GOVERNMENT FACILITY,NO,YES,,,,,50,KM,GOVERNMENT FACILITY,NO,,YES,YES,YES,YES,YES,YES,2,,NO,50,KM,NO,50,KM,NO,NO
20807727,TAR/ASPHALT,500,METER,YES,12,12,YES,,,30,MINUTE,YES,,,,NO,5,KM,LILONGWE,900,NO,5,KM,YES,,,NO,5,KM,NO,5,KM,NO,5,KM,5,4,1,KM,5,400,YES,,YES,1/4,COOKED FOOD,NO,10,KM,0,0,YES,5,KM,0,0,YES,1,0,0,0,NO,5,KM,NO,5,KM,,,,YES,,,,,50,KM,GOVERNMENT FACILITY,YES,0,NO,,,,,,,,NO,70,KM,NO,50,KM,NO,NO
20808421,DIRT ROAD (MAINTAINED),7,KM,YES,10,10,NO,5,KM,30,MINUTE,NO,12,KM,350,NO,120,KM,LILONGWE,700,NO,7,KM,NO,7,KM,NO,7,KM,NO,7,KM,NO,7,KM,3,1,7,KM,15,813,YES,,NO,,,NO,12,KM,22,497,YES,12,KM,23,377,YES,1,0,0,0,YES,,,YES,,,ALWAYS AVAILABLE,RELIGIOUS FACILITY,YES,YES,,,,,7,KM,RELIGIOUS FACILITY,YES,850,NO,,,,,,,,YES,,,NO,12,KM,NO,NO
20903583,TAR/ASPHALT,300,METER,YES,12,12,YES,,,5,MINUTE,YES,,,,NO,108,KM,LILONGWE,500,YES,,,YES,,,NO,3,KM,NO,3,KM,NO,3,KM,5,0,2,KM,14,807,NO,8,NO,,,NO,3,KM,25,520,YES,4,KM,20,436,YES,0,0,0,0,YES,,,NO,3,KM,,,,NO,NO,,,,3,KM,GOVERNMENT FACILITY,NO,,YES,YES,NO,NO,YES,NO,2,,NO,3,KM,YES,,,NO,NO
20906524,DIRT ROAD (MAINTAINED),8,KM,YES,12,12,NO,8,KM,1,HOUR,NO,8,KM,150,NO,160,KM,BLANTYRE,700,NO,8,KM,NO,8,KM,NO,8,KM,NO,3,KM,NO,8,KM,6,0,2,KM,6,580,YES,,NO,,,NO,7,KM,16,572,NO,4,KM,10,160,NO,0,0,0,0,NO,8,KM,NO,3,KM,,,,NO,YES,MALE,YES,YES,8,KM,GOVERNMENT FACILITY,NO,,NO,,,,,,,,NO,8,KM,NO,8,KM,NO,NO
20906605,DIRT ROAD (MAINTAINED),15,KM,YES,12,12,YES,,,4,HOUR,NO,17,KM,350,NO,112,KM,BLANTYRE,1050,NO,17,KM,NO,3,KM,NO,4,KM,NO,17,KM,NO,17,KM,8,0,300,METER,9,1007,YES,,NO,,,NO,17,KM,31,585,YES,3,KM,12,305,NO,0,0,0,0,YES,,,NO,3,KM,,,,NO,NO,,,,7,KM,GOVERNMENT FACILITY,NO,,NO,,,,,,,,NO,17,KM,NO,17,KM,NO,NO
20908088,DIRT ROAD (MAINTAINED),300,METER,YES,12,12,YES,,,30,MINUTE,NO,85,KM,450,NO,200,KM,BLANTYRE,900,YES,,,YES,,,YES,,,NO,7,KM,YES,,,12,1,200,METER,18,2800,YES,,YES,ALMOST ALL,BOTH,NO,85,KM,36,600,YES,3,KM,13,400,YES,0,0,3,3,YES,,,YES,,,ALWAYS AVAILABLE,RELIGIOUS FACILITY,YES,NO,YES,MALE,YES,YES,7,KM,GOVERNMENT FACILITY,NO,,NO,,,,,,,,NO,50,KM,NO,85,KM,NO,YES
20908119,DIRT ROAD (MAINTAINED),3,KM,YES,12,12,YES,,,40,MINUTE,NO,37,KM,520,NO,180,KM,BLANTYRE,950,YES,,,YES,,,YES,,,YES,,,NO,3,KM,5,0,1,KM,24,2000,YES,,YES,ALMOST ALL,COOKED FOOD,NO,37,KM,31,585,YES,1,KM,11,204,NO,0,2,0,0,NO,10,KM,YES,,,ALWAYS AVAILABLE,GOVERNMENT FACILITY,NO,NO,YES,MALE,YES,YES,1,KM,GOVERNMENT FACILITY,NO,,NO,,,,,,,,NO,35,KM,NO,35,KM,NO,NO
20909113,TAR/ASPHALT,100,METER,YES,12,12,YES,,,30,MINUTE,NO,75,KM,500,NO,140,KM,MZUZU,650,YES,,,YES,,,YES,,,NO,14,KM,YES,,,7,0,500,METER,5,2125,YES,,YES,1/2,COOKED FOOD,NO,75,KM,22,497,NO,500,METER,12,261,NO,0,0,0,0,YES,,,NO,1,KM,,,,NO,NO,,,,1,KM,GOVERNMENT FACILITY,YES,850,NO,,,,,,,,NO,80,KM,NO,80,KM,NO,NO
21037030,DIRT ROAD (MAINTAINED),300,METER,YES,12,12,NO,300,METER,5,MINUTE,YES,,,,YES,,,,,YES,,,NO,15,KM,NO,5,KM,NO,500,METER,YES,,,0,1,2,KM,46,2109,YES,,NO,,,YES,5,KM,47,952,YES,2,KM,23,361,NO,0,0,0,0,YES,,,NO,600,METER,ALWAYS AVAILABLE,GOVERNMENT FACILITY,YES,NO,YES,MALE,NO,NO,600,METER,GOVERNMENT FACILITY,YES,0,YES,YES,NO,NO,YES,NO,2,,NO,3,KM,NO,500,METER,NO,NO
21037536,DIRT ROAD (MAINTAINED),300,METER,YES,12,12,YES,,,10,MINUTE,YES,,,,YES,,,,,YES,,,NO,20,KM,NO,5,KM,YES,,,YES,,,11,2,2,KM,43,2081,YES,,NO,,,YES,5,KM,50,960,YES,2,KM,21,350,NO,2,0,2,1,YES,,,YES,,,ALWAYS AVAILABLE,GOVERNMENT FACILITY,YES,NO,YES,MALE,NO,NO,1,KM,GOVERNMENT FACILITY,YES,50,YES,YES,NO,NO,YES,NO,2,,NO,3,KM,YES,,,NO,NO
21048764,TAR/ASPHALT,0,METER,YES,12,12,YES,,,10,MINUTE,YES,,,,YES,,,,,NO,25,METER,NO,10,KM,NO,4,KM,NO,2,KM,YES,,,4,0,1,KM,25,900,YES,,NO,,,NO,2,KM,16,196,YES,500,METER,18,265,NO,1,1,0,0,YES,,,YES,,,ALWAYS AVAILABLE,GOVERNMENT FACILITY,YES,NO,YES,FEMALE,YES,NO,0,,GOVERNMENT FACILITY,YES,0,YES,,,,,,,,NO,2,KM,NO,2,KM,NO,NO
21051203,TAR/ASPHALT,0,KM,YES,12,12,YES,,,3,MINUTE,YES,,,,YES,,,,,YES,,,NO,10,KM,NO,4,KM,NO,4,KM,YES,,,15,4,0,KM,60,3380,YES,,NO,,,YES,4,KM,65,999,YES,0,KM,19,315,YES,0,0,2,2,YES,,,NO,4,KM,ALWAYS AVAILABLE,GOVERNMENT FACILITY,YES,NO,YES,FEMALE,YES,YES,4,KM,GOVERNMENT FACILITY,NO,,NO,,,,,,,,NO,4,KM,YES,,,NO,NO
21052427,GRADED GRAVELED,1,KM,YES,12,12,YES,,,10,MINUTE,YES,,,,YES,,,,,YES,,,NO,5,KM,NO,3,KM,NO,3,KM,YES,,,1,1,500,METER,50,3103,YES,,NO,,,YES,400,METER,78,990,YES,500,METER,62,990,YES,0,0,0,0,YES,,,NO,4,KM,,,,NO,NO,,,,4,KM,GOVERNMENT FACILITY,NO,,YES,NO,YES,YES,YES,YES,2,,NO,4,KM,NO,4,KM,NO,NO
21053745,DIRT ROAD (MAINTAINED),2,KM,YES,12,12,YES,,,5,MINUTE,YES,,,,YES,,,,,NO,10,METER,NO,10,KM,NO,7,KM,NO,3,KM,YES,,,0,0,500,METER,90,6115,YES,,NO,,,YES,4,KM,75,999,YES,500,METER,22,346,YES,0,0,2,0,YES,,,NO,3,KM,,,,NO,YES,FEMALE,NO,NO,7,KM,GOVERNMENT FACILITY,YES,0,NO,,,,,,,,NO,900,METER,NO,900,METER,NO,YES
21055241,DIRT ROAD (MAINTAINED),1,KM,YES,0,12,NO,1,KM,5,MINUTE,YES,,,,YES,,,,,NO,500,METER,NO,10,KM,NO,5,KM,NO,5,KM,YES,,,1,1,300,METER,54,3046,YES,,NO,,,NO,15,KM,50,975,YES,1,KM,32,601,NO,0,0,0,0,YES,,,NO,1,KM,,,,NO,YES,FEMALE,NO,NO,3,KM,GOVERNMENT FACILITY,YES,0,NO,,,,,,,,NO,3,KM,NO,3,KM,NO,NO
21055693,DIRT ROAD (MAINTAINED),1,KM,YES,12,12,YES,,,20,MINUTE,YES,,,,YES,,,,,YES,,,NO,3,KM,NO,5,KM,NO,5,KM,YES,,,6,1,500,METER,39,2025,YES,,NO,,,YES,10,KM,16,190,YES,2,KM,30,580,NO,0,0,3,3,YES,,,NO,1,KM,,,,NO,YES,FEMALE,NO,NO,1,KM,GOVERNMENT FACILITY,NO,,YES,YES,YES,YES,YES,YES,1,CLEANING THEIR HOMES,NO,3,KM,NO,3,KM,NO,NO
21066096,TAR/ASPHALT,0,METER,YES,12,12,YES,,,5,MINUTE,YES,,,,YES,,,,,YES,,,NO,7,KM,YES,,,NO,4,KM,YES,,,0,1,0,METER,76,4429,YES,,NO,,,YES,5,KM,65,999,YES,3,KM,29,730,YES,1,1,3,4,YES,,,NO,5,KM,ALWAYS AVAILABLE,GOVERNMENT FACILITY,YES,NO,NO,,,,5,KM,GOVERNMENT FACILITY,NO,,YES,YES,NO,YES,YES,NO,2,,NO,5,KM,YES,,,NO,NO
21066339,DIRT ROAD (MAINTAINED),2,KM,YES,12,12,YES,,,5,MINUTE,YES,,,,YES,,,,,YES,,,NO,10,KM,NO,3,KM,NO,5,KM,YES,,,2,1,100,METER,63,4500,YES,,NO,,,YES,5,KM,78,999,YES,2,KM,9,114,NO,1,1,3,0,YES,,,YES,500,METER,ALWAYS AVAILABLE,PRIVATE FACILITY,YES,NO,YES,FEMALE,NO,NO,4,KM,GOVERNMENT FACILITY,YES,0,YES,YES,YES,YES,YES,YES,1,,NO,4,KM,NO,4,KM,NO,NO
21074510,DIRT ROAD (MAINTAINED),2,KM,YES,12,12,YES,,,10,MINUTE,YES,,,,YES,,,,,NO,1,KM,NO,15,KM,NO,8,KM,NO,5,KM,NO,500,METER,1,1,1,KM,27,2900,YES,,NO,,,NO,10,KM,50,960,YES,4,KM,18,222,NO,1,0,1,0,NO,1,KM,NO,5,KM,ALWAYS AVAILABLE,GOVERNMENT FACILITY,YES,NO,YES,FEMALE,NO,NO,10,KM,GOVERNMENT FACILITY,YES,0,YES,NO,YES,YES,YES,YES,1,LIBRARY,NO,6,KM,NO,10,KM,NO,NO
21077725,TAR/ASPHALT,0,,YES,12,12,YES,,,5,MINUTE,YES,,,,YES,,,,,NO,100,METER,NO,10,KM,NO,3,KM,NO,3,KM,YES,,,1,0,1,KM,25,900,YES,,NO,,,NO,350,METER,16,196,YES,1,KM,20,300,NO,0,0,0,0,NO,100,METER,NO,1,KM,,,,NO,NO,,,,2,KM,GOVERNMENT FACILITY,YES,0,NO,NO,NO,NO,NO,NO,2,,NO,1,KM,NO,2,KM,NO,NO
21080308,DIRT ROAD (MAINTAINED),1,KM,YES,12,12,YES,,,5,MINUTE,YES,,,,YES,,,,,YES,,,NO,20,KM,NO,4,KM,NO,4,KM,YES,,,6,2,2,KM,54,3321,YES,,NO,,,NO,3,KM,16,190,YES,3,KM,18,242,NO,0,0,1,0,YES,,,NO,3,KM,,,,NO,YES,MALE,NO,NO,3,KM,GOVERNMENT FACILITY,YES,0,YES,YES,NO,YES,YES,YES,2,,NO,4,KM,NO,4,KM,NO,NO
21081573,DIRT TRACK,400,METER,NO,0,12,NO,400,METER,10,MINUTE,YES,,,,YES,,,,,YES,,,NO,5,KM,NO,2,KM,NO,2,KM,YES,,,1,0,3,KM,45,4500,YES,,NO,,,NO,10,KM,43,966,YES,3,KM,32,601,NO,0,0,1,0,YES,,,NO,2,KM,,,,NO,YES,MALE,YES,NO,2,KM,GOVERNMENT FACILITY,YES,0,YES,YES,NO,YES,YES,YES,1,CLOTHES,NO,2,KM,NO,2,KM,NO,NO
21086069,TAR/ASPHALT,0,METER,YES,12,12,YES,,,5,MINUTE,NO,7,1,100,YES,,,,,YES,,,NO,6,METER,NO,6,METER,NO,7,METER,YES,,,16,3,0,METER,35,2300,YES,,NO,,,YES,7,KM,52,923,YES,3,KM,14,317,YES,1,1,2,2,YES,,,NO,7,KM,,,,NO,YES,FEMALE,YES,YES,7,KM,GOVERNMENT FACILITY,YES,0,YES,YES,NO,YES,YES,YES,2,,NO,7,KM,NO,7,KM,NO,NO
21086436,DIRT ROAD (MAINTAINED),10,METER,YES,12,12,YES,,,1,HOUR,YES,,,,YES,,,,,NO,3,KM,NO,10,KM,NO,10,KM,NO,7,KM,YES,,,6,0,3,KM,31,2000,YES,,NO,,,NO,4,KM,52,973,YES,3,KM,14,317,YES,0,0,0,0,YES,,,NO,2,KM,,,,NO,YES,FEMALE,NO,NO,8,KM,GOVERNMENT FACILITY,NO,,YES,YES,YES,YES,YES,YES,2,,NO,7,KM,NO,5,KM,NO,NO
21087531,DIRT ROAD (MAINTAINED),50,METER,YES,12,12,YES,,,5,MINUTE,YES,,,,YES,,,,,YES,,,YES,,,NO,5,KM,NO,2,KM,YES,,,1,1,1,KM,52,4200,YES,,NO,,,YES,1,KM,45,936,YES,3,KM,13,200,NO,0,0,0,0,YES,,,NO,2,KM,,,,NO,YES,FEMALE,NO,NO,2,KM,RELIGIOUS FACILITY,YES,0,YES,,,,,,,,NO,5,KM,NO,5,KM,NO,NO
21088597,DIRT ROAD (MAINTAINED),250,METER,YES,0,12,NO,350,METER,10,MINUTE,YES,,,,YES,,,,,NO,500,METER,NO,500,METER,NO,7,KM,NO,2,KM,NO,500,METER,3,0,2,METER,15,1171,YES,,YES,1/2,COOKED FOOD,NO,3,KM,16,196,YES,7,KM,18,302,NO,0,0,0,0,YES,,,YES,,,ALWAYS AVAILABLE,PRIVATE FACILITY,YES,NO,YES,FEMALE,YES,NO,2,KM,PRIVATE FACILITY,YES,0,YES,NO,NO,YES,YES,YES,2,,NO,7,KM,NO,7,KM,NO,NO
30101280,DIRT ROAD (MAINTAINED),6,KM,YES,12,12,YES,,,30,MINUTE,NO,10,KM,200,NO,165,KM,ZOMBA,600,NO,10,KM,NO,10,KM,NO,10,KM,NO,10,KM,YES,,,3,9,0,KM,6,700,YES,,NO,,,NO,10,KM,7,999,NO,37,KM,37,999,NO,0,0,0,0,NO,10,KM,NO,37,KM,,,,NO,,,,,37,KM,GOVERNMENT FACILITY,NO,,NO,,,,,,,,NO,10,KM,NO,10,KM,NO,NO
30101545,DIRT ROAD (MAINTAINED),38,KM,NO,8,8,YES,,,40,MINUTE,YES,,,,NO,161,KM,ZOMBA,1100,YES,,,YES,,,NO,72,KM,YES,,,YES,,,0,4,3,KM,16,2000,YES,,NO,,,NO,27,KM,6,999,NO,17,KM,12,999,NO,0,0,0,0,YES,,,NO,20,KM,,,,NO,,,,,20,KM,GOVERNMENT FACILITY,NO,,NO,,,,,,,,NO,38,KM,NO,38,KM,NO,NO
30102028,GRADED GRAVELED,28,KM,YES,6,6,NO,37,KM,10,HOUR,NO,76,KM,1200,NO,221,KM,ZOMBA,2000,NO,1,KM,YES,,,YES,,,NO,37,KM,YES,,,7,10,1,KM,8,1021,NO,10,NO,,,NO,15,KM,12,999,NO,37,KM,10,999,NO,0,0,0,0,YES,,,NO,4,KM,,,,YES,,,,,37,KM,GOVERNMENT FACILITY,NO,,YES,NO,NO,YES,YES,YES,1,DIGGING THEIR GARDENS,NO,37,KM,NO,37,KM,NO,NO
30102540,DIRT ROAD (MAINTAINED),32,KM,NO,0,0,NO,10,KM,1,HOUR,NO,74,KM,700,NO,120,KM,ZOMBA,950,NO,20,KM,NO,20,KM,NO,20,KM,NO,20,KM,NO,20,KM,5,1,0,,6,668,YES,,NO,,,NO,75,KM,24,339,YES,6,KM,8,200,YES,0,0,0,0,YES,,,NO,6,KM,,,,NO,YES,MALE,YES,NO,40,KM,GOVERNMENT FACILITY,NO,,YES,NO,NO,NO,NO,YES,2,,NO,40,KM,NO,40,KM,NO,NO
30103074,DIRT ROAD (MAINTAINED),10,KM,YES,9,12,NO,10,KM,0,MINUTE,YES,,,,NO,250,KM,ZOMBA,2000,NO,10,KM,NO,10,KM,NO,10,KM,NO,10,KM,NO,10,KM,7,14,5,KM,6,1200,YES,,NO,,,NO,20,KM,11,110,YES,10,KM,6,900,NO,0,0,0,0,YES,,,NO,10,KM,,,,NO,NO,,,,10,KM,GOVERNMENT FACILITY,NO,,NO,,,,,,,,NO,10,KM,NO,10,KM,NO,NO
30104708,GRADED GRAVELED,5,KM,YES,12,12,NO,4,KM,30,MINUTE,YES,,,,NO,152,KM,ZOMBA,2000,NO,4,KM,YES,,,NO,5,KM,NO,1,KM,YES,,,3,16,1,KM,6,1275,YES,,NO,,,NO,10,KM,11,162,NO,15,KM,9,999,NO,0,0,0,0,NO,5,KM,NO,23,KM,,,,NO,,,,,23,KM,GOVERNMENT FACILITY,NO,,NO,,,,,,,,NO,8,KM,NO,8,KM,NO,NO
30105325,TAR/ASPHALT,0,METER,YES,12,12,YES,,,30,MINUTE,YES,,,,NO,195,KM,ZOMBA,1000,YES,,,YES,,,NO,10,KM,NO,10,KM,YES,,,5,9,0,,16,1600,YES,,NO,,,NO,10,KM,12,999,NO,10,KM,14,999,NO,1,0,0,0,YES,,,YES,,,ALWAYS AVAILABLE,RELIGIOUS FACILITY,YES,NO,,,NO,NO,0,METER,RELIGIOUS FACILITY,NO,,NO,,,,,,,,NO,72,KM,NO,72,KM,NO,NO
30105448,DIRT ROAD (MAINTAINED),7,KM,YES,12,12,YES,,,1,HOUR,YES,,,,NO,162,KM,ZOMBA,2000,NO,10,KM,NO,10,KM,NO,40,KM,NO,40,KM,NO,10,KM,6,12,7,KM,9,1017,NO,3,NO,,,NO,40,KM,11,999,YES,10,KM,12,999,NO,0,0,0,0,YES,,,NO,10,KM,,,,NO,,,,,10,KM,RELIGIOUS FACILITY,NO,,NO,,,,,,,,NO,40,KM,NO,40,KM,NO,NO
30107624,DIRT ROAD (MAINTAINED),29,KM,YES,0,12,YES,,,1,HOUR,NO,58,KM,800,NO,167,KM,ZOMBA,1500,NO,8,KM,NO,8,KM,NO,8,KM,NO,8,KM,NO,8,KM,3,6,0,,4,682,NO,4,NO,,,NO,58,KM,24,339,YES,10,KM,9,235,YES,0,0,0,0,NO,8,KM,NO,10,KM,,,,NO,YES,MALE,YES,NO,58,KM,GOVERNMENT FACILITY,NO,,NO,,,,,,,,NO,58,KM,NO,58,KM,NO,NO
30108401,GRADED GRAVELED,56,KM,YES,12,12,YES,,,5,HOUR,NO,101,KM,700,NO,800,KM,ZOMBA,1850,YES,,,YES,,,NO,22,KM,NO,22,KM,NO,22,KM,1,11,15,KM,4,867,YES,,NO,,,NO,22,KM,6,320,NO,22,KM,6,320,NO,24,0,0,0,YES,,,YES,,,ALWAYS AVAILABLE,GOVERNMENT FACILITY,NO,NO,,,,,101,KM,GOVERNMENT FACILITY,YES,200,NO,,,,,,,,NO,101,KM,NO,101,KM,NO,NO
30109724,GRADED GRAVELED,10,KM,NO,6,6,YES,,,4,HOUR,YES,,,,NO,200,KM,ZOMBA,4000,NO,10,KM,NO,10,KM,NO,10,KM,NO,10,KM,NO,3,KM,4,6,7,METER,7,578,YES,,NO,,,NO,35,KM,7,999,NO,7,KM,7,999,NO,0,0,0,0,NO,10,KM,NO,10,KM,,,,NO,,,,,10,KM,GOVERNMENT FACILITY,NO,,NO,,,,,,,,NO,76,KM,NO,76,KM,NO,NO
30202252,TAR/ASPHALT,100,METER,YES,12,12,YES,,,10,MINUTE,YES,,,,NO,20,KM,ZOMBA,300,NO,6,KM,NO,6,KM,NO,6,KM,NO,6,KM,YES,,,8,13,6,KM,12,460,YES,,NO,,,NO,6,KM,3,600,NO,3,METER,10,999,NO,0,0,0,0,YES,,,NO,3,KM,,,,NO,,,,,6,KM,GOVERNMENT FACILITY,YES,250,NO,,,,,,,,NO,22,KM,NO,22,KM,YES,
30206341,TAR/ASPHALT,0,METER,YES,12,12,YES,,,40,MINUTE,YES,,,,NO,90,KM,ZOMBA,500,YES,,,YES,,,YES,,,NO,10,KM,YES,,,4,11,0,KM,1,1920,NO,5,NO,,,NO,34,KM,14,999,YES,1,KM,9,999,YES,0,0,0,0,YES,,,YES,,,ALWAYS AVAILABLE,GOVERNMENT FACILITY,NO,YES,,,,,200,METER,GOVERNMENT FACILITY,NO,,NO,,,,,,,,YES,,,NO,10,KM,YES,
30206572,GRADED GRAVELED,4,KM,YES,12,12,YES,,,30,MINUTE,YES,,,,NO,97,KM,ZOMBA,1000,NO,4,KM,NO,4,KM,NO,4,KM,NO,4,KM,NO,4,KM,6,7,1,KM,4,600,YES,,NO,,,NO,10,KM,11,999,YES,6,KM,8,999,NO,0,0,0,0,YES,,,NO,10,KM,,,,NO,,,,,10,KM,GOVERNMENT FACILITY,NO,,NO,,,,,,,,NO,37,KM,NO,37,KM,YES,
30208396,DIRT ROAD (MAINTAINED),30,KM,YES,0,9,YES,,,2,HOUR,NO,75,KM,500,NO,128,KM,ZOMBA,800,NO,3,KM,NO,3,KM,NO,3,KM,NO,30,KM,NO,30,KM,3,1,3,KM,6,821,NO,4,NO,,,NO,75,KM,11,410,YES,3,KM,9,200,YES,0,0,0,0,YES,,,NO,3,KM,,,,NO,YES,FEMALE,NO,NO,75,KM,GOVERNMENT FACILITY,NO,,NO,,,,,,,,NO,30,KM,NO,30,KM,NO,YES
30212307,DIRT ROAD (MAINTAINED),10,KM,YES,12,12,NO,10,KM,40,MINUTE,YES,,,,NO,92,KM,ZOMBA,1500,YES,,,YES,,,YES,,,NO,10,KM,YES,,,5,11,3,KM,9,820,YES,,NO,,,NO,10,KM,11,999,NO,10,KM,9,820,NO,0,0,0,0,YES,,,YES,,,ALWAYS AVAILABLE,GOVERNMENT FACILITY,YES,NO,,,,,4,KM,GOVERNMENT FACILITY,NO,,NO,,,,,,,,NO,82,KM,NO,82,KM,NO,NO
30212492,DIRT TRACK,67,KM,NO,6,6,NO,67,KM,4,DAY,YES,,,,NO,133,KM,ZOMBA,2000,NO,11,KM,NO,15,KM,NO,15,KM,NO,15,KM,NO,15,KM,3,5,9,METER,7,605,NO,4,NO,,,NO,150,KM,9,999,YES,10,KM,8,999,NO,5,1,0,1,YES,,,NO,67,KM,,,,NO,,,,,67,KM,GOVERNMENT FACILITY,NO,,NO,,,,,,,,NO,67,KM,NO,67,KM,NO,NO
30302601,GRADED GRAVELED,6,KM,NO,9,9,NO,6,KM,5,MINUTE,NO,30,KM,150,NO,6,KM,ZOMBA,200,NO,6,KM,NO,3,KM,NO,15,KM,NO,6,KM,NO,6,KM,8,1,3,KM,10,1900,YES,,NO,,,NO,1,KM,26,500,YES,1,METER,6,60,YES,0,0,0,2,NO,35,KM,NO,4,KM,,,,YES,,,,,4,KM,GOVERNMENT FACILITY,YES,850,YES,YES,NO,YES,YES,NO,,,NO,35,KM,YES,,,YES,
30305082,DIRT ROAD (MAINTAINED),10,KM,NO,9,9,NO,10,KM,1,HOUR,NO,50,KM,400,NO,50,KM,ZOMBA,400,NO,10,KM,YES,,,NO,5,KM,NO,5,KM,NO,5,KM,14,2,2,KM,12,1500,YES,,YES,ALMOST ALL,COOKED FOOD,NO,5,KM,0,0,NO,5,KM,8,350,NO,0,0,0,0,NO,5,KM,NO,10,KM,ALWAYS AVAILABLE,RELIGIOUS FACILITY,YES,NO,NO,,,,5,KM,RELIGIOUS FACILITY,NO,,NO,,,,,,,,NO,50,KM,NO,50,KM,NO,NO
30305277,DIRT ROAD (MAINTAINED),5,KM,YES,12,12,YES,,,10,MINUTE,NO,15,KM,300,NO,15,KM,ZOMBA,300,NO,3,KM,YES,,,YES,,,YES,,,NO,3,KM,4,1,1,KM,7,1284,YES,,NO,,,NO,7,KM,12,200,NO,3,KM,11,250,NO,0,0,0,0,YES,,,NO,5,KM,,,,NO,,,,,3,KM,GOVERNMENT FACILITY,YES,850,NO,,,,,,,,NO,15,KM,NO,5,KM,NO,NO
30305580,DIRT ROAD (MAINTAINED),26,KM,YES,12,12,NO,26,KM,10,HOUR,NO,36,KM,650,NO,15,KM,ZOMBA,250,NO,36,KM,NO,7,KM,NO,13,KM,NO,13,KM,NO,13,KM,13,1,7,KM,5,850,YES,,NO,,,NO,13,KM,9,289,YES,15,KM,15,274,YES,0,0,0,3,NO,36,KM,NO,13,KM,,,,NO,,,,,13,KM,GOVERNMENT FACILITY,YES,850,NO,,,,,,,,NO,36,KM,NO,36,KM,NO,NO
30306087,DIRT ROAD (MAINTAINED),37,KM,NO,9,8,NO,4,KM,3,HOUR,NO,41,KM,700,NO,41,KM,ZOMBA,700,NO,4,KM,NO,6,KM,NO,4,KM,NO,16,KM,NO,16,KM,4,1,4,KM,5,1216,YES,,NO,,,NO,16,KM,13,290,YES,4,KM,10,305,NO,3,0,0,0,YES,,,NO,4,KM,ALWAYS AVAILABLE,RELIGIOUS FACILITY,NO,YES,,,,,4,KM,RELIGIOUS FACILITY,YES,0,YES,,,,,,,,NO,41,KM,NO,41,KM,NO,NO
30306555,DIRT ROAD (MAINTAINED),25,KM,NO,8,8,NO,25,KM,5,MINUTE,NO,98,KM,1000,NO,98,KM,ZOMBA,1000,NO,5,KM,NO,5,KM,NO,25,KM,NO,25,KM,NO,20,KM,24,0,500,METER,11,758,YES,,YES,ALMOST ALL,COOKED FOOD,NO,98,KM,32,800,YES,500,METER,7,176,NO,0,0,0,0,NO,25,KM,NO,25,KM,ALWAYS AVAILABLE,GOVERNMENT FACILITY,YES,NO,,,,,98,KM,GOVERNMENT FACILITY,NO,,YES,YES,NO,NO,YES,NO,2,,NO,98,KM,NO,98,KM,NO,NO
30307678,TAR/ASPHALT,100,METER,YES,12,12,YES,,,5,MINUTE,NO,24,KM,200,YES,,,,,YES,,,NO,12,KM,YES,,,YES,,,YES,,,7,1,1,KM,18,1264,YES,,NO,,,NO,5,KM,7,240,YES,1,KM,12,200,NO,2,1,1,2,YES,,,NO,1,KM,ALWAYS AVAILABLE,RELIGIOUS FACILITY,YES,NO,NO,,,,1,KM,RELIGIOUS FACILITY,YES,0,NO,,,,,,,,NO,24,KM,NO,24,KM,NO,NO
30403444,DIRT ROAD (MAINTAINED),5,METER,YES,12,12,YES,,,5,MINUTE,NO,80,KM,730,NO,30,KM,ZOMBA,280,YES,,,YES,,,NO,10,KM,YES,,,YES,,,6,2,0,,11,918,YES,,YES,ALMOST ALL,COOKED FOOD,NO,70,KM,37,580,YES,0,KM,12,363,NO,0,0,0,0,YES,,,YES,,,ALWAYS AVAILABLE,GOVERNMENT FACILITY,YES,YES,,,,,0,KM,GOVERNMENT FACILITY,NO,,NO,,,,,,,,NO,25,KM,NO,25,KM,NO,NO
30406710,DIRT ROAD (MAINTAINED),15,KM,NO,0,8,NO,15,KM,10,MINUTE,NO,16,KM,300,NO,35,KM,BLANTYRE,500,NO,16,KM,YES,,,NO,15,KM,NO,4,MILE,NO,4,MILE,4,1,4,KM,11,1194,YES,,YES,ALMOST ALL,COOKED FOOD,NO,25,KM,27,280,YES,45,KM,6,196,NO,1,0,0,1,NO,15,KM,NO,5,KM,,,,NO,NO,,,,15,KM,GOVERNMENT FACILITY,NO,,NO,,,,,,,,NO,35,KM,NO,35,KM,NO,NO
30501383,GRADED GRAVELED,7,KM,YES,12,12,YES,,,5,MINUTE,NO,16,KM,100,NO,16,KM,BLANTYRE,100,NO,2,KM,NO,5,KM,NO,20,KM,NO,5,KM,NO,5,KM,15,1,5,KM,17,569,YES,,YES,ALMOST ALL,COOKED FOOD,NO,5,KM,30,560,NO,10,METER,26,472,NO,2,0,0,2,YES,,,NO,15,KM,,,,NO,YES,FEMALE,YES,YES,15,KM,GOVERNMENT FACILITY,YES,0,YES,YES,NO,YES,YES,YES,2,,NO,5,KM,NO,15,KM,NO,NO
30502456,DIRT ROAD (MAINTAINED),10,KM,NO,0,0,NO,10,KM,5,MINUTE,NO,33,KM,350,NO,33,KM,BLANTYRE,350,NO,10,KM,NO,10,KM,NO,10,KM,NO,10,KM,NO,10,KM,8,1,10,KM,14,1782,YES,,NO,,,NO,21,KM,30,560,YES,11,KM,19,307,YES,0,0,0,0,NO,10,KM,NO,10,KM,,,,NO,,,,,10,KM,GOVERNMENT FACILITY,NO,,NO,,,,,,,,NO,33,KM,NO,33,KM,YES,
30503685,DIRT ROAD (MAINTAINED),5,KM,NO,8,8,NO,5,KM,5,MINUTE,NO,50,KM,450,NO,50,KM,BLANTYRE,450,YES,,,NO,5,KM,NO,5,KM,NO,5,KM,NO,5,KM,11,0,0,KM,7,861,NO,3,NO,,,NO,35,KM,30,560,YES,5,KM,9,210,YES,2,0,0,0,YES,,,NO,5,KM,,,,YES,YES,FEMALE,YES,YES,50,KM,GOVERNMENT FACILITY,YES,850,YES,YES,NO,YES,NO,NO,1,,NO,50,KM,NO,50,KM,YES,
30504518,DIRT ROAD (MAINTAINED),30,KM,NO,0,7,NO,10,KM,3,HOUR,NO,52,KM,500,NO,52,KM,BLANTYRE,500,NO,10,KM,NO,10,KM,NO,10,KM,NO,7,KM,NO,7,KM,16,0,5,KM,8,1085,YES,,NO,,,NO,45,KM,30,560,YES,10,KM,3,79,NO,1,0,0,0,NO,10,KM,NO,7,KM,,,,NO,,,,,52,KM,GOVERNMENT FACILITY,NO,,NO,,,,,,,,NO,30,KM,NO,52,KM,NO,NO
30602235,DIRT ROAD (MAINTAINED),26,KM,YES,0,8,NO,4,KM,4,HOUR,NO,26,KM,500,NO,126,KM,BLANTYRE,1000,NO,4,KM,NO,4,KM,YES,,,YES,,,YES,,,9,0,4,KM,8,671,YES,,NO,,,NO,26,KM,21,410,YES,4,KM,6,240,YES,1,0,0,0,NO,4,KM,YES,,,ALWAYS AVAILABLE,GOVERNMENT FACILITY,YES,NO,YES,FEMALE,NO,NO,56,KM,GOVERNMENT FACILITY,NO,,YES,NO,NO,NO,NO,YES,2,,NO,46,KM,NO,36,KM,NO,NO
30620196,TAR/ASPHALT,100,METER,YES,12,12,YES,,,6,HOUR,YES,,,,NO,100,KM,BLANTYRE,600,YES,,,YES,,,NO,4,KM,NO,1,KM,NO,1,KM,5,2,100,METER,13,883,YES,,NO,,,NO,2,KM,21,410,YES,2,KM,7,410,NO,0,0,3,2,YES,,,NO,2,KM,,,,NO,,,,,2,KM,GOVERNMENT FACILITY,YES,0,YES,NO,NO,YES,YES,YES,2,,NO,2,KM,NO,2,KM,NO,YES
30703381,DIRT ROAD (MAINTAINED),27,KM,YES,0,12,YES,,,30,MINUTE,NO,30,KM,500,NO,45,KM,BLANTYRE,900,NO,5,KM,YES,,,NO,7,KM,NO,7,KM,YES,,,6,2,4,KM,10,670,YES,,YES,ALMOST ALL,COOKED FOOD,NO,4,KM,29,440,YES,4,KM,5,150,NO,0,0,0,1,YES,,,YES,,,ALWAYS AVAILABLE,GOVERNMENT FACILITY,YES,NO,,,,,17,KM,RELIGIOUS FACILITY,NO,,YES,YES,NO,YES,YES,NO,2,,NO,23,KM,NO,23,KM,NO,YES
30704313,DIRT ROAD (MAINTAINED),18,KM,NO,0,9,NO,14,KM,30,MINUTE,NO,30,KM,900,NO,45,KM,BLANTYRE,1000,NO,5,KM,NO,5,KM,NO,12,KM,NO,5,KM,NO,5,KM,6,0,5,KM,10,8,NO,4,YES,ALMOST ALL,COOKED FOOD,NO,27,KM,27,514,YES,20,KM,10,298,YES,0,0,0,0,YES,,,NO,20,KM,,,,NO,,,,,22,KM,RELIGIOUS FACILITY,NO,,NO,,,,,,,,NO,27,KM,NO,27,KM,NO,NO
30705391,GRADED GRAVELED,9,KM,YES,0,12,NO,9,KM,15,MINUTE,NO,7,KM,100,NO,15,KM,BLANTYRE,400,NO,13,KM,NO,13,KM,NO,13,KM,NO,13,KM,YES,,,3,0,3,KM,12,809,YES,,NO,,,YES,18,KM,27,514,YES,13,KM,11,305,YES,0,0,1,1,YES,,,YES,,,ALWAYS AVAILABLE,RELIGIOUS FACILITY,YES,NO,,,,,13,KM,GOVERNMENT FACILITY,YES,0,YES,YES,YES,YES,YES,YES,2,,NO,13,KM,NO,10,KM,NO,NO
30706619,GRADED GRAVELED,12,KM,NO,10,10,NO,7,KM,1,HOUR,NO,15,KM,300,NO,27,KM,BLANTYRE,450,NO,7,KM,NO,7,KM,NO,7,KM,NO,7,KM,NO,7,KM,4,1,7,KM,18,1222,NO,3,YES,ALMOST ALL,COOKED FOOD,NO,22,KM,27,514,YES,12,KM,9,294,NO,1,1,1,1,YES,,,NO,7,KM,,,,NO,,,,,3,KM,RELIGIOUS FACILITY,YES,0,NO,,,,,,,,NO,12,KM,NO,12,KM,NO,NO
30708665,TAR/ASPHALT,2,KM,YES,12,12,YES,,,10,MINUTE,NO,10,KM,80,NO,40,KM,BLANTYRE,350,YES,,,YES,,,YES,,,NO,10,KM,NO,4,KM,10,1,2,KM,17,2100,YES,,YES,ALMOST ALL,COOKED FOOD,NO,10,KM,15,480,YES,10,KM,9,550,NO,3,1,1,4,YES,,,YES,,,SOMETIMES AVAILABLE,GOVERNMENT FACILITY,NO,YES,,,,,15,KM,GOVERNMENT FACILITY,YES,0,YES,YES,NO,YES,YES,YES,2,,NO,15,KM,NO,15,KM,NO,NO
30709438,DIRT ROAD (MAINTAINED),9,KM,NO,0,9,YES,,,20,MINUTE,NO,21,KM,250,NO,24,KM,BLANTYRE,300,NO,9,KM,YES,,,NO,9,KM,NO,9,KM,YES,,,7,0,2,KM,26,1930,NO,2,YES,ALMOST ALL,COOKED FOOD,NO,11,KM,15,361,YES,6,KM,7,304,NO,0,0,0,1,YES,,,YES,,,ALWAYS AVAILABLE,GOVERNMENT FACILITY,YES,YES,,,,,15,KM,GOVERNMENT FACILITY,YES,0,YES,YES,NO,YES,YES,YES,2,,NO,9,KM,NO,9,KM,NO,NO
30710079,TAR/ASPHALT,0,KM,YES,12,12,YES,,,20,MINUTE,NO,7,KM,50,NO,12,KM,BLANTYRE,200,YES,,,YES,,,NO,5,KM,NO,5,KM,YES,,,3,0,3,KM,11,829,YES,,YES,ALMOST ALL,COOKED FOOD,NO,12,KM,27,514,YES,5,KM,14,324,YES,0,1,0,1,YES,,,YES,,,ALWAYS AVAILABLE,PRIVATE FACILITY,YES,NO,,,,,7,KM,GOVERNMENT FACILITY,YES,0,YES,YES,NO,YES,YES,YES,2,,NO,7,KM,NO,7,KM,YES,
30711684,DIRT ROAD (MAINTAINED),23,KM,NO,0,8,NO,23,KM,30,MINUTE,NO,38,KM,450,NO,33,KM,BLANTYRE,400,NO,13,KM,NO,13,KM,NO,13,KM,NO,13,KM,NO,7,KM,4,0,2,KM,8,680,YES,,NO,,,NO,20,KM,20,359,YES,14,KM,11,305,YES,0,0,0,1,YES,,,YES,,,SOMETIMES AVAILABLE,GOVERNMENT FACILITY,NO,NO,,,,,29,KM,GOVERNMENT FACILITY,NO,,YES,NO,NO,YES,YES,NO,2,,NO,20,KM,NO,20,KM,NO,NO
30801672,DIRT ROAD (MAINTAINED),15,KM,NO,0,0,NO,15,KM,5,MINUTE,NO,30,KM,500,NO,60,KM,BLANTYRE,700,NO,20,KM,NO,2,KM,NO,4,KM,NO,4,KM,NO,4,KM,8,1,3,KM,9,1380,YES,,YES,ALMOST ALL,COOKED FOOD,NO,30,KM,32,601,YES,3,KM,5,176,NO,0,0,0,0,NO,15,KM,NO,5,KM,,,,NO,NO,,,,30,KM,GOVERNMENT FACILITY,YES,100,YES,YES,NO,NO,NO,NO,2,,NO,30,KM,NO,30,KM,NO,NO
30801679,DIRT ROAD (MAINTAINED),5,KM,NO,0,9,NO,5,KM,5,MINUTE,NO,8,KM,150,NO,65,KM,BLANTYRE,600,NO,8,KM,NO,2,KM,NO,2,KM,NO,8,KM,NO,8,KM,5,0,2,KM,23,3869,YES,,YES,ALMOST NONE,COOKED FOOD,NO,8,KM,32,601,YES,4,KM,12,472,NO,0,0,0,0,NO,8,KM,NO,8,KM,,,,NO,NO,,,,8,KM,GOVERNMENT FACILITY,NO,,NO,,,,,,,,NO,8,KM,NO,8,KM,NO,NO
30803115,GRADED GRAVELED,6,KM,YES,0,12,NO,6,KM,5,MINUTE,NO,18,KM,100,NO,60,KM,BLANTYRE,400,NO,9,KM,NO,6,KM,NO,9,KM,NO,7,KM,NO,6,KM,8,1,0,,13,1100,YES,,YES,ALMOST NONE,COOKED FOOD,NO,18,KM,32,601,YES,2,KM,19,480,YES,0,0,1,1,YES,,,NO,7,KM,,,,NO,NO,,,,18,KM,GOVERNMENT FACILITY,YES,0,YES,YES,NO,NO,NO,NO,2,,NO,18,KM,NO,18,KM,NO,YES
30804416,GRADED GRAVELED,1,KM,YES,12,12,YES,,,5,MINUTE,NO,10,KM,150,NO,40,KM,BLANTYRE,350,YES,,,YES,,,NO,4,KM,NO,4,KM,NO,4,KM,8,1,0,,10,550,YES,,NO,,,NO,3,KM,30,540,YES,2,KM,8,208,NO,0,0,0,4,YES,,,YES,,,ALWAYS AVAILABLE,GOVERNMENT FACILITY,YES,NO,,,,,20,METER,GOVERNMENT FACILITY,NO,900,NO,,,,,,,,NO,4,KM,NO,30,KM,NO,YES
30805259,DIRT ROAD (MAINTAINED),5,KM,YES,12,12,NO,6,KM,10,MINUTE,NO,23,KM,150,NO,50,KM,BLANTYRE,500,NO,12,KM,YES,,,NO,30,KM,NO,6,KM,NO,6,KM,7,1,5,KM,5,898,YES,,YES,ALMOST ALL,COOKED FOOD,NO,12,KM,32,601,YES,4,KM,19,363,YES,0,0,0,1,NO,10,KM,NO,10,KM,,,,NO,NO,,,,10,KM,RELIGIOUS FACILITY,YES,900,NO,,,,,,,,NO,12,KM,NO,12,KM,NO,NO
30806611,GRADED GRAVELED,30,KM,NO,4,3,NO,30,KM,3,HOUR,NO,55,KM,400,NO,70,KM,BLANTYRE,500,NO,2,KM,YES,,,YES,,,NO,30,KM,NO,30,KM,4,0,5,KM,8,8,YES,,NO,,,NO,5,KM,5,500,NO,0,KM,7,250,NO,2,1,0,0,YES,,,NO,6,KM,,,,NO,NO,,,,6,KM,GOVERNMENT FACILITY,NO,,NO,,,,,,,,NO,70,KM,NO,30,KM,NO,YES
30901054,GRADED GRAVELED,15,KM,YES,0,12,NO,15,KM,1,HOUR,NO,42,KM,300,NO,42,KM,ZOMBA,500,NO,42,KM,YES,,,NO,5,KM,NO,42,KM,NO,42,KM,9,1,0,,8,650,YES,,NO,,,NO,42,KM,45,472,YES,15,KM,12,446,YES,0,0,0,0,NO,42,KM,YES,,,ALWAYS AVAILABLE,GOVERNMENT FACILITY,YES,YES,,,,,42,KM,GOVERNMENT FACILITY,YES,0,NO,,,,,,,,NO,42,KM,NO,42,KM,NO,YES
30901475,GRADED GRAVELED,141,KM,YES,12,12,YES,,,1,HOUR,NO,70,KM,500,NO,80,KM,ZOMBA,600,NO,70,KM,NO,5,KM,NO,15,KM,NO,70,KM,NO,70,KM,8,0,0,,10,995,NO,1,YES,ALMOST ALL,COOKED FOOD,NO,70,KM,45,472,YES,20,KM,8,234,NO,0,0,0,0,NO,70,KM,NO,10,KM,,,,NO,NO,,,,10,KM,RELIGIOUS FACILITY,NO,,NO,,,,,,,,NO,70,KM,NO,70,KM,NO,NO
30901603,DIRT ROAD (MAINTAINED),60,KM,YES,12,12,YES,,,1,DAY,NO,10,KM,70,NO,70,KM,ZOMBA,500,NO,10,KM,YES,,,NO,10,KM,NO,10,KM,NO,10,KM,10,0,0,,7,833,NO,1,YES,ALMOST ALL,COOKED FOOD,NO,10,KM,45,472,YES,0,KM,12,446,YES,0,0,0,0,NO,10,KM,YES,,,ALWAYS AVAILABLE,GOVERNMENT FACILITY,NO,NO,NO,,,,10,KM,GOVERNMENT FACILITY,YES,0,YES,YES,NO,NO,YES,YES,2,,NO,10,KM,NO,10,KM,NO,NO
31001333,DIRT ROAD (MAINTAINED),22,KM,NO,0,9,NO,22,KM,30,MINUTE,NO,76,KM,1200,NO,112,KM,BLANTYRE,1400,NO,1,KM,NO,1,KM,NO,1,KM,NO,27,KM,NO,22,KM,3,0,1,KM,5,957,YES,,YES,ALMOST ALL,COOKED FOOD,NO,27,KM,20,398,YES,25,KM,10,323,YES,0,0,0,0,YES,,,NO,1,KM,SOMETIMES AVAILABLE,GOVERNMENT FACILITY,NO,NO,,,,,27,KM,GOVERNMENT FACILITY,YES,350,NO,,,,,,,,NO,26,KM,NO,26,KM,NO,NO
31001749,DIRT ROAD (MAINTAINED),60,KM,NO,0,8,NO,8,KM,1,HOUR,NO,84,KM,600,NO,123,KM,BLANTYRE,1000,NO,8,KM,NO,8,KM,NO,8,KM,NO,8,KM,NO,8,KM,6,0,0,METER,4,212,NO,2,NO,,,NO,60,KM,20,375,YES,5,KM,6,200,NO,0,0,0,0,YES,,,NO,8,KM,ALWAYS AVAILABLE,GOVERNMENT FACILITY,YES,NO,,,,,30,KM,GOVERNMENT FACILITY,YES,100,NO,,,,,,,,NO,60,KM,NO,60,KM,NO,NO
31002169,TAR/ASPHALT,0,METER,YES,12,12,YES,,,1,HOUR,NO,50,KM,400,NO,110,KM,BLANTYRE,600,YES,,,NO,2,KM,NO,2,KM,NO,2,KM,YES,,,7,0,0,METER,16,2030,YES,,NO,,,NO,50,KM,20,367,YES,2,KM,10,160,YES,0,0,0,0,YES,,,NO,2,KM,ALWAYS AVAILABLE,RELIGIOUS FACILITY,YES,NO,,,,,50,KM,GOVERNMENT FACILITY,NO,,YES,YES,YES,YES,YES,YES,2,,NO,2,KM,YES,,,NO,NO
31004312,DIRT ROAD (MAINTAINED),10,KM,YES,0,9,NO,10,KM,30,MINUTE,NO,20,KM,200,NO,40,KM,BLANTYRE,350,NO,3,KM,NO,3,KM,NO,5,KM,NO,20,KM,NO,10,KM,9,0,0,,6,675,NO,2,YES,ALMOST ALL,COOKED FOOD,NO,30,KM,20,367,YES,10,KM,11,200,YES,0,0,0,0,YES,,,NO,3,KM,ALWAYS AVAILABLE,GOVERNMENT FACILITY,YES,YES,YES,MALE,YES,YES,30,KM,GOVERNMENT FACILITY,NO,,NO,,,,,,,,NO,50,KM,NO,50,KM,NO,YES
31006556,DIRT TRACK,32,KM,YES,12,12,YES,,,1,DAY,NO,96,KM,600,NO,57,KM,BLANTYRE,400,NO,22,KM,YES,,,NO,22,KM,NO,35,MILE,NO,22,KM,10,0,0,,8,970,NO,2,YES,ALMOST ALL,COOKED FOOD,NO,96,KM,20,367,YES,96,KM,10,212,YES,0,0,0,1,YES,,,YES,,,ALWAYS AVAILABLE,GOVERNMENT FACILITY,YES,NO,NO,,,,57,KM,GOVERNMENT FACILITY,NO,,YES,YES,NO,NO,YES,YES,2,,NO,57,KM,NO,57,KM,NO,NO
31007335,DIRT TRACK,48,KM,NO,0,0,NO,7,KM,1,DAY,NO,56,KM,700,NO,900,KM,BLANTYRE,900,NO,7,KM,NO,7,KM,NO,7,KM,NO,14,KM,NO,7,KM,4,0,0,METER,4,285,NO,3,NO,,,NO,56,KM,20,367,YES,52,KM,7,245,NO,0,0,0,0,YES,,,NO,14,KM,ALWAYS AVAILABLE,GOVERNMENT FACILITY,YES,NO,,,,,56,KM,GOVERNMENT FACILITY,YES,50,YES,YES,NO,YES,YES,YES,2,,NO,79,KM,NO,56,KM,NO,NO
31108703,DIRT ROAD (MAINTAINED),60,KM,YES,0,12,YES,,,1,DAY,NO,10,KM,150,NO,158,KM,BLANTYRE,1000,YES,,,YES,,,YES,,,NO,10,KM,NO,10,KM,15,0,2,KM,9,1250,YES,,YES,ALMOST ALL,COOKED FOOD,YES,10,KM,17,362,YES,3,KM,5,100,NO,0,0,0,0,YES,,,YES,,,ALWAYS AVAILABLE,GOVERNMENT FACILITY,YES,NO,,,,,10,KM,GOVERNMENT FACILITY,YES,400,YES,YES,NO,YES,YES,YES,2,,NO,10,KM,NO,10,KM,NO,NO
31201007,TAR/ASPHALT,6,MILE,YES,12,12,NO,6,MILE,1,HOUR,NO,6,MILE,150,NO,70,KM,ZOMBA,500,NO,6,MILE,NO,6,MILE,NO,6,MILE,NO,6,MILE,NO,6,MILE,8,1,1,KM,1,600,YES,,NO,,,NO,6,MILE,32,660,YES,1,KM,7,320,NO,0,0,0,0,NO,6,MILE,NO,6,MILE,,,,YES,,,,,6,MILE,GOVERNMENT FACILITY,NO,,NO,,,,,,,,NO,6,MILE,NO,6,MILE,NO,NO
31201104,DIRT ROAD (MAINTAINED),4,KM,NO,0,12,NO,3,KM,10,MINUTE,NO,33,KM,320,NO,33,KM,ZOMBA,420,NO,4,KM,NO,4,KM,NO,40,KM,NO,40,KM,NO,4,KM,8,2,1,KM,7,1300,YES,,NO,,,NO,40,KM,31,694,YES,3,KM,14,179,YES,0,0,0,0,YES,,,NO,15,KM,,,,NO,,,,,15,KM,GOVERNMENT FACILITY,NO,,NO,,,,,,,,NO,40,KM,NO,40,KM,NO,YES
31201197,DIRT ROAD (MAINTAINED),40,KM,NO,0,9,NO,40,KM,30,MINUTE,NO,58,KM,650,NO,70,KM,ZOMBA,500,NO,5,KM,NO,8,KM,NO,5,KM,NO,58,KM,NO,58,KM,2,0,3,KM,11,800,NO,3,NO,,,YES,8,KM,32,660,YES,8,KM,12,317,NO,0,0,0,0,YES,,,NO,5,KM,,,,NO,YES,MALE,YES,NO,5,KM,GOVERNMENT FACILITY,NO,,NO,,,,,,,,NO,58,KM,NO,58,KM,NO,NO
31201516,DIRT ROAD (MAINTAINED),4,KM,YES,0,12,NO,4,KM,20,MINUTE,NO,4,KM,150,NO,90,KM,ZOMBA,550,NO,4,KM,NO,4,KM,NO,4,KM,NO,4,KM,NO,4,KM,8,1,500,METER,12,894,YES,,YES,ALMOST ALL,COOKED FOOD,NO,4,KM,32,660,YES,5,KM,19,217,YES,0,0,0,0,YES,,,NO,4,KM,,,,NO,,,,,4,KM,GOVERNMENT FACILITY,NO,,YES,YES,NO,YES,NO,NO,2,,NO,4,KM,NO,4,KM,NO,NO
31204618,DIRT ROAD (MAINTAINED),17,MILE,YES,12,12,NO,17,MILE,10,HOUR,NO,12,MILE,300,NO,77,KM,ZOMBA,1100,NO,4,MILE,NO,4,MILE,NO,4,MILE,NO,4,MILE,NO,4,MILE,2,6,300,METER,6,240,YES,,NO,,,NO,4,MILE,32,660,YES,4,MILE,11,258,NO,0,0,0,0,YES,,,NO,4,MILE,,,,NO,NO,,,,4,MILE,GOVERNMENT FACILITY,NO,,NO,,,,,,,,NO,12,MILE,NO,12,MILE,NO,NO
31432523,DIRT ROAD (MAINTAINED),500,METER,YES,12,12,NO,15,KM,30,MINUTE,YES,,,,NO,3,KM,ZOMBA,100,NO,3,KM,YES,,,NO,2,MILE,NO,2,MILE,NO,3,KM,4,1,5,METER,14,798,YES,,YES,ALMOST ALL,COOKED FOOD,NO,7,KM,60,759,YES,3,KM,24,150,YES,0,0,0,0,YES,,,YES,,,NEVER AVAILABLE,GOVERNMENT FACILITY,NO,YES,,,,,4,KM,GOVERNMENT FACILITY,NO,,YES,YES,NO,YES,YES,YES,,,NO,3,KM,NO,3,KM,NO,YES
31432676,TAR/ASPHALT,0,KM,YES,12,12,YES,,,10,MINUTE,YES,,,,YES,,,,,YES,,,NO,6,KM,YES,,,YES,,,YES,,,8,2,1,KM,36,1508,YES,,NO,,,YES,2,KM,60,750,YES,21,KM,25,240,YES,0,0,3,2,YES,,,YES,,,ALWAYS AVAILABLE,PRIVATE FACILITY,YES,NO,YES,FEMALE,YES,YES,2,METER,GOVERNMENT FACILITY,YES,1000,YES,YES,NO,NO,YES,YES,2,,YES,,,YES,,,NO,NO
31435120,DIRT ROAD (MAINTAINED),100,METER,YES,12,12,YES,,,5,MINUTE,YES,,,,YES,,,,,YES,,,YES,,,NO,4,KM,NO,4,KM,NO,45,KM,4,3,2,KM,27,2020,YES,,NO,,,NO,5,KM,,,YES,3,KM,17,200,NO,1,0,3,5,YES,,,NO,15,KM,,,,YES,,,,,1,METER,RELIGIOUS FACILITY,YES,1,YES,YES,NO,YES,YES,YES,2,,NO,4,KM,NO,4,KM,NO,NO
31435753,DIRT ROAD (MAINTAINED),2,KM,NO,6,6,NO,2,KM,5,MINUTE,YES,,,,YES,,,,,YES,,,YES,,,NO,5,KM,NO,5,KM,NO,2,KM,2,3,2,KM,29,1900,YES,,YES,ALMOST ALL,COOKED FOOD,NO,6,KM,50,700,NO,3,KM,17,193,NO,0,0,2,4,YES,,,YES,,,ALWAYS AVAILABLE,PRIVATE FACILITY,NO,NO,YES,MALE,YES,NO,3,KM,GOVERNMENT FACILITY,NO,,NO,,,,,,,,NO,5,KM,NO,5,KM,NO,NO
31436695,GRADED GRAVELED,1,KM,YES,0,12,NO,1,KM,15,MINUTE,NO,5,KM,70,YES,,,,,YES,,,YES,,,NO,5,KM,NO,5,KM,NO,5,KM,4,1,1,KM,60,2800,YES,,YES,ALMOST ALL,COOKED FOOD,NO,7,KM,50,700,YES,3,KM,12,360,NO,0,0,1,5,YES,,,YES,,,ALWAYS AVAILABLE,GOVERNMENT FACILITY,YES,YES,,,,,10,KM,GOVERNMENT FACILITY,YES,850,NO,,,,,,,,YES,,,NO,5,KM,NO,NO
31438690,DIRT ROAD (MAINTAINED),5,KM,YES,12,12,NO,3,KM,1,MINUTE,YES,,,,YES,,,,,NO,3,KM,NO,7,KM,NO,5,KM,NO,5,KM,NO,5,KM,8,1,500,METER,16,923,YES,,YES,ALMOST ALL,COOKED FOOD,NO,1,KM,63,900,YES,4,KM,18,330,NO,0,0,0,0,YES,,,NO,4,KM,,,,YES,,,,,5,KM,GOVERNMENT FACILITY,NO,,NO,,,,,,,,NO,5,KM,NO,5,KM,NO,NO
31439102,DIRT ROAD (MAINTAINED),50,METER,YES,11,11,NO,1,METER,10,MINUTE,YES,,,,YES,,,,,NO,2,KM,NO,2,KM,YES,,,NO,1,KM,NO,1,KM,3,0,1,KM,50,3800,YES,,NO,,,NO,100,METER,34,750,YES,2,KM,18,330,NO,0,0,0,1,NO,1,KM,NO,100,METER,,,,NO,YES,MALE,YES,NO,3,METER,RELIGIOUS FACILITY,NO,,NO,,,,,,,,NO,1,KM,NO,1,KM,NO,NO
31441389,GRADED GRAVELED,2,KM,NO,7,12,NO,2,KM,25,MINUTE,YES,,,,YES,,,,,YES,,,NO,17,KM,NO,4,KM,NO,4,KM,NO,4,KM,3,1,2,KM,44,2000,YES,,YES,ALMOST ALL,COOKED FOOD,NO,5,KM,71,120,YES,2,KM,18,344,NO,3,2,3,3,YES,,,NO,4,KM,,,,YES,,,,,2,KM,GOVERNMENT FACILITY,NO,,YES,NO,NO,YES,YES,YES,1,TRANSPORTATION,YES,,,NO,4,KM,YES,
31442394,DIRT ROAD (MAINTAINED),2,KM,YES,7,7,NO,2,KM,5,MINUTE,YES,,,,YES,,,,,NO,2,KM,NO,6,KM,NO,3,KM,NO,3,KM,NO,3,KM,6,1,2,KM,28,1500,YES,,YES,ALMOST ALL,COOKED FOOD,NO,2,KM,32,160,YES,500,METER,24,450,NO,2,2,0,2,NO,2,KM,YES,,,SOMETIMES AVAILABLE,GOVERNMENT FACILITY,NO,NO,YES,FEMALE,YES,YES,2,KM,GOVERNMENT FACILITY,YES,0,YES,YES,NO,YES,YES,YES,2,,NO,3,KM,NO,3,KM,NO,NO
31443108,TAR/ASPHALT,2,KM,YES,12,0,YES,,,2,HOUR,YES,,,,YES,,,,,YES,,,NO,3,KM,NO,3,KM,NO,3,KM,NO,3,KM,3,1,400,METER,32,1300,YES,,NO,,,NO,2,KM,50,700,YES,3,KM,16,350,NO,1,2,1,1,YES,,,YES,,,ALWAYS AVAILABLE,GOVERNMENT FACILITY,YES,NO,YES,FEMALE,YES,NO,3,KM,GOVERNMENT FACILITY,YES,850,NO,,,,,,,,NO,3,KM,NO,3,KM,NO,NO
31443270,GRADED GRAVELED,4,KM,YES,5,12,YES,,,15,MINUTE,YES,,,,YES,,,,,YES,,,NO,15,KM,NO,4,KM,NO,4,KM,YES,,,2,2,1,KM,35,1850,YES,,YES,ALMOST ALL,COOKED FOOD,YES,100,METER,63,900,YES,3,KM,18,330,NO,0,0,0,2,YES,,,NO,3,KM,,,,YES,,,,,1,METER,RELIGIOUS FACILITY,NO,,NO,,,,,,,,NO,4,KM,NO,4,KM,NO,NO
31532674,TAR/ASPHALT,5,KM,YES,12,12,YES,,,15,MINUTE,YES,,,,YES,,,,,YES,,,YES,,,NO,9,KM,NO,5,KM,YES,,,8,1,3,KM,30,2310,YES,,YES,ALMOST ALL,COOKED FOOD,YES,9,KM,22,472,YES,4,KM,21,400,YES,0,0,0,1,YES,,,YES,,,ALWAYS AVAILABLE,GOVERNMENT FACILITY,YES,NO,,,,,10,KM,GOVERNMENT FACILITY,YES,0,YES,YES,NO,YES,YES,YES,2,,NO,7,KM,YES,,,YES,
31533095,TAR/ASPHALT,0,KM,YES,12,12,YES,,,5,MINUTE,NO,10,KM,100,YES,,,,,YES,,,YES,,,YES,,,YES,,,YES,,,7,1,3,KM,28,1997,YES,,YES,ALMOST ALL,COOKED FOOD,NO,20,KM,28,599,NO,10,KM,15,375,NO,0,0,1,1,YES,,,NO,10,KM,,,,NO,,,,,10,KM,GOVERNMENT FACILITY,YES,0,YES,YES,NO,YES,YES,YES,2,,NO,5,KM,NO,5,KM,NO,YES
31536118,TAR/ASPHALT,2,KM,YES,12,12,YES,,,5,MINUTE,NO,5,KM,70,YES,,,,,YES,,,NO,5,KM,YES,,,YES,,,YES,,,7,1,50,METER,32,2482,YES,,YES,ALMOST ALL,COOKED FOOD,YES,3,KM,43,542,YES,50,METER,10,298,YES,0,0,4,3,YES,,,YES,,,ALWAYS AVAILABLE,GOVERNMENT FACILITY,YES,YES,,,,,0,0,GOVERNMENT FACILITY,NO,,NO,,,,,,,,YES,,,NO,5,KM,NO,NO
31536751,DIRT ROAD (MAINTAINED),3,KM,YES,12,12,YES,,,10,MINUTE,YES,,,,YES,,,,,YES,,,YES,,,NO,2,KM,YES,,,YES,,,7,1,1,KM,82,3400,NO,11,YES,ALMOST ALL,COOKED FOOD,NO,11,KM,55,150,YES,5,KM,21,366,YES,1,1,1,1,YES,,,YES,,,ALWAYS AVAILABLE,GOVERNMENT FACILITY,YES,YES,,,,,5,KM,GOVERNMENT FACILITY,YES,0,YES,YES,NO,YES,YES,YES,2,,YES,,,YES,,,YES,
31539670,DIRT ROAD (MAINTAINED),1,KM,YES,12,12,NO,1,KM,15,MINUTE,NO,7,KM,70,YES,,,,,NO,2,KM,NO,2,KM,NO,5,KM,NO,5,KM,YES,,,7,1,3,KM,29,2311,YES,,YES,ALMOST ALL,COOKED FOOD,YES,7,KM,31,440,YES,7,KM,17,205,YES,1,1,3,3,YES,,,NO,5,KM,,,,YES,,,,,10,KM,GOVERNMENT FACILITY,YES,0,YES,YES,NO,YES,YES,YES,2,,NO,7,KM,NO,7,KM,NO,NO
31540419,TAR/ASPHALT,0,KM,YES,12,12,YES,,,10,MINUTE,YES,,,,YES,,,,,YES,,,NO,5,KM,NO,10,KM,NO,5,KM,YES,,,9,1,2,KM,38,3029,NO,8,YES,ALMOST ALL,COOKED FOOD,NO,12,KM,55,150,YES,4,KM,13,238,YES,1,1,2,2,YES,,,YES,,,ALWAYS AVAILABLE,GOVERNMENT FACILITY,YES,NO,,,,,5,KM,RELIGIOUS FACILITY,NO,,NO,,,,,,,,NO,5,KM,YES,,,YES,
31545384,DIRT ROAD (MAINTAINED),7,KM,YES,12,12,YES,,,10,MINUTE,YES,,,,YES,,,,,YES,,,YES,,,YES,,,YES,,,YES,,,7,2,1,KM,17,1389,YES,,YES,ALMOST ALL,COOKED FOOD,YES,12,KM,55,150,YES,7,KM,17,267,YES,2,2,1,2,YES,,,YES,,,ALWAYS AVAILABLE,GOVERNMENT FACILITY,YES,YES,YES,MALE,YES,NO,10,KM,GOVERNMENT FACILITY,YES,0,YES,YES,NO,YES,YES,YES,2,,YES,,,NO,6,KM,YES,
31546760,TAR/ASPHALT,0,KM,YES,12,12,YES,,,10,MINUTE,YES,,,,YES,,,,,YES,,,YES,,,YES,,,NO,4,KM,YES,,,8,2,1,KM,60,4416,YES,,YES,ALMOST ALL,COOKED FOOD,YES,8,KM,55,150,YES,4,KM,17,267,YES,0,2,2,3,YES,,,YES,,,ALWAYS AVAILABLE,GOVERNMENT FACILITY,YES,NO,,,,,10,KM,GOVERNMENT FACILITY,NO,,YES,YES,NO,YES,YES,YES,2,,YES,,,YES,,,YES,
31550254,TAR/ASPHALT,0,KM,YES,12,12,YES,,,10,MINUTE,YES,,,,YES,,,,,YES,,,YES,,,YES,,,YES,,,YES,,,7,2,500,METER,17,691,YES,,YES,ALMOST ALL,COOKED FOOD,YES,6,KM,35,449,YES,4,KM,15,750,NO,3,1,4,4,YES,,,YES,,,ALWAYS AVAILABLE,GOVERNMENT FACILITY,YES,YES,,,,,4,KM,GOVERNMENT FACILITY,NO,,NO,,,,,,,,YES,,,YES,,,YES,
31552686,TAR/ASPHALT,0,METER,YES,12,12,YES,,,10,MINUTE,YES,,,,YES,,,,,YES,,,YES,,,YES,,,YES,,,YES,,,7,1,1,KM,50,4000,YES,,YES,ALMOST ALL,COOKED FOOD,YES,4,KM,57,150,YES,5,KM,18,340,YES,1,1,1,2,YES,,,YES,,,ALWAYS AVAILABLE,GOVERNMENT FACILITY,YES,NO,,,,,5,KM,GOVERNMENT FACILITY,YES,0,YES,YES,NO,YES,YES,YES,2,,YES,,,YES,,,YES,
31554613,DIRT ROAD (MAINTAINED),4,KM,YES,12,12,YES,,,10,MINUTE,NO,9,KM,150,YES,,,,,YES,,,YES,,,NO,9,KM,NO,7,KM,YES,,,5,1,2,KM,15,914,YES,,YES,ALMOST ALL,COOKED FOOD,NO,8,KM,33,440,YES,4,KM,18,430,YES,1,1,1,2,YES,,,NO,8,KM,,,,NO,,,,,15,KM,GOVERNMENT FACILITY,YES,0,YES,NO,NO,YES,YES,YES,2,,NO,7,KM,NO,7,KM,NO,NO
31555614,DIRT ROAD (MAINTAINED),2,KM,YES,0,12,NO,5,KM,15,MINUTE,NO,12,KM,100,YES,,,,,NO,4,KM,YES,,,NO,7,KM,NO,4,KM,YES,,,4,1,1,KM,18,1874,YES,,YES,ALMOST ALL,COOKED FOOD,NO,5,KM,17,267,YES,8,KM,20,534,NO,0,0,2,3,YES,,,NO,6,KM,,,,NO,,,,,7,KM,GOVERNMENT FACILITY,NO,,YES,NO,NO,YES,YES,NO,2,,NO,5,KM,NO,5,KM,YES,
