ea_id,com_cf00,com_cf28,com_cf29,com_cf30,com_cf31,com_cf32a,com_cf32b,com_cf33,com_cf34,com_cf35a,com_cf35b,com_cf35c,com_cf35d,com_cf35e,com_cf35_oth
10101100,101,yes,Focus,NEW/IMPROVED VARIETIES,30,december,213,EXTERNAL SOURCES ONLY,TOTAL LAND CARE,no,yes,no,no,no,
10101101,,no,,,,,,,,,,,,,
10101102,,no,,,,,,,,,,,,,
10101103,,no,,,,,,,,,,,,,
10101104,101,yes,Total Land care Groundnuts Project,IMPROVE SOIL QUALITY,17,december,214,EXTERNAL SOURCES ONLY,TOTAL LAND CARE,yes,yes,no,no,no,
10101105,,no,,,,,,,,,,,,,
10101106,,no,,,,,,,,,,,,,
10101107,,no,,,,,,,,,,,,,
10101108,,no,,,,,,,,,,,,,
10102109,,no,,,,,,,,,,,,,
10102110,101,yes,Coffee Project,PRACTICES TO ADAPT TO CLIMATE CHANGE,60,august,1992,FARMERS ONLY,,yes,no,no,no,yes,Coffee market
10102111,,no,,,,,,,,,,,,,
10102112,101,yes,Ulimi wa Soya,NEW/IMPROVED VARIETIES,15,september,214,EXTERNAL SOURCES ONLY,nasfam,yes,yes,no,no,no,
10103114,,no,,,,,,,,,,,,,
10104116,101,yes,Japanese Tobacco International  Barley Project,,31,august,214,EXTERNAL SOURCES ONLY,,no,no,yes,no,no,
10104117,,no,,,,,,,,,,,,,
10104118,101,yes,Agroferestry  Project,REDUCE SOIL EROSION,36,october,2010,EXTERNAL SOURCES ONLY,TOTAL LAND CARE,yes,yes,no,no,no,
10105119,,no,,,,,,,,,,,,,
10105120,101,yes,Total Land Care Groundnuts Project,IMPROVE SOIL QUALITY,42,august,214,EXTERNAL SOURCES ONLY,TOTAL LAND CARE,yes,yes,no,no,no,
10105120,102,yes,Total Land care Goats Project,LIVESTOCK-PRODUCTION,30,july,214,EXTERNAL SOURCES ONLY,TOTAL LAND CARE,yes,no,no,no,yes,free goats
10105121,,no,,,,,,,,,,,,,
10120122,,no,,,,,,,,,,,,,
10120123,,no,,,,,,,,,,,,,
10201124,,no,,,,,,,,,,,,,
10201125,,no,,,,,,,,,,,,,
10201126,,no,,,,,,,,,,,,,
10201127,101,yes,Nasfam Rice Project,PRACTICES TO ADAPT TO CLIMATE CHANGE,58,march,2012,EXTERNAL SOURCES ONLY,nasfam,no,no,yes,no,yes,"""provides market for rice """
10201128,,no,,,,,,,,,,,,,
10201129,,no,,,,,,,,,,,,,
10202131,101,yes,Nasfam Rice Project,INCREASECROP YIELDS,100,august,2011,EXTERNAL SOURCES ONLY,nasfam,no,yes,no,no,yes,market for  rice
10203132,,no,,,,,,,,,,,,,
10203133,101,yes,Rice Project,PRACTICES TO ADAPT TO CLIMATE CHANGE,100,june,2000,EXTERNAL SOURCES ONLY,nasfam,no,no,yes,no,no,
10203134,,no,,,,,,,,,,,,,
10203135,101,yes,Discover,LIVESTOCK-PRODUCTION,25,september,2012,EXTERNAL SOURCES ONLY,nasfam,no,yes,no,no,no,
10203136,101,yes,NASFAM RICE Project,INCREASECROP YIELDS,80,november,2010,EXTERNAL SOURCES ONLY,nasfam,yes,no,no,no,no,
10203137,,no,,,,,,,,,,,,,
10204138,101,yes,"""IRRIGATION """,irrigation,50,november,213,FARMERS &amp; EXTERNAL SOURCES,TOTAL LAND CARE,yes,yes,yes,no,no,
10204139,101,yes,Pegion peas Project,INTRODUCE LEGUME COVER CROPS,60,june,214,EXTERNAL SOURCES ONLY,undp,yes,yes,no,no,no,
10204140,,no,,,,,,,,,,,,,
10204141,101,yes,Rice Scheme Project,irrigation,100,june,1994,EXTERNAL SOURCES ONLY,nasfam,yes,yes,yes,no,no,
10205142,,no,,,,,,,,,,,,,
10205143,,no,,,,,,,,,,,,,
10205144,101,yes,NASFARM RICE PROJECT,PRACTICES TO ADAPT TO CLIMATE CHANGE,61,january,2000,EXTERNAL SOURCES ONLY,nasfam,no,no,yes,no,no,
10220145,,no,,,,,,,,,,,,,
10220146,,no,,,,,,,,,,,,,
10220147,,no,,,,,,,,,,,,,
10301148,101,yes,FIND YOUR FEET,IMPROVE SOIL QUALITY,36,june,214,EXTERNAL SOURCES ONLY,jicca,yes,yes,no,no,no,
10301149,101,yes,Maize project,INCREASECROP YIELDS,85,june,2012,EXTERNAL SOURCES ONLY,noraid,yes,yes,no,no,no,
10301150,101,yes,FIND YOUR FEET,INCREASECROP YIELDS,57,august,2012,EXTERNAL SOURCES ONLY,noraid,yes,no,no,no,yes,Livestock
10301151,101,yes,FIND YOUR FEET,INCREASECROP YIELDS,90,august,213,EXTERNAL SOURCES ONLY,noraid,yes,yes,no,no,no,
10301151,102,yes,ASWAP-SP,IMPROVE SOIL QUALITY,90,december,2012,EXTERNAL SOURCES ONLY,noraid,yes,yes,no,no,no,
10302152,,no,,,,,,,,,,,,,
10302153,102,yes,ASWAP,IMPROVE SOIL QUALITY,16,june,214,EXTERNAL SOURCES ONLY,difd,yes,yes,no,no,no,
10302153,103,yes,NASFAM,NEW/IMPROVED VARIETIES,200,august,2016,FARMERS ONLY,nasfam,yes,yes,yes,no,no,
10303154,,no,,,,,,,,,,,,,
10304155,101,yes,RICE SCHEME,INCREASECROP YIELDS,500,july,205,FARMERS ONLY,nasfam,yes,no,no,no,yes,"""buying the harvested crops """
10304156,,no,,,,,,,,,,,,,
10305157,101,yes,NASFAM,NEW/IMPROVED VARIETIES,50,october,2016,FARMERS &amp; EXTERNAL SOURCES,nasfam,yes,no,no,no,no,
10305157,102,yes,RIPPLE AFRICA,CONSERVATION AGRICULTURE,50,september,2012,EXTERNAL SOURCES ONLY,noraid,yes,yes,no,yes,no,
10305158,,no,,,,,,,,,,,,,
10306159,101,yes,FIND YOUR FEET,IMPROVE SOIL QUALITY,40,september,2015,EXTERNAL SOURCES ONLY,noraid,yes,yes,no,no,no,
10306160,101,yes,MANJANGABI  CLUB,INCREASECROP YIELDS,20,march,214,EXTERNAL SOURCES ONLY,CARE INTERNATIONAL,no,yes,no,no,no,
10307161,,no,,,,,,,,,,,,,
10308162,,no,,,,,,,,,,,,,
10309163,101,yes,"""ASWAP-SP """,INCREASECROP YIELDS,77,september,2009,EXTERNAL SOURCES ONLY,noraid,yes,yes,no,no,no,
10309164,101,yes,TEMWA  PROJECT,INCREASECROP YIELDS,19,may,2012,FARMERS &amp; EXTERNAL SOURCES,jicca,yes,no,yes,no,no,
10310165,102,yes,TIYENI,PRACTICES TO ADAPT TO CLIMATE CHANGE,100,august,214,EXTERNAL SOURCES ONLY,noraid,yes,yes,yes,no,no,
10310165,103,yes,HENWOOD,irrigation,100,september,2016,EXTERNAL SOURCES ONLY,noraid,yes,yes,yes,no,no,
10310165,104,yes,RIPPLE AFRICA,PRACTICES TO ADAPT TO CLIMATE CHANGE,600,august,2012,EXTERNAL SOURCES ONLY,CARE INTERNATIONAL,yes,yes,no,no,no,
10310165,101,yes,TEMWA,PRACTICES TO ADAPT TO CLIMATE CHANGE,200,september,2012,EXTERNAL SOURCES ONLY,difd,yes,yes,yes,no,no,
10312166,,no,,,,,,,,,,,,,
10312167,,no,,,,,,,,,,,,,
10312168,,no,,,,,,,,,,,,,
10312169,,no,,,,,,,,,,,,,
10320170,101,yes,FIND YOUR FEET,INCREASECROP YIELDS,12,june,2015,EXTERNAL SOURCES ONLY,TOTAL LAND CARE,yes,no,no,no,no,
10320171,101,yes,FIND YOUR FEET,IMPROVE SOIL QUALITY,93,september,214,EXTERNAL SOURCES ONLY,noraid,yes,yes,no,no,no,
10401172,,no,,,,,,,,,,,,,
10401173,101,yes,FIND YOUR FEET,INCREASECROP YIELDS,43,august,2009,EXTERNAL SOURCES ONLY,TOTAL LAND CARE,yes,yes,yes,no,no,
10401174,101,yes,ASWAP,NEW/IMPROVED VARIETIES,42,september,2011,EXTERNAL SOURCES ONLY,TOTAL LAND CARE,yes,yes,no,no,no,
10401175,101,yes,JUMBO MODERN VILLAGE PROJECT,INCREASECROP YIELDS,30,september,214,FARMERS ONLY,noraid,yes,yes,no,no,no,
10401176,,no,,,,,,,,,,,,,
10401177,101,yes,FIND YOUR FEET,LIVESTOCK-PRODUCTION,20,june,2004,EXTERNAL SOURCES ONLY,noraid,yes,no,no,no,yes,LIVESTOCK
10401178,101,yes,FIND YOUR FEET,INCREASECROP YIELDS,85,march,2008,EXTERNAL SOURCES ONLY,noraid,yes,yes,no,no,no,
10401178,102,yes,ASWAP,IMPROVE SOIL QUALITY,50,september,2010,EXTERNAL SOURCES ONLY,TOTAL LAND CARE,yes,yes,no,no,no,
10401179,,no,,,,,,,,,,,,,
10401180,,no,,,,,,,,,,,,,
10402181,,no,,,,,,,,,,,,,
10403182,103,yes,ASWAP-SP,INCREASECROP YIELDS,75,june,2011,EXTERNAL SOURCES ONLY,CARE INTERNATIONAL,yes,yes,no,no,no,
10403182,101,yes,FIND YOUR FEET,IMPROVE SOIL QUALITY,400,june,2003,EXTERNAL SOURCES ONLY,noraid,yes,yes,no,no,no,
10403182,102,yes,MZAD,IMPROVE SOIL QUALITY,20,june,2011,EXTERNAL SOURCES ONLY,TOTAL LAND CARE,yes,yes,no,no,no,
10403183,101,yes,"""Nasfam """,NEW/IMPROVED VARIETIES,10,february,2016,EXTERNAL SOURCES ONLY,nasfam,no,yes,yes,no,no,
10403183,102,yes,JTI,NEW/IMPROVED VARIETIES,40,january,2011,EXTERNAL SOURCES ONLY,jicca,no,no,yes,no,no,
10404184,,no,,,,,,,,,,,,,
10404185,,no,,,,,,,,,,,,,
10404186,101,yes,WOMEN'S FORUM,INCREASECROP YIELDS,100,september,214,FARMERS &amp; EXTERNAL SOURCES,icraf,yes,no,no,no,no,
10405187,101,yes,Coffee Project,CONSERVATION AGRICULTURE,102,may,2009,FARMERS &amp; EXTERNAL SOURCES,TOTAL LAND CARE,yes,no,yes,no,no,
10407188,,no,,,,,,,,,,,,,
10407189,101,yes,FIND YOUR FEET,IMPROVE SOIL QUALITY,30,june,2010,EXTERNAL SOURCES ONLY,noraid,yes,yes,no,no,no,
10407190,,no,,,,,,,,,,,,,
10408191,101,yes,FIND YOUR FEET PROJECT,LIVESTOCK-DISEASES,36,january,2003,FARMERS &amp; EXTERNAL SOURCES,noraid,yes,yes,no,no,no,
10408192,,no,,,,,,,,,,,,,
10420193,,no,,,,,,,,,,,,,
10420194,,no,,,,,,,,,,,,,
10420195,,no,,,,,,,,,,,,,
10501196,,no,,,,,,,,,,,,,
10501197,,no,,,,,,,,,,,,,
10501198,103,yes,WACRAD,INTRODUCE LEGUME COVER CROPS,100,november,214,FARMERS ONLY,nasfam,no,no,yes,no,no,
10501198,102,yes,NASFAM,INTRODUCE LEGUME COVER CROPS,100,november,214,EXTERNAL SOURCES ONLY,nasfam,no,no,yes,no,no,
10501198,101,yes,Find Your Feet,MINIMUM TILLAGE/PLANTING PITS,15,august,214,EXTERNAL SOURCES ONLY,noraid,yes,no,no,no,no,
10501199,101,yes,CADECOM,LIVESTOCK-PRODUCTION,14,july,2008,EXTERNAL SOURCES ONLY,CARE INTERNATIONAL,yes,no,yes,no,yes,"""Provide livestock to farmers on pass on programme """
10501199,102,yes,CLAN,INTRODUCE LEGUME COVER CROPS,50,july,2015,EXTERNAL SOURCES ONLY,CARE INTERNATIONAL,no,yes,no,no,no,
10502200,,no,,,,,,,,,,,,,
10502201,,no,,,,,,,,,,,,,
10502202,,no,,,,,,,,,,,,,
10502203,104,yes,Tiyeni,PRACTICES TO ADAPT TO CLIMATE CHANGE,4,october,2016,EXTERNAL SOURCES ONLY,noraid,yes,no,no,no,no,
10502203,102,yes,Total land Care,CONSERVATION AGRICULTURE,22,april,213,EXTERNAL SOURCES ONLY,TOTAL LAND CARE,yes,no,no,no,no,
10502203,103,yes,ASWAP,CONSERVATION AGRICULTURE,6,june,2010,EXTERNAL SOURCES ONLY,noraid,yes,no,no,no,no,
10502203,101,yes,SAFP,AGRO-FORESTRY PRACTICES,4,august,214,EXTERNAL SOURCES ONLY,noraid,yes,no,no,no,no,
10503204,,no,,,,,,,,,,,,,
10503205,,no,,,,,,,,,,,,,
10503206,,no,,,,,,,,,,,,,
10504207,,no,,,,,,,,,,,,,
10505208,,no,,,,,,,,,,,,,
10505209,,no,,,,,,,,,,,,,
10505210,,no,,,,,,,,,,,,,
10506211,101,yes,Tatol Land Care,PRACTICES TO ADAPT TO CLIMATE CHANGE,61,november,2015,FARMERS ONLY,TOTAL LAND CARE,yes,yes,no,no,yes,"""Pass on programme """
10506211,103,yes,ICRAF,CONSERVATION AGRICULTURE,5,october,2010,FARMERS &amp; EXTERNAL SOURCES,icraf,yes,no,no,no,no,
10506211,102,yes,Find Your Feet,MINIMUM TILLAGE/PLANTING PITS,25,september,214,FARMERS &amp; EXTERNAL SOURCES,noraid,yes,no,no,no,yes,Training Lead  Farmers
10506212,,no,,,,,,,,,,,,,
10507213,,no,,,,,,,,,,,,,
10507214,101,yes,ASWAP,IMPROVE SOIL QUALITY,1,october,2016,EXTERNAL SOURCES ONLY,noraid,yes,no,no,no,no,
10508215,101,yes,Total land Care,PRACTICES TO ADAPT TO CLIMATE CHANGE,20,october,2016,EXTERNAL SOURCES ONLY,TOTAL LAND CARE,no,yes,no,no,no,
10508216,,no,,,,,,,,,,,,,
10509217,,no,,,,,,,,,,,,,
10510218,101,yes,Total Land Care,AGRO-FORESTRY PRACTICES,250,may,214,EXTERNAL SOURCES ONLY,TOTAL LAND CARE,yes,yes,no,no,no,
10520219,,no,,,,,,,,,,,,,
10601220,,no,,,,,,,,,,,,,
10601221,101,yes,ASWAP-SP,INCREASECROP YIELDS,237,july,2010,EXTERNAL SOURCES ONLY,noraid,yes,yes,no,no,no,
10601223,,no,,,,,,,,,,,,,
10601224,,no,,,,,,,,,,,,,
10601225,101,yes,"""ASWAP-SP """,NEW/IMPROVED VARIETIES,7,august,2004,EXTERNAL SOURCES ONLY,noraid,yes,yes,no,no,no,
10601226,,no,,,,,,,,,,,,,
10601227,,no,,,,,,,,,,,,,
10601228,101,yes,ASWAP-SP,INCREASECROP YIELDS,237,july,2010,EXTERNAL SOURCES ONLY,noraid,yes,yes,no,no,no,
10601229,,no,,,,,,,,,,,,,
10620230,,no,,,,,,,,,,,,,
10731231,101,yes,KAMBA,INCREASECROP YIELDS,60,march,2016,FARMERS &amp; EXTERNAL SOURCES,nasfam,yes,yes,no,no,no,
10732232,,no,,,,,,,,,,,,,
10732233,,no,,,,,,,,,,,,,
10733234,,no,,,,,,,,,,,,,
10733235,,no,,,,,,,,,,,,,
10734236,,no,,,,,,,,,,,,,
10734237,,no,,,,,,,,,,,,,
10735240,,no,,,,,,,,,,,,,
10735241,,no,,,,,,,,,,,,,
10736242,,no,,,,,,,,,,,,,
10736243,,no,,,,,,,,,,,,,
10736244,,no,,,,,,,,,,,,,
10736245,,no,,,,,,,,,,,,,
10737246,,no,,,,,,,,,,,,,
10738247,,no,,,,,,,,,,,,,
10739248,,no,,,,,,,,,,,,,
10741249,,no,,,,,,,,,,,,,
10743250,,no,,,,,,,,,,,,,
10744251,,no,,,,,,,,,,,,,
10744252,,no,,,,,,,,,,,,,
10744253,101,yes,SOS social society,LIVESTOCK-PRODUCTION,10,december,6,FARMERS &amp; EXTERNAL SOURCES,noraid,yes,no,no,no,yes,Provides two pigs to farmers
10746254,,no,,,,,,,,,,,,,
20101255,101,yes,Tifukefuke scheme,CONSERVATION AGRICULTURE,40,april,214,FARMERS &amp; EXTERNAL SOURCES,nasfam,no,yes,no,no,no,
20101256,101,yes,TAKONDWA CLUB,INCREASECROP YIELDS,10,november,213,FARMERS &amp; EXTERNAL SOURCES,nasfam,no,yes,no,yes,no,
20101256,105,yes,MTENDERE CLUB,INCREASECROP YIELDS,20,january,2010,FARMERS &amp; EXTERNAL SOURCES,nasfam,no,yes,no,yes,no,
20101256,103,yes,CINDILEYA CLUB,INCREASECROP YIELDS,10,november,213,FARMERS &amp; EXTERNAL SOURCES,nasfam,no,yes,no,yes,no,
20101256,104,yes,TICHEZENAWO CLUB,INCREASECROP YIELDS,10,november,213,FARMERS &amp; EXTERNAL SOURCES,nasfam,no,yes,no,yes,no,
20101256,102,yes,TIYANJANE  CLUB,INCREASECROP YIELDS,15,november,2012,FARMERS &amp; EXTERNAL SOURCES,nasfam,no,yes,no,yes,no,
20102257,101,yes,TIYANJANE CLUB,LIVESTOCK-PRODUCTION,20,april,214,EXTERNAL SOURCES ONLY,CARE INTERNATIONAL,no,no,yes,no,no,
20102257,102,yes,CHIMWEMWE CLUB,LIVESTOCK-PRODUCTION,17,april,214,EXTERNAL SOURCES ONLY,CARE INTERNATIONAL,no,no,yes,no,no,
20103258,,no,,,,,,,,,,,,,
20105259,,no,,,,,,,,,,,,,
20105260,,no,,,,,,,,,,,,,
20106261,,no,,,,,,,,,,,,,
20107262,,no,,,,,,,,,,,,,
20107263,,no,,,,,,,,,,,,,
20108264,101,yes,TITANJANE CLUB,INTRODUCE LEGUME COVER CROPS,25,april,213,FARMERS &amp; EXTERNAL SOURCES,nasfam,no,no,no,yes,no,
20109265,101,yes,THIMBI CLUB,NEW/IMPROVED VARIETIES,10,july,214,FARMERS &amp; EXTERNAL SOURCES,nasfam,no,yes,yes,no,no,
20110266,,no,,,,,,,,,,,,,
20110267,101,yes,WASA,INCREASECROP YIELDS,100,may,214,EXTERNAL SOURCES ONLY,nasfam,yes,yes,yes,no,no,
20110268,101,yes,TIYAMIKE  CLUB,INCREASECROP YIELDS,25,september,214,FARMERS &amp; EXTERNAL SOURCES,nasfam,no,yes,no,yes,no,
20111269,,no,,,,,,,,,,,,,
20111270,,no,,,,,,,,,,,,,
20111271,,no,,,,,,,,,,,,,
20112272,,no,,,,,,,,,,,,,
20112273,101,yes,TIYANKHULENJI CLUB,INCREASECROP YIELDS,30,march,214,FARMERS &amp; EXTERNAL SOURCES,nasfam,no,no,yes,no,no,
20112274,101,yes,CADECOM,INCREASECROP YIELDS,25,july,2012,FARMERS &amp; EXTERNAL SOURCES,CARE INTERNATIONAL,yes,yes,no,no,no,
20113275,101,yes,Legumes,INTRODUCE LEGUME COVER CROPS,250,october,214,EXTERNAL SOURCES ONLY,nasfam,yes,no,yes,no,no,
20113276,,no,,,,,,,,,,,,,
20120277,,no,,,,,,,,,,,,,
20120278,,no,,,,,,,,,,,,,
20201279,,no,,,,,,,,,,,,,
20201280,102,yes,NASFAM,INCREASECROP YIELDS,4000,june,2008,EXTERNAL SOURCES ONLY,nasfam,yes,no,yes,no,no,
20201281,,no,,,,,,,,,,,,,
20201282,101,yes,Nasfam,INCREASECROP YIELDS,130,october,2016,FARMERS ONLY,nasfam,no,no,no,no,yes,Not stated yet
20201283,101,yes,Concern World wide,LIVESTOCK-PRODUCTION,400,december,213,EXTERNAL SOURCES ONLY,TOTAL LAND CARE,yes,yes,no,no,no,
20201283,102,yes,Kabadwa Association,INCREASECROP YIELDS,20,june,2007,FARMERS ONLY,TOTAL LAND CARE,yes,yes,no,yes,no,
20201284,101,yes,Nasfam,INCREASECROP YIELDS,30,august,214,EXTERNAL SOURCES ONLY,TOTAL LAND CARE,yes,no,yes,no,no,
20201285,103,yes,Concern World Wide,NEW/IMPROVED VARIETIES,500,june,2012,EXTERNAL SOURCES ONLY,difd,yes,yes,no,yes,no,
20201285,101,yes,Total Land Care,LIVESTOCK-PRODUCTION,1,june,2012,EXTERNAL SOURCES ONLY,noraid,yes,yes,no,no,no,
20201285,102,yes,NASFAM,INTRODUCE LEGUME COVER CROPS,100,october,6,EXTERNAL SOURCES ONLY,nasfam,yes,yes,yes,no,no,
20202286,102,yes,SAP,IMPROVE SOIL QUALITY,2400,march,2016,EXTERNAL SOURCES ONLY,TOTAL LAND CARE,yes,no,yes,no,no,
20202286,101,yes,Total Land Care,LIVESTOCK-PRODUCTION,600,january,2016,EXTERNAL SOURCES ONLY,TOTAL LAND CARE,yes,yes,no,no,no,
20203287,102,yes,World wide concern,INCREASECROP YIELDS,1000,october,2002,EXTERNAL SOURCES ONLY,TOTAL LAND CARE,yes,no,yes,no,no,
20203287,103,yes,NASFAM,INTRODUCE LEGUME COVER CROPS,3000,october,2012,EXTERNAL SOURCES ONLY,nasfam,yes,no,yes,no,no,
20203287,101,yes,Total land care,INCREASECROP YIELDS,300,october,2002,EXTERNAL SOURCES ONLY,TOTAL LAND CARE,yes,no,yes,no,no,
20203288,,no,,,,,,,,,,,,,
20203289,101,yes,Total land care,IMPROVE SOIL QUALITY,250,september,2007,EXTERNAL SOURCES ONLY,TOTAL LAND CARE,yes,no,yes,no,no,
20203289,102,yes,world wide concern,irrigation,250,september,2008,EXTERNAL SOURCES ONLY,TOTAL LAND CARE,yes,no,yes,no,no,
20203290,101,yes,Nasfam,INCREASECROP YIELDS,4000,november,2008,FARMERS &amp; EXTERNAL SOURCES,nasfam,yes,no,yes,no,no,
20203290,102,yes,Total Land Care,AGRO-FORESTRY PRACTICES,2500,october,2011,EXTERNAL SOURCES ONLY,TOTAL LAND CARE,yes,yes,yes,no,no,
20203291,101,yes,Total Land Care,IMPROVE SOIL QUALITY,550,october,2010,EXTERNAL SOURCES ONLY,TOTAL LAND CARE,yes,yes,no,no,no,
20204293,101,yes,Total Land Care,AGRO-FORESTRY PRACTICES,1,october,214,FARMERS &amp; EXTERNAL SOURCES,TOTAL LAND CARE,no,no,no,no,yes,Supported launch of the forest in the area
20205294,101,yes,Mcdona project fund,INCREASECROP YIELDS,40,october,2012,EXTERNAL SOURCES ONLY,TOTAL LAND CARE,yes,yes,no,no,no,
20205294,103,yes,Total Land Care,AGRO-FORESTRY PRACTICES,1500,september,2010,EXTERNAL SOURCES ONLY,TOTAL LAND CARE,yes,yes,no,no,no,
20205294,102,yes,Sap,MINIMUM TILLAGE/PLANTING PITS,400,october,2012,EXTERNAL SOURCES ONLY,TOTAL LAND CARE,yes,yes,yes,no,no,
20205295,101,yes,Land All lakes,INCREASECROP YIELDS,150,august,213,EXTERNAL SOURCES ONLY,TOTAL LAND CARE,yes,yes,no,no,no,
20205295,104,yes,Concern,LIVESTOCK-PRODUCTION,10,august,6,EXTERNAL SOURCES ONLY,TOTAL LAND CARE,yes,yes,no,no,no,
20205295,102,yes,Total Land care,IMPROVE SOIL QUALITY,150,october,6,EXTERNAL SOURCES ONLY,TOTAL LAND CARE,yes,yes,no,no,no,
20205295,103,yes,NASFAM,NEW/IMPROVED VARIETIES,50,august,213,EXTERNAL SOURCES ONLY,nasfam,yes,yes,yes,yes,no,
20205296,,no,,,,,,,,,,,,,
20205297,101,yes,Total land care,IMPROVE SOIL QUALITY,250,june,2015,EXTERNAL SOURCES ONLY,TOTAL LAND CARE,yes,no,no,no,no,
20205297,102,yes,Concern,NEW/IMPROVED VARIETIES,500,july,2004,EXTERNAL SOURCES ONLY,CARE INTERNATIONAL,yes,no,yes,no,no,
20205298,101,yes,Nasfam,INCREASECROP YIELDS,50,october,2015,EXTERNAL SOURCES ONLY,nasfam,no,no,yes,no,no,
20206299,101,yes,SAPP,LIVESTOCK-PRODUCTION,200,november,2012,EXTERNAL SOURCES ONLY,TOTAL LAND CARE,yes,yes,no,no,no,
20206299,102,yes,TLC,IMPROVE SOIL QUALITY,250,october,2008,EXTERNAL SOURCES ONLY,TOTAL LAND CARE,yes,yes,yes,no,no,
20206300,101,yes,Total Land Care,LIVESTOCK-PRODUCTION,15,october,213,FARMERS &amp; EXTERNAL SOURCES,TOTAL LAND CARE,yes,yes,no,no,no,
20220301,103,yes,total land care,irrigation,350,october,2012,EXTERNAL SOURCES ONLY,TOTAL LAND CARE,yes,no,yes,no,no,
20220301,104,yes,micro loam,INCREASECROP YIELDS,15,august,2016,EXTERNAL SOURCES ONLY,TOTAL LAND CARE,yes,no,no,no,no,
20220301,102,yes,Nasfam,INCREASECROP YIELDS,400,september,214,EXTERNAL SOURCES ONLY,nasfam,yes,no,yes,no,no,
20220301,101,yes,Land o lakes,LIVESTOCK-PRODUCTION,150,september,214,EXTERNAL SOURCES ONLY,TOTAL LAND CARE,yes,no,yes,no,no,
20220302,101,yes,Nasfam,INCREASECROP YIELDS,20,august,214,FARMERS &amp; EXTERNAL SOURCES,nasfam,yes,no,yes,no,no,
20301303,101,yes,Lip,INCREASECROP YIELDS,20,october,214,EXTERNAL SOURCES ONLY,TOTAL LAND CARE,yes,no,yes,no,no,
20301304,101,yes,Total land care,NEW/IMPROVED VARIETIES,24,january,2016,EXTERNAL SOURCES ONLY,TOTAL LAND CARE,no,yes,no,no,no,
20302305,101,yes,NASFAM,INCREASECROP YIELDS,50,september,2000,EXTERNAL SOURCES ONLY,nasfam,yes,no,yes,no,no,
20302306,101,yes,Total Land Care,IMPROVE SOIL QUALITY,700,march,2015,EXTERNAL SOURCES ONLY,TOTAL LAND CARE,yes,yes,no,no,no,
20302306,102,yes,NASFAM,INTRODUCE LEGUME COVER CROPS,200,may,6,EXTERNAL SOURCES ONLY,nasfam,yes,no,yes,no,no,
20303307,,no,,,,,,,,,,,,,
20303308,101,yes,NSFAM,INCREASECROP YIELDS,30,september,2009,EXTERNAL SOURCES ONLY,nasfam,yes,no,yes,no,no,
20303309,103,yes,Limbe leaf,INTRODUCE LEGUME COVER CROPS,2,june,2008,EXTERNAL SOURCES ONLY,CARE INTERNATIONAL,yes,no,yes,no,no,
20303309,102,yes,Nasfam,INCREASECROP YIELDS,65,july,2010,EXTERNAL SOURCES ONLY,nasfam,yes,no,yes,no,no,
20303309,101,yes,Leep,INTRODUCE LEGUME COVER CROPS,70,june,213,EXTERNAL SOURCES ONLY,nasfam,yes,no,yes,no,no,
20304310,,no,,,,,,,,,,,,,
20304311,101,yes,IRLAD,irrigation,0,september,213,EXTERNAL SOURCES ONLY,TOTAL LAND CARE,yes,no,no,yes,no,
20304311,102,yes,TOTAL LAND CARE,IMPROVE SOIL QUALITY,200,september,214,EXTERNAL SOURCES ONLY,TOTAL LAND CARE,yes,yes,no,no,no,
20304311,103,yes,TAP,IMPROVE SOIL QUALITY,200,july,2015,EXTERNAL SOURCES ONLY,TOTAL LAND CARE,yes,yes,no,no,no,
20304313,,no,,,,,,,,,,,,,
20304314,101,yes,Nasfam,INCREASECROP YIELDS,50,june,205,FARMERS &amp; EXTERNAL SOURCES,nasfam,yes,no,yes,no,no,
20304314,103,yes,Tap,LIVESTOCK-PRODUCTION,300,may,214,EXTERNAL SOURCES ONLY,noraid,yes,no,yes,no,no,
20304314,102,yes,Total Land Care,IMPROVE SOIL QUALITY,500,july,213,EXTERNAL SOURCES ONLY,TOTAL LAND CARE,yes,no,yes,no,no,
20304315,101,yes,Nasfam,INCREASECROP YIELDS,25,october,214,EXTERNAL SOURCES ONLY,nasfam,yes,no,yes,no,no,
20305316,101,yes,Total Land Care,IMPROVE SOIL QUALITY,100,may,2011,EXTERNAL SOURCES ONLY,TOTAL LAND CARE,yes,no,yes,no,no,
20305317,102,yes,NASFAM,INTRODUCE LEGUME COVER CROPS,150,september,205,EXTERNAL SOURCES ONLY,nasfam,yes,no,yes,no,no,
20305317,101,yes,Total Land Care,irrigation,29,july,2009,EXTERNAL SOURCES ONLY,TOTAL LAND CARE,no,no,yes,no,no,
20305318,102,yes,TOTAL LAND CARE,LIVESTOCK-PRODUCTION,750,july,205,EXTERNAL SOURCES ONLY,TOTAL LAND CARE,yes,no,yes,no,no,
20305318,101,yes,NASFAM,INCREASECROP YIELDS,800,august,2003,EXTERNAL SOURCES ONLY,nasfam,yes,no,no,no,no,
20305319,101,yes,TOTAL LAND CARE,INCREASECROP YIELDS,50,september,2015,EXTERNAL SOURCES ONLY,TOTAL LAND CARE,no,yes,no,no,no,
20305320,101,yes,NASFAM,INCREASECROP YIELDS,30,october,214,EXTERNAL SOURCES ONLY,nasfam,no,no,yes,no,no,
20305321,101,yes,NASFAM,INTRODUCE LEGUME COVER CROPS,1000,august,2012,FARMERS &amp; EXTERNAL SOURCES,nasfam,yes,no,yes,no,no,
20306322,101,yes,Total Land Care,INCREASECROP YIELDS,74,january,214,FARMERS &amp; EXTERNAL SOURCES,TOTAL LAND CARE,yes,yes,yes,no,no,
20306323,101,yes,NASFAM,INCREASECROP YIELDS,70,september,2010,EXTERNAL SOURCES ONLY,nasfam,yes,yes,no,no,no,
20306323,102,yes,TOTAL LAND CARE,INCREASECROP YIELDS,50,august,2012,EXTERNAL SOURCES ONLY,TOTAL LAND CARE,yes,no,no,no,no,
20306324,,no,,,,,,,,,,,,,
20306325,,no,,,,,,,,,,,,,
20320326,101,yes,Total Land Care,IMPROVE SOIL QUALITY,20,june,6,EXTERNAL SOURCES ONLY,TOTAL LAND CARE,yes,no,yes,no,no,
20401327,,no,,,,,,,,,,,,,
20401328,101,yes,Ulimu mu fodya,INCREASECROP YIELDS,54,may,2012,FARMERS ONLY,nasfam,no,yes,no,no,no,
20401329,102,yes,TIYESE CLUB,INTRODUCE LEGUME COVER CROPS,15,june,2015,FARMERS &amp; EXTERNAL SOURCES,nasfam,no,no,no,yes,no,
20401329,101,yes,TINYADE CLUB,INTRODUCE LEGUME COVER CROPS,25,june,214,FARMERS &amp; EXTERNAL SOURCES,nasfam,no,no,no,yes,no,
20402330,101,yes,ALINAFE CLUB,INCREASECROP YIELDS,42,may,214,FARMERS &amp; EXTERNAL SOURCES,nasfam,no,yes,yes,no,no,
20402331,,no,,,,,,,,,,,,,
20402332,,no,,,,,,,,,,,,,
20402333,,no,,,,,,,,,,,,,
20402334,,no,,,,,,,,,,,,,
20403335,,no,,,,,,,,,,,,,
20403336,102,yes,MKATISEKA,INCREASECROP YIELDS,10,august,213,FARMERS ONLY,nasfam,no,no,yes,yes,no,
20403336,103,yes,CHISANGALARO,INCREASECROP YIELDS,10,may,213,FARMERS ONLY,nasfam,no,no,yes,yes,no,
20403337,102,yes,CHISANGALARO CLUB,INCREASECROP YIELDS,12,june,2015,FARMERS &amp; EXTERNAL SOURCES,nasfam,no,no,yes,yes,no,
20403337,101,yes,TAKONDWA CLUB,INCREASECROP YIELDS,15,september,2016,FARMERS &amp; EXTERNAL SOURCES,nasfam,no,no,yes,yes,no,
20403337,103,yes,TIYAMIKE CLUB,INCREASECROP YIELDS,19,may,2016,FARMERS &amp; EXTERNAL SOURCES,nasfam,no,no,yes,yes,no,
20403338,101,yes,TIKONDANE,INCREASECROP YIELDS,55,april,213,FARMERS &amp; EXTERNAL SOURCES,nasfam,no,yes,no,no,no,
20404339,,no,,,,,,,,,,,,,
20404340,,no,,,,,,,,,,,,,
20404341,101,yes,CHIMWEMWE CLUB,INTRODUCE LEGUME COVER CROPS,30,september,213,FARMERS &amp; EXTERNAL SOURCES,nasfam,no,no,yes,yes,no,
20404342,,no,,,,,,,,,,,,,
20405343,,no,,,,,,,,,,,,,
20405344,,no,,,,,,,,,,,,,
20405345,,no,,,,,,,,,,,,,
20406346,101,yes,TAONELANA CLUB,INCREASECROP YIELDS,10,july,2016,FARMERS &amp; EXTERNAL SOURCES,TOTAL LAND CARE,no,yes,yes,no,no,
20406347,,no,,,,,,,,,,,,,
20406348,,no,,,,,,,,,,,,,
20407349,102,yes,TIFIKIRE CLUB,INCREASECROP YIELDS,20,september,214,FARMERS &amp; EXTERNAL SOURCES,nasfam,no,no,no,yes,no,
20407349,103,yes,ZOTHEKA CLUB,INCREASECROP YIELDS,25,september,2015,FARMERS &amp; EXTERNAL SOURCES,nasfam,no,no,no,yes,no,
20407349,101,yes,TAKONDWA CLUB,INCREASECROP YIELDS,25,june,2015,FARMERS &amp; EXTERNAL SOURCES,nasfam,no,no,no,yes,no,
20421350,,no,,,,,,,,,,,,,
20501351,,no,,,,,,,,,,,,,
20501352,101,yes,CARE,INTRODUCE LEGUME COVER CROPS,88,august,2016,FARMERS &amp; EXTERNAL SOURCES,TOTAL LAND CARE,yes,yes,no,no,no,
20501353,101,yes,kup,AGRO-FORESTRY PRACTICES,100,june,213,EXTERNAL SOURCES ONLY,TOTAL LAND CARE,yes,no,no,no,no,
20502354,102,yes,Malawi Lake Basin,AGRO-FORESTRY PRACTICES,450,september,214,FARMERS &amp; EXTERNAL SOURCES,noraid,yes,no,no,no,no,
20502354,101,yes,Total Landcare,PRACTICES TO ADAPT TO CLIMATE CHANGE,500,september,2016,FARMERS &amp; EXTERNAL SOURCES,TOTAL LAND CARE,yes,yes,no,no,no,
20502355,,no,,,,,,,,,,,,,
20502356,102,yes,COOP,NEW/IMPROVED VARIETIES,346,september,2016,EXTERNAL SOURCES ONLY,difd,yes,yes,no,no,no,
20502356,101,yes,TOTAL  LANDCARE,IMPROVE SOIL QUALITY,400,april,2016,EXTERNAL SOURCES ONLY,TOTAL LAND CARE,yes,yes,no,no,no,
20502357,,no,,,,,,,,,,,,,
20503358,102,yes,Lake Basin,NEW/IMPROVED VARIETIES,500,july,2016,EXTERNAL SOURCES ONLY,CARE INTERNATIONAL,yes,no,no,yes,no,
20503358,104,yes,DISCOVER,LIVESTOCK-PRODUCTION,40,april,2015,EXTERNAL SOURCES ONLY,difd,yes,yes,no,no,no,
20503358,103,yes,FAO,INCREASECROP YIELDS,900,august,2015,EXTERNAL SOURCES ONLY,difd,yes,no,no,yes,no,
20503358,101,yes,Land O Lakes,NEW/IMPROVED VARIETIES,850,july,2015,EXTERNAL SOURCES ONLY,CARE INTERNATIONAL,yes,no,no,yes,no,
20504359,101,yes,MALAWI LAKE BASIN,INCREASECROP YIELDS,444,july,2012,FARMERS &amp; EXTERNAL SOURCES,TOTAL LAND CARE,yes,no,no,no,no,
20504360,101,yes,TOTAL  LANDCARE,PRACTICES TO ADAPT TO CLIMATE CHANGE,300,december,2015,EXTERNAL SOURCES ONLY,TOTAL LAND CARE,yes,yes,yes,no,no,
20505361,,no,,,,,,,,,,,,,
20505362,101,yes,COOPI,irrigation,300,july,2011,FARMERS &amp; EXTERNAL SOURCES,difd,yes,yes,no,no,no,
20505363,,no,,,,,,,,,,,,,
20506364,101,yes,concern Universal,NEW/IMPROVED VARIETIES,60,august,214,FARMERS &amp; EXTERNAL SOURCES,difd,yes,no,no,no,no,
20507365,102,yes,Feed The Children,CONSERVATION AGRICULTURE,2000,november,2010,EXTERNAL SOURCES ONLY,undp,yes,yes,no,no,no,
20507365,101,yes,Total Land Care,IMPROVE SOIL QUALITY,1000,may,2009,EXTERNAL SOURCES ONLY,TOTAL LAND CARE,yes,no,yes,no,no,
20507366,103,yes,WFP,NEW/IMPROVED VARIETIES,50,january,2016,EXTERNAL SOURCES ONLY,difd,no,yes,no,no,no,
20507366,104,yes,T ENVIROMEMENTAL,AGRO-FORESTRY PRACTICES,200,november,2012,EXTERNAL SOURCES ONLY,difd,yes,yes,no,no,no,
20507366,102,yes,MiCRO LOAN,INCREASECROP YIELDS,175,october,2016,EXTERNAL SOURCES ONLY,nasfam,no,no,yes,yes,no,
20507366,101,yes,COOP,NEW/IMPROVED VARIETIES,220,june,2012,FARMERS &amp; EXTERNAL SOURCES,noraid,yes,yes,no,no,no,
20507367,101,yes,Lake Basin,AGRO-FORESTRY PRACTICES,20,october,2012,EXTERNAL SOURCES ONLY,TOTAL LAND CARE,yes,yes,no,no,no,
20507367,102,yes,NASFAM,INCREASECROP YIELDS,3,october,2012,EXTERNAL SOURCES ONLY,nasfam,yes,no,no,yes,no,
20507367,103,yes,Total land care,AGRO-FORESTRY PRACTICES,40,october,2012,EXTERNAL SOURCES ONLY,TOTAL LAND CARE,yes,yes,no,no,no,
20507368,101,yes,"""Concern Universal """,INCREASECROP YIELDS,15,july,214,FARMERS ONLY,difd,yes,yes,no,no,no,
20507369,,no,,,,,,,,,,,,,
20508370,101,yes,Opportunity Bank,INCREASECROP YIELDS,30,august,214,FARMERS &amp; EXTERNAL SOURCES,CARE INTERNATIONAL,no,no,yes,no,no,
20508370,102,yes,JTI,IMPROVE SOIL QUALITY,10,august,213,FARMERS ONLY,jicca,no,no,no,yes,no,
20509371,,no,,,,,,,,,,,,,
20520372,,no,,,,,,,,,,,,,
20520373,101,yes,Concern Universal,NEW/IMPROVED VARIETIES,15,august,2015,EXTERNAL SOURCES ONLY,difd,yes,no,no,no,no,
20521374,101,yes,CARE,NEW/IMPROVED VARIETIES,330,august,2016,FARMERS &amp; EXTERNAL SOURCES,CARE INTERNATIONAL,yes,yes,no,no,no,
20521374,104,yes,Lake Basin,irrigation,30,january,2016,FARMERS &amp; EXTERNAL SOURCES,difd,yes,yes,no,no,no,
20521374,103,yes,Agriculture,INCREASECROP YIELDS,330,june,213,FARMERS ONLY,nasfam,yes,no,no,no,no,
20521374,102,yes,ASWAP,NEW/IMPROVED VARIETIES,200,june,213,FARMERS &amp; EXTERNAL SOURCES,difd,yes,yes,no,no,no,
20601375,,no,,,,,,,,,,,,,
20601376,,no,,,,,,,,,,,,,
20601377,,no,,,,,,,,,,,,,
20602378,,no,,,,,,,,,,,,,
20602379,,no,,,,,,,,,,,,,
20602380,102,yes,LEAP,NEW/IMPROVED VARIETIES,360,august,213,EXTERNAL SOURCES ONLY,CARE INTERNATIONAL,yes,yes,no,yes,no,
20602380,101,yes,BELLO,INTRODUCE LEGUME COVER CROPS,375,august,213,FARMERS &amp; EXTERNAL SOURCES,difd,yes,yes,no,yes,no,
20602381,,no,,,,,,,,,,,,,
20603382,102,yes,Self help Africa,LIVESTOCK-PRODUCTION,500,june,2007,EXTERNAL SOURCES ONLY,undp,yes,yes,no,no,no,
20603382,103,yes,Corporative Marketing,NEW/IMPROVED VARIETIES,30,september,2016,EXTERNAL SOURCES ONLY,difd,yes,no,yes,yes,no,
20603382,101,yes,Nasfarm,NEW/IMPROVED VARIETIES,75,september,2016,FARMERS &amp; EXTERNAL SOURCES,difd,yes,yes,yes,yes,no,
20603383,,no,,,,,,,,,,,,,
20603384,101,yes,NASFARM improving yield,INCREASECROP YIELDS,60,september,2012,EXTERNAL SOURCES ONLY,nasfam,yes,no,yes,no,no,
20603385,,no,,,,,,,,,,,,,
20603386,102,yes,Tikolore Makwacha,NEW/IMPROVED VARIETIES,20,june,2016,EXTERNAL SOURCES ONLY,difd,yes,yes,no,yes,no,
20603386,101,yes,Nasfarm,NEW/IMPROVED VARIETIES,160,august,214,EXTERNAL SOURCES ONLY,nasfam,yes,yes,no,no,yes,provide  seed in return for the same seed
20603387,,no,,,,,,,,,,,,,
20603388,101,yes,NASFARM improving yield,INCREASECROP YIELDS,30,august,214,EXTERNAL SOURCES ONLY,nasfam,yes,no,yes,no,no,
20604389,,no,,,,,,,,,,,,,
20604390,,no,,,,,,,,,,,,,
20604391,101,yes,total land care,AGRO-FORESTRY PRACTICES,100,october,2015,FARMERS &amp; EXTERNAL SOURCES,TOTAL LAND CARE,yes,no,no,no,no,
20605392,104,yes,SAPP,NEW/IMPROVED VARIETIES,4,august,2016,EXTERNAL SOURCES ONLY,CARE INTERNATIONAL,yes,no,no,yes,no,
20605392,101,yes,NASFARM,NEW/IMPROVED VARIETIES,200,september,214,FARMERS &amp; EXTERNAL SOURCES,nasfam,yes,no,no,yes,yes,"""encourage group Marketing """
20605392,102,yes,World Vision,INCREASECROP YIELDS,180,august,2015,EXTERNAL SOURCES ONLY,difd,yes,no,no,yes,yes,selling fertiliser on reduced prices
20605392,103,yes,TOTAL LANDCARE,IMPROVE SOIL QUALITY,70,august,2016,EXTERNAL SOURCES ONLY,TOTAL LAND CARE,yes,no,no,no,no,
20606393,101,yes,Total Land  Care,LIVESTOCK-PRODUCTION,100,june,214,EXTERNAL SOURCES ONLY,TOTAL LAND CARE,yes,yes,yes,no,no,
20606394,103,yes,"""Total Land Care Improving zero Tillage """,INCREASECROP YIELDS,60,april,2015,EXTERNAL SOURCES ONLY,TOTAL LAND CARE,yes,yes,no,no,no,
20606394,102,yes,HEIFER Assisting farmers with Livistock,LIVESTOCK-PRODUCTION,42,september,2016,EXTERNAL SOURCES ONLY,icraf,yes,no,yes,no,no,
20606394,101,yes,NASFARM improving Soya Growing,INCREASECROP YIELDS,15,august,2016,EXTERNAL SOURCES ONLY,nasfam,yes,no,yes,no,no,
20606395,,no,,,,,,,,,,,,,
20607396,101,yes,NASFARM,INCREASECROP YIELDS,20,august,213,EXTERNAL SOURCES ONLY,nasfam,yes,no,yes,no,no,
20607397,,no,,,,,,,,,,,,,
20608398,101,yes,Irad,NEW/IMPROVED VARIETIES,50,june,213,EXTERNAL SOURCES ONLY,icraf,yes,yes,no,no,no,
20609399,,no,,,,,,,,,,,,,
20610400,105,yes,ICRISAT,NEW/IMPROVED VARIETIES,18,july,2016,FARMERS &amp; EXTERNAL SOURCES,difd,yes,yes,no,no,no,
20610400,103,yes,CLINTON  FOUNDATION,NEW/IMPROVED VARIETIES,16,january,2016,EXTERNAL SOURCES ONLY,difd,yes,yes,no,no,no,
20610400,102,yes,CARE Malawi,irrigation,200,august,2011,EXTERNAL SOURCES ONLY,difd,yes,yes,yes,no,no,
20610400,106,yes,SAPP,NEW/IMPROVED VARIETIES,18,july,2016,EXTERNAL SOURCES ONLY,icraf,yes,yes,no,no,no,
20610400,101,yes,NASFARM,NEW/IMPROVED VARIETIES,36,september,1997,EXTERNAL SOURCES ONLY,nasfam,yes,no,yes,no,no,
20610400,104,yes,VISION FUND,NEW/IMPROVED VARIETIES,10,july,2016,EXTERNAL SOURCES ONLY,difd,yes,yes,no,no,no,
20610401,101,yes,nasfarm,INTRODUCE LEGUME COVER CROPS,10,january,1999,FARMERS &amp; EXTERNAL SOURCES,nasfam,no,no,no,yes,no,
20610401,102,yes,Bill clinton,CONSERVATION AGRICULTURE,50,april,2016,EXTERNAL SOURCES ONLY,undp,yes,no,no,no,no,
20611402,,no,,,,,,,,,,,,,
20612403,,no,,,,,,,,,,,,,
20613404,102,yes,CBF,NEW/IMPROVED VARIETIES,20,august,2015,EXTERNAL SOURCES ONLY,CARE INTERNATIONAL,yes,no,no,yes,no,
20613404,101,yes,HYFER,LIVESTOCK-PRODUCTION,40,august,2015,EXTERNAL SOURCES ONLY,CARE INTERNATIONAL,yes,no,no,yes,no,
20614405,,no,,,,,,,,,,,,,
20614406,101,yes,Helfa International improving Animal Breads,LIVESTOCK-PRODUCTION,50,february,2015,EXTERNAL SOURCES ONLY,difd,yes,no,no,no,yes,"""Chickens """
20615407,,no,,,,,,,,,,,,,
20615408,,no,,,,,,,,,,,,,
20615409,101,yes,Total,LIVESTOCK-PRODUCTION,20,may,214,EXTERNAL SOURCES ONLY,TOTAL LAND CARE,no,yes,no,no,no,
20615410,101,yes,Total Land Care,INCREASECROP YIELDS,40,december,2015,FARMERS &amp; EXTERNAL SOURCES,TOTAL LAND CARE,yes,no,yes,no,no,
20701411,101,yes,NASFARM lncreasing Soya Growing,INCREASECROP YIELDS,30,november,214,EXTERNAL SOURCES ONLY,nasfam,yes,no,yes,no,no,
20701412,,no,,,,,,,,,,,,,
20702413,101,yes,"""Clinton Foundation """,INCREASECROP YIELDS,100,november,214,EXTERNAL SOURCES ONLY,nasfam,yes,no,yes,no,no,
20702414,,no,,,,,,,,,,,,,
20702415,101,yes,NASFARM lncreasing Soya Growing,INCREASECROP YIELDS,20,september,2016,EXTERNAL SOURCES ONLY,nasfam,yes,no,yes,no,no,
20702416,,no,,,,,,,,,,,,,
20702417,101,yes,NASFARM Soya Seeds improving,INCREASECROP YIELDS,25,august,214,EXTERNAL SOURCES ONLY,nasfam,yes,no,yes,no,no,
20703418,101,yes,HEFA,LIVESTOCK-PRODUCTION,20,october,214,EXTERNAL SOURCES ONLY,TOTAL LAND CARE,yes,yes,no,no,no,
20703419,102,yes,ICC Improving yield of Reguminous crops,INCREASECROP YIELDS,20,october,2009,EXTERNAL SOURCES ONLY,undp,yes,no,yes,no,no,
20703419,101,yes,NASFARM lncreasing yield of Soya and Groudnuts,INCREASECROP YIELDS,150,april,1999,EXTERNAL SOURCES ONLY,nasfam,yes,no,yes,no,no,
20703420,,no,,,,,,,,,,,,,
20703421,102,yes,Alliance 1 Teaching Farmers how to improve Tobacco Growing,INCREASECROP YIELDS,200,august,214,EXTERNAL SOURCES ONLY,undp,yes,no,no,no,yes,"""Inputs on credit """
20703421,101,yes,NASFARM improving Soya and Groudnuts growing,INCREASECROP YIELDS,10000,september,214,EXTERNAL SOURCES ONLY,nasfam,yes,no,no,no,yes,"""Inputs on credit """
20703421,103,yes,INCRESAT Imploving growing of Peagon Pease  and Soya,INCREASECROP YIELDS,9000,august,214,EXTERNAL SOURCES ONLY,undp,yes,no,no,no,yes,"""Inputs on credit """
20703421,104,yes,ICC Improving sweet potatoes growing,INCREASECROP YIELDS,2500,september,213,EXTERNAL SOURCES ONLY,jicca,yes,yes,no,no,no,
20703422,101,yes,Corcern,LIVESTOCK-PRODUCTION,13,may,2010,EXTERNAL SOURCES ONLY,carla,yes,no,no,no,no,
20704423,101,yes,Soya Growing,INCREASECROP YIELDS,300,september,214,EXTERNAL SOURCES ONLY,nasfam,yes,no,yes,no,no,
20704424,,no,,,,,,,,,,,,,
20704425,101,yes,"""NASFARM lncreasing Soya Growing """,INCREASECROP YIELDS,120,october,214,EXTERNAL SOURCES ONLY,nasfam,yes,no,yes,no,no,
20704425,102,yes,"""Total Land Care Agro Forestry """,AGRO-FORESTRY PRACTICES,120,december,2015,EXTERNAL SOURCES ONLY,TOTAL LAND CARE,yes,yes,no,no,no,
20704426,,no,,,,,,,,,,,,,
20705427,101,yes,NASFARM improving yield,INCREASECROP YIELDS,35,october,213,EXTERNAL SOURCES ONLY,nasfam,yes,no,yes,no,no,
20705428,101,yes,FBS,INTRODUCE LEGUME COVER CROPS,26,may,2016,FARMERS &amp; EXTERNAL SOURCES,difd,yes,no,no,no,no,
20705429,101,yes,"""NASFARM improving life standard of the community """,INCREASECROP YIELDS,643,november,214,EXTERNAL SOURCES ONLY,nasfam,yes,yes,no,no,no,
20705430,,no,,,,,,,,,,,,,
20705431,101,yes,"""Limber leaf Tobacco Growing improvement """,INCREASECROP YIELDS,50,september,2012,EXTERNAL SOURCES ONLY,difd,yes,no,yes,no,no,
20706432,101,yes,Pass on program,LIVESTOCK-PRODUCTION,22,october,214,EXTERNAL SOURCES ONLY,TOTAL LAND CARE,yes,yes,no,no,no,
20706433,102,yes,ALET  improving Tobacco Growing,INCREASECROP YIELDS,50,september,1998,EXTERNAL SOURCES ONLY,difd,yes,no,no,no,yes,"""Inputs Credits """
20706433,101,yes,NASFARM improving Soya and Groudnuts growing,INCREASECROP YIELDS,80,august,2009,EXTERNAL SOURCES ONLY,nasfam,yes,no,no,no,yes,"""Inputs credits """
20720434,,no,,,,,,,,,,,,,
20801435,101,yes,"""Concern Universal """,INTRODUCE LEGUME COVER CROPS,207,january,2015,EXTERNAL SOURCES ONLY,undp,yes,no,yes,no,no,
20801436,101,yes,"""Total Land Care """,AGRO-FORESTRY PRACTICES,367,january,2007,FARMERS ONLY,TOTAL LAND CARE,yes,no,no,no,no,
20801437,101,yes,Concern Universal,NEW/IMPROVED VARIETIES,64,august,213,EXTERNAL SOURCES ONLY,difd,yes,yes,no,no,no,
20801437,102,yes,ILARD,INCREASECROP YIELDS,47,july,2010,EXTERNAL SOURCES ONLY,difd,yes,yes,no,no,no,
20801437,103,yes,MAFFA,NEW/IMPROVED VARIETIES,80,june,214,EXTERNAL SOURCES ONLY,undp,yes,yes,yes,yes,no,
20801438,101,yes,MAFA (Malawi Farmer to Farmer  Agro_Ecology),INTRODUCE LEGUME COVER CROPS,1700,may,2012,EXTERNAL SOURCES ONLY,icraf,yes,no,yes,no,no,
20801439,,no,,,,,,,,,,,,,
20802440,,no,,,,,,,,,,,,,
20802441,101,yes,CARDCOMO,INTRODUCE LEGUME COVER CROPS,6000,january,213,FARMERS &amp; EXTERNAL SOURCES,undp,yes,no,no,yes,no,
20803442,,no,,,,,,,,,,,,,
20803443,101,yes,African Rising,MINIMUM TILLAGE/PLANTING PITS,89,february,2015,EXTERNAL SOURCES ONLY,undp,yes,yes,yes,no,no,
20803444,,no,,,,,,,,,,,,,
20803445,101,yes,NASFARM,INTRODUCE LEGUME COVER CROPS,75,april,214,FARMERS &amp; EXTERNAL SOURCES,nasfam,yes,yes,yes,no,no,
20803446,101,yes,Total Land Care,INCREASECROP YIELDS,50,march,214,FARMERS &amp; EXTERNAL SOURCES,TOTAL LAND CARE,yes,no,yes,no,no,
20804447,101,yes,World Vision,INCREASECROP YIELDS,75,january,2015,EXTERNAL SOURCES ONLY,noraid,yes,yes,yes,no,no,
20804448,101,yes,Willard,REDUCE SOIL EROSION,60,january,2015,FARMERS ONLY,difd,yes,yes,no,no,no,
20804449,101,yes,A LIP,INCREASECROP YIELDS,30,january,2012,FARMERS &amp; EXTERNAL SOURCES,undp,yes,no,yes,no,no,
20805450,101,yes,concern Ngo,INCREASECROP YIELDS,26,april,2016,EXTERNAL SOURCES ONLY,TOTAL LAND CARE,yes,no,no,no,no,
20806451,101,yes,NASFARM,NEW/IMPROVED VARIETIES,96,april,214,EXTERNAL SOURCES ONLY,nasfam,yes,no,yes,no,no,
20806452,101,yes,Manure Program,IMPROVE SOIL QUALITY,487,january,2000,FARMERS ONLY,jicca,yes,no,no,no,no,
20807453,101,yes,Corncen Universal,INCREASECROP YIELDS,150,march,2012,FARMERS &amp; EXTERNAL SOURCES,difd,yes,yes,no,no,no,
20807453,102,yes,World Vision,NEW/IMPROVED VARIETIES,233,july,2002,FARMERS &amp; EXTERNAL SOURCES,CARE INTERNATIONAL,yes,yes,no,no,no,
20807454,101,yes,Total Land Care,INCREASECROP YIELDS,250,march,2011,FARMERS &amp; EXTERNAL SOURCES,TOTAL LAND CARE,yes,yes,yes,no,no,
20807455,,no,,,,,,,,,,,,,
20807456,101,yes,Total Land Care,INCREASECROP YIELDS,120,january,213,FARMERS &amp; EXTERNAL SOURCES,TOTAL LAND CARE,yes,yes,no,yes,no,
20808457,,no,,,,,,,,,,,,,
20820458,101,yes,Total Land Care,INCREASECROP YIELDS,23,january,214,EXTERNAL SOURCES ONLY,TOTAL LAND CARE,yes,yes,yes,yes,no,
20901459,101,yes,Total Land Care,INCREASECROP YIELDS,25,january,2015,EXTERNAL SOURCES ONLY,TOTAL LAND CARE,yes,yes,no,yes,no,
20901460,101,yes,Total Land Care,AGRO-FORESTRY PRACTICES,25,january,214,EXTERNAL SOURCES ONLY,TOTAL LAND CARE,yes,yes,no,no,no,
20901461,101,yes,Total Land Care,INCREASECROP YIELDS,35,february,214,FARMERS &amp; EXTERNAL SOURCES,TOTAL LAND CARE,yes,no,yes,no,no,
20902462,101,yes,Total Land Care,INCREASECROP YIELDS,50,january,2015,FARMERS &amp; EXTERNAL SOURCES,TOTAL LAND CARE,yes,yes,no,no,no,
20902463,101,yes,Total Land Care,INCREASECROP YIELDS,50,january,214,FARMERS &amp; EXTERNAL SOURCES,TOTAL LAND CARE,yes,yes,yes,no,no,
20902464,101,yes,NASFARM,INTRODUCE LEGUME COVER CROPS,66,february,214,EXTERNAL SOURCES ONLY,nasfam,yes,yes,yes,no,no,
20903465,101,yes,Concerne Universal,INCREASECROP YIELDS,50,june,213,EXTERNAL SOURCES ONLY,difd,yes,yes,no,no,no,
20903466,101,yes,CARDCOMO,INCREASECROP YIELDS,75,january,2015,FARMERS &amp; EXTERNAL SOURCES,CARE INTERNATIONAL,yes,no,yes,no,no,
20904467,101,yes,Total Land Care,INCREASECROP YIELDS,50,january,214,FARMERS &amp; EXTERNAL SOURCES,TOTAL LAND CARE,yes,yes,yes,yes,no,
20904468,,no,,,,,,,,,,,,,
20904469,101,yes,"""Care international """,LIVESTOCK-PRODUCTION,65,may,2016,FARMERS &amp; EXTERNAL SOURCES,CARE INTERNATIONAL,no,yes,no,no,no,
20904470,101,yes,NASFARM,INCREASECROP YIELDS,50,january,214,FARMERS &amp; EXTERNAL SOURCES,nasfam,yes,yes,no,no,no,
20905471,101,yes,Total Land Care,IMPROVE SOIL QUALITY,50,february,214,FARMERS &amp; EXTERNAL SOURCES,TOTAL LAND CARE,yes,yes,no,no,no,
20906472,101,yes,NASFARM,INCREASECROP YIELDS,50,january,214,EXTERNAL SOURCES ONLY,nasfam,yes,no,yes,no,no,
20906473,101,yes,Total Land Care,IMPROVE SOIL QUALITY,50,january,2010,FARMERS &amp; EXTERNAL SOURCES,TOTAL LAND CARE,yes,yes,no,no,no,
20906474,,no,,,,,,,,,,,,,
20907475,101,yes,Total Land Care,INCREASECROP YIELDS,50,december,214,EXTERNAL SOURCES ONLY,TOTAL LAND CARE,yes,yes,yes,no,no,
20908476,101,yes,Total Land Care,AGRO-FORESTRY PRACTICES,35,may,214,EXTERNAL SOURCES ONLY,TOTAL LAND CARE,yes,yes,yes,no,no,
20908477,101,yes,Agriculture,INCREASECROP YIELDS,42,january,6,FARMERS &amp; EXTERNAL SOURCES,undp,yes,yes,no,no,no,
20908478,101,yes,Total Land Care,IMPROVE SOIL QUALITY,35,april,2015,FARMERS &amp; EXTERNAL SOURCES,TOTAL LAND CARE,yes,yes,yes,no,no,
20908479,101,yes,Care International,INCREASECROP YIELDS,53,january,213,FARMERS &amp; EXTERNAL SOURCES,CARE INTERNATIONAL,no,yes,no,no,no,
20908480,,no,,,,,,,,,,,,,
20908481,101,yes,NASFARM,INCREASECROP YIELDS,10,january,213,FARMERS &amp; EXTERNAL SOURCES,nasfam,yes,yes,yes,yes,no,
20909482,101,yes,Total Land Care,IMPROVE SOIL QUALITY,50,january,2015,FARMERS &amp; EXTERNAL SOURCES,TOTAL LAND CARE,yes,no,yes,no,no,
21036483,,no,,,,,,,,,,,,,
21037484,,no,,,,,,,,,,,,,
21037485,,no,,,,,,,,,,,,,
21037486,,no,,,,,,,,,,,,,
21038487,,no,,,,,,,,,,,,,
21040488,,no,,,,,,,,,,,,,
21051489,,no,,,,,,,,,,,,,
21051490,,no,,,,,,,,,,,,,
21051491,,no,,,,,,,,,,,,,
21052492,,no,,,,,,,,,,,,,
21053493,,no,,,,,,,,,,,,,
21053494,,no,,,,,,,,,,,,,
21053495,,no,,,,,,,,,,,,,
21054496,,no,,,,,,,,,,,,,
21055497,,no,,,,,,,,,,,,,
21055498,,no,,,,,,,,,,,,,
21055499,,no,,,,,,,,,,,,,
21059500,,no,,,,,,,,,,,,,
21066501,,no,,,,,,,,,,,,,
21066502,,no,,,,,,,,,,,,,
21068503,,no,,,,,,,,,,,,,
21074504,,no,,,,,,,,,,,,,
21079506,,no,,,,,,,,,,,,,
21080507,,no,,,,,,,,,,,,,
21080508,,no,,,,,,,,,,,,,
21081509,,no,,,,,,,,,,,,,
21083510,,no,,,,,,,,,,,,,
21085511,,no,,,,,,,,,,,,,
21086512,,no,,,,,,,,,,,,,
21086513,,no,,,,,,,,,,,,,
21087514,,no,,,,,,,,,,,,,
21087515,,no,,,,,,,,,,,,,
21087516,,no,,,,,,,,,,,,,
21088517,,no,,,,,,,,,,,,,
21088518,,no,,,,,,,,,,,,,
30101519,,no,,,,,,,,,,,,,
30101520,102,yes,Climate proofing,CONSERVATION AGRICULTURE,815,may,2015,EXTERNAL SOURCES ONLY,undp,yes,yes,no,no,no,
30101520,101,yes,Sinic,irrigation,213,august,6,EXTERNAL SOURCES ONLY,noraid,yes,yes,no,no,yes,"""tree regeneration """
30101520,103,yes,Shire Project,CONSERVATION AGRICULTURE,435,september,2015,EXTERNAL SOURCES ONLY,undp,yes,yes,no,no,no,
30101521,,no,,,,,,,,,,,,,
30102522,,no,,,,,,,,,,,,,
30102523,,no,,,,,,,,,,,,,
30103525,,no,,,,,,,,,,,,,
30103526,101,yes,Lake Basin,INCREASECROP YIELDS,160,september,2015,FARMERS ONLY,CARE INTERNATIONAL,yes,yes,no,no,no,
30103526,102,yes,Farm Radio Trust,PRACTICES TO ADAPT TO CLIMATE CHANGE,160,april,2015,EXTERNAL SOURCES ONLY,difd,yes,no,no,no,no,
30103527,,no,,,,,,,,,,,,,
30103528,102,yes,"""Zero Tillage Project """,INCREASECROP YIELDS,200,april,213,FARMERS &amp; EXTERNAL SOURCES,difd,yes,no,no,no,no,
30103528,101,yes,Manure Production,INCREASECROP YIELDS,24,april,214,EXTERNAL SOURCES ONLY,noraid,yes,no,no,no,no,
30104529,,no,,,,,,,,,,,,,
30104530,101,yes,Groundnut growing,INCREASECROP YIELDS,160,august,214,EXTERNAL SOURCES ONLY,nasfam,no,no,no,no,yes,loan of  inputs
30105531,,no,,,,,,,,,,,,,
30105532,,no,,,,,,,,,,,,,
30106533,101,yes,foods project,CONSERVATION AGRICULTURE,75,october,2016,EXTERNAL SOURCES ONLY,difd,no,no,no,yes,no,
30106534,,no,,,,,,,,,,,,,
30106535,,no,,,,,,,,,,,,,
30106536,,no,,,,,,,,,,,,,
30107537,,no,,,,,,,,,,,,,
30108538,101,yes,"""Word Vision improving Crop Yield """,INCREASECROP YIELDS,500,august,213,EXTERNAL SOURCES ONLY,difd,yes,yes,no,no,no,
30108539,,no,,,,,,,,,,,,,
30109540,,no,,,,,,,,,,,,,
30120541,,no,,,,,,,,,,,,,
30121542,101,yes,Chikoko Rice  Scheme agriculture based project in the community,INCREASECROP YIELDS,320,december,2004,FARMERS &amp; EXTERNAL SOURCES,TOTAL LAND CARE,yes,yes,no,no,no,
30201543,,no,,,,,,,,,,,,,
30201544,,no,,,,,,,,,,,,,
30201545,101,yes,Nsanama cassava women cooperatine,INCREASECROP YIELDS,60,may,2008,FARMERS &amp; EXTERNAL SOURCES,nasfam,yes,no,no,no,no,
30201546,101,yes,Total Land care,INCREASECROP YIELDS,182,september,2015,EXTERNAL SOURCES ONLY,TOTAL LAND CARE,yes,yes,no,no,no,
30202547,102,yes,Cicod,CONSERVATION AGRICULTURE,219,august,2015,EXTERNAL SOURCES ONLY,CARE INTERNATIONAL,yes,yes,no,no,no,
30202547,101,yes,African Rising,INCREASECROP YIELDS,135,october,206,EXTERNAL SOURCES ONLY,CARE INTERNATIONAL,yes,yes,no,no,no,
30202547,103,yes,Total Land care,INCREASECROP YIELDS,90,august,2012,EXTERNAL SOURCES ONLY,TOTAL LAND CARE,yes,yes,yes,no,no,
30202548,102,yes,Cadecom,PRACTICES TO ADAPT TO CLIMATE CHANGE,300,january,6,FARMERS &amp; EXTERNAL SOURCES,CARE INTERNATIONAL,yes,yes,no,no,no,
30202548,101,yes,Total land care,PRACTICES TO ADAPT TO CLIMATE CHANGE,300,march,213,FARMERS &amp; EXTERNAL SOURCES,TOTAL LAND CARE,yes,yes,no,no,no,
30203549,,no,,,,,,,,,,,,,
30203550,102,yes,Adra,INCREASECROP YIELDS,20,july,2010,EXTERNAL SOURCES ONLY,CARE INTERNATIONAL,yes,no,no,no,no,
30203550,104,yes,Saicres,INCREASECROP YIELDS,15,december,2015,EXTERNAL SOURCES ONLY,CARE INTERNATIONAL,no,yes,no,no,no,
30203551,,no,,,,,,,,,,,,,
30203552,,no,,,,,,,,,,,,,
30203553,,no,,,,,,,,,,,,,
30203554,,no,,,,,,,,,,,,,
30204555,,no,,,,,,,,,,,,,
30205556,,no,,,,,,,,,,,,,
30206557,101,yes,Emanuel  International,irrigation,28,january,2010,EXTERNAL SOURCES ONLY,CARE INTERNATIONAL,yes,yes,no,no,no,
30206557,102,yes,WFP,WEED/INVASIVE SPECIES CONTROL,1093,october,2016,EXTERNAL SOURCES ONLY,CARE INTERNATIONAL,yes,no,no,no,yes,free food
30206558,101,yes,None,,,,,,,,,,,,
30207559,101,yes,Njira project,INCREASECROP YIELDS,60,april,2015,EXTERNAL SOURCES ONLY,CARE INTERNATIONAL,yes,yes,no,no,no,
30207559,102,yes,ECRP,WEED/INVASIVE SPECIES CONTROL,60,january,213,EXTERNAL SOURCES ONLY,CARE INTERNATIONAL,yes,yes,no,no,no,
30207559,103,yes,PCI_ Merit,INTRODUCE LEGUME COVER CROPS,60,december,2016,EXTERNAL SOURCES ONLY,CARE INTERNATIONAL,no,no,no,no,yes,No Training
30207560,,no,,,,,,,,,,,,,
30207561,,no,,,,,,,,,,,,,
30208562,101,yes,NJIRA PROJECT,LIVESTOCK-PRODUCTION,50,september,2015,FARMERS &amp; EXTERNAL SOURCES,CARE INTERNATIONAL,yes,yes,no,no,no,
30208562,102,yes,Emanuel lnternational,INCREASECROP YIELDS,160,august,213,EXTERNAL SOURCES ONLY,CARE INTERNATIONAL,yes,yes,no,no,no,
30208562,103,yes,ECRP,AGRO-FORESTRY PRACTICES,150,october,213,EXTERNAL SOURCES ONLY,CARE INTERNATIONAL,yes,yes,no,no,no,
30209563,,no,,,,,,,,,,,,,
30212564,101,yes,NJIRA,irrigation,80,january,2016,EXTERNAL SOURCES ONLY,CARE INTERNATIONAL,yes,yes,no,no,no,
30212565,,no,,,,,,,,,,,,,
30222566,101,yes,Save the children,REDUCE SOIL EROSION,20,october,2016,EXTERNAL SOURCES ONLY,CARE INTERNATIONAL,yes,no,no,no,no,
30301567,,no,,,,,,,,,,,,,
30301568,,no,,,,,,,,,,,,,
30301569,101,yes,Total land care,LIVESTOCK-DISEASES,19,january,2015,FARMERS &amp; EXTERNAL SOURCES,TOTAL LAND CARE,no,yes,no,no,no,
30302570,101,yes,Lid Farmer,INCREASECROP YIELDS,30,july,2015,FARMERS &amp; EXTERNAL SOURCES,TOTAL LAND CARE,yes,yes,no,no,no,
30302571,101,yes,One acre fund,INCREASECROP YIELDS,28,april,213,EXTERNAL SOURCES ONLY,CARE INTERNATIONAL,no,no,yes,no,no,
30302571,102,yes,Agriculture,INCREASECROP YIELDS,400,january,1980,EXTERNAL SOURCES ONLY,TOTAL LAND CARE,yes,no,no,no,no,
30302572,,no,,,,,,,,,,,,,
30302573,101,yes,Erad,REDUCE SOIL EROSION,12,january,214,FARMERS ONLY,icraf,no,yes,no,no,no,
30302574,,no,,,,,,,,,,,,,
30304575,,no,,,,,,,,,,,,,
30304576,,no,,,,,,,,,,,,,
30304577,101,yes,ONE ACRE FUND,INCREASECROP YIELDS,21,july,2015,FARMERS &amp; EXTERNAL SOURCES,CARE INTERNATIONAL,no,yes,no,no,no,
30305578,,no,,,,,,,,,,,,,
30305579,,no,,,,,,,,,,,,,
30305580,,no,,,,,,,,,,,,,
30305581,101,yes,Lid farmer,LIVESTOCK-PRODUCTION,15,june,213,FARMERS ONLY,nasfam,yes,no,no,no,no,
30305582,,no,,,,,,,,,,,,,
30306583,,no,,,,,,,,,,,,,
30306584,,no,,,,,,,,,,,,,
30306585,101,yes,Shire basin,REDUCE SOIL EROSION,50,february,213,EXTERNAL SOURCES ONLY,CARE INTERNATIONAL,no,yes,no,no,no,
30306586,101,yes,Total Land Care,AGRO-FORESTRY PRACTICES,220,may,2016,EXTERNAL SOURCES ONLY,TOTAL LAND CARE,yes,yes,no,no,no,
30306587,101,yes,Elard,INCREASECROP YIELDS,38,september,2016,FARMERS ONLY,TOTAL LAND CARE,no,yes,no,no,no,
30306588,,no,,,,,,,,,,,,,
30307589,,no,,,,,,,,,,,,,
30307590,,no,,,,,,,,,,,,,
30401591,101,yes,Dapp,AGRO-FORESTRY PRACTICES,158,november,2016,FARMERS &amp; EXTERNAL SOURCES,undp,yes,yes,no,no,no,
30401592,,no,,,,,,,,,,,,,
30401593,101,yes,Shimpa,LIVESTOCK-PRODUCTION,1,june,2011,EXTERNAL SOURCES ONLY,difd,yes,yes,yes,no,no,
30401594,101,yes,World Vision,LIVESTOCK-PRODUCTION,45,august,2010,EXTERNAL SOURCES ONLY,,yes,yes,no,no,no,
30402595,,no,,,,,,,,,,,,,
30402596,,no,,,,,,,,,,,,,
30402597,101,yes,Dapp,INTRODUCE LEGUME COVER CROPS,10,march,2015,FARMERS &amp; EXTERNAL SOURCES,difd,yes,yes,yes,no,no,
30402598,,no,,,,,,,,,,,,,
30402599,101,yes,Dapp,NEW/IMPROVED VARIETIES,36,march,213,EXTERNAL SOURCES ONLY,undp,yes,yes,no,no,no,
30403600,102,yes,Cavoc,LIVESTOCK-PRODUCTION,210,june,1998,FARMERS &amp; EXTERNAL SOURCES,difd,yes,no,no,no,yes,Provided goats
30403600,103,yes,Nasfarm,NEW/IMPROVED VARIETIES,136,august,2012,FARMERS &amp; EXTERNAL SOURCES,nasfam,yes,no,yes,no,yes,Legume seeds
30403600,101,yes,Total Land Care,INCREASECROP YIELDS,10,september,2011,FARMERS &amp; EXTERNAL SOURCES,TOTAL LAND CARE,yes,no,yes,no,no,
30403601,,no,,,,,,,,,,,,,
30403602,,no,,,,,,,,,,,,,
30403603,,no,,,,,,,,,,,,,
30403604,101,yes,Pass On Livestock Project,LIVESTOCK-PRODUCTION,20,september,2004,FARMERS &amp; EXTERNAL SOURCES,noraid,no,no,yes,no,yes,"""Milk production """
30403605,101,yes,Total Land Care,MINIMUM TILLAGE/PLANTING PITS,20,september,2012,FARMERS &amp; EXTERNAL SOURCES,TOTAL LAND CARE,yes,no,no,no,no,
30403606,101,yes,Total Land Care,IMPROVE SOIL QUALITY,60,november,214,FARMERS &amp; EXTERNAL SOURCES,TOTAL LAND CARE,yes,yes,no,no,no,
30404607,,no,,,,,,,,,,,,,
30404608,101,yes,Sustainable Agriculture  Project  Program,INCREASECROP YIELDS,3,july,2015,EXTERNAL SOURCES ONLY,,yes,yes,no,no,no,
30404609,101,yes,Dapp,CONSERVATION AGRICULTURE,90,october,214,FARMERS &amp; EXTERNAL SOURCES,undp,yes,yes,no,no,no,
30405610,101,yes,Evangelical Association of Malawi,irrigation,41,may,214,FARMERS &amp; EXTERNAL SOURCES,difd,yes,yes,no,no,no,
30406611,101,yes,Dapp,AGRO-FORESTRY PRACTICES,45,october,2010,FARMERS &amp; EXTERNAL SOURCES,undp,yes,yes,no,no,no,
30406612,101,yes,"""Development Aid for people to  people """,NEW/IMPROVED VARIETIES,350,july,2012,EXTERNAL SOURCES ONLY,CARE INTERNATIONAL,yes,yes,no,no,no,
30406613,101,yes,SAPP,LIVESTOCK-PRODUCTION,24,october,2015,FARMERS &amp; EXTERNAL SOURCES,TOTAL LAND CARE,yes,yes,no,no,yes,Pass on Of livestock
30420614,,no,,,,,,,,,,,,,
30501615,101,yes,Dapp,irrigation,3,july,2016,FARMERS &amp; EXTERNAL SOURCES,,yes,no,no,no,no,
30501615,102,yes,Save the children,CONSERVATION AGRICULTURE,12,july,214,FARMERS &amp; EXTERNAL SOURCES,,yes,no,no,no,no,
30501616,,no,,,,,,,,,,,,,
30501617,101,yes,United in Building And Advancement Life Expectancy(save the children),CONSERVATION AGRICULTURE,0,august,214,FARMERS &amp; EXTERNAL SOURCES,,yes,yes,yes,no,no,
30501617,102,yes,Sapp(Sustainable  Agricultural  Productivity Project),NEW/IMPROVED VARIETIES,2,july,214,EXTERNAL SOURCES ONLY,,yes,yes,no,no,no,
30501617,104,yes,Dapp,INCREASECROP YIELDS,10,october,2015,EXTERNAL SOURCES ONLY,,yes,yes,no,no,no,
30501617,103,yes,Aswapp,CONSERVATION AGRICULTURE,1,august,2015,EXTERNAL SOURCES ONLY,,yes,yes,no,no,no,
30501618,,no,,,,,,,,,,,,,
30501619,101,yes,Save The Children,AGRO-FORESTRY PRACTICES,48,august,2015,FARMERS &amp; EXTERNAL SOURCES,,no,no,no,no,yes,"""Establishing of tree nursery """
30502620,,no,,,,,,,,,,,,,
30502621,101,yes,None,,0,,,,,no,no,no,no,yes,None
30503622,,no,,,,,,,,,,,,,
30503623,,no,,,,,,,,,,,,,
30503624,101,yes,hybrid Pigeon peas   agriculture  based project,INTRODUCE LEGUME COVER CROPS,85,may,2015,FARMERS &amp; EXTERNAL SOURCES,nasfam,yes,no,no,no,no,
30504625,101,yes,Mlera thaka,IMPROVE SOIL QUALITY,11,april,213,EXTERNAL SOURCES ONLY,TOTAL LAND CARE,yes,no,no,no,no,
30504625,102,yes,Chipalamba Toto,INCREASECROP YIELDS,20,march,214,FARMERS ONLY,noraid,yes,no,no,no,no,
30504626,101,yes,Pass on  agriculture based project,NEW/IMPROVED VARIETIES,140,october,2012,EXTERNAL SOURCES ONLY,CARE INTERNATIONAL,yes,yes,no,yes,no,
30505627,102,yes,zero  tillage,IMPROVE SOIL QUALITY,550,june,2016,FARMERS ONLY,noraid,yes,no,no,no,no,
30505627,101,yes,Watershed project,REDUCE SOIL EROSION,250,july,2016,EXTERNAL SOURCES ONLY,carla,yes,yes,no,no,no,
30506628,,no,,,,,,,,,,,,,
30506630,101,yes,Cover crop based project,INTRODUCE LEGUME COVER CROPS,12,november,2016,EXTERNAL SOURCES ONLY,CARE INTERNATIONAL,no,yes,no,no,no,
30506631,102,yes,COVMUS,REDUCE SOIL EROSION,10,september,213,EXTERNAL SOURCES ONLY,TOTAL LAND CARE,yes,no,no,yes,no,
30506631,101,yes,CADECOM,MINIMUM TILLAGE/PLANTING PITS,20,august,214,EXTERNAL SOURCES ONLY,CARE INTERNATIONAL,yes,no,no,no,no,
30506631,104,yes,SIPI,IMPROVE SOIL QUALITY,14,april,2015,EXTERNAL SOURCES ONLY,jicca,yes,yes,no,no,no,
30506631,103,yes,IRAD,CONSERVATION AGRICULTURE,15,july,214,EXTERNAL SOURCES ONLY,TOTAL LAND CARE,yes,no,no,yes,no,
30506632,,no,,,,,,,,,,,,,
30507634,,no,,,,,,,,,,,,,
30508635,101,yes,Save The Children,IMPROVE SOIL QUALITY,70,july,214,FARMERS &amp; EXTERNAL SOURCES,TOTAL LAND CARE,yes,yes,no,no,no,
30508636,,no,,,,,,,,,,,,,
30508637,101,yes,Dapp,INCREASECROP YIELDS,50,october,2015,FARMERS &amp; EXTERNAL SOURCES,TOTAL LAND CARE,yes,yes,no,no,no,
30508638,,no,,,,,,,,,,,,,
30601639,101,yes,Mtaya nkasu,IMPROVE SOIL QUALITY,17,november,214,EXTERNAL SOURCES ONLY,CARE INTERNATIONAL,yes,no,no,no,no,
30601640,102,yes,Samika scheme,irrigation,113,august,214,EXTERNAL SOURCES ONLY,TOTAL LAND CARE,yes,yes,no,no,no,
30601640,101,yes,Dickson scheme,irrigation,146,september,6,EXTERNAL SOURCES ONLY,CARE INTERNATIONAL,yes,yes,no,no,no,
30601641,101,yes,Evangelical,INCREASECROP YIELDS,25,may,2011,EXTERNAL SOURCES ONLY,TOTAL LAND CARE,yes,yes,no,no,no,
30601641,102,yes,We zim,IMPROVE SOIL QUALITY,21,september,2012,EXTERNAL SOURCES ONLY,carla,yes,no,no,yes,no,
30601641,103,yes,Adra,REDUCE SOIL EROSION,15,august,213,EXTERNAL SOURCES ONLY,icraf,yes,yes,no,no,no,
30601642,,no,,,,,,,,,,,,,
30601643,101,yes,Mtaya nkhasu,IMPROVE SOIL QUALITY,25,march,214,FARMERS ONLY,CARE INTERNATIONAL,yes,no,no,no,no,
30601643,102,yes,Ulimi Wamayedze,INCREASECROP YIELDS,10,march,214,FARMERS &amp; EXTERNAL SOURCES,CARE INTERNATIONAL,yes,no,no,no,no,
30601644,101,yes,DZAONE  BASED PROJECT,IMPROVE SOIL QUALITY,22,may,214,FARMERS ONLY,noraid,no,yes,no,no,no,
30601645,101,yes,Andra,INCREASECROP YIELDS,75,november,2010,EXTERNAL SOURCES ONLY,CARE INTERNATIONAL,yes,yes,no,no,yes,livestock management skills especially  for goats
30601646,103,yes,MABOLOMA PROJECT,irrigation,46,april,213,FARMERS ONLY,CARE INTERNATIONAL,no,yes,yes,no,no,
30601646,102,yes,TILITONSE PROJECT,irrigation,121,april,213,FARMERS ONLY,noraid,no,yes,no,no,no,
30601646,101,yes,MITSECHE PROJECT,REDUCE SOIL EROSION,15,april,2016,FARMERS ONLY,icraf,no,yes,no,no,no,
30601647,101,yes,Mtaya Nkasu,IMPROVE SOIL QUALITY,25,april,214,FARMERS &amp; EXTERNAL SOURCES,CARE INTERNATIONAL,no,no,no,yes,no,
30601647,102,yes,Fumba  club,INCREASECROP YIELDS,20,may,213,FARMERS ONLY,CARE INTERNATIONAL,no,no,no,yes,no,
30601648,103,yes,SAVE THE CHILDREN,PRACTICES TO ADAPT TO CLIMATE CHANGE,24,november,2016,EXTERNAL SOURCES ONLY,CARE INTERNATIONAL,no,yes,no,no,no,
30601648,101,yes,ADRA,LIVESTOCK-PRODUCTION,50,january,2016,EXTERNAL SOURCES ONLY,carla,no,yes,yes,no,no,
30601648,104,yes,EVENGELICAL,irrigation,22,january,2016,EXTERNAL SOURCES ONLY,CARE INTERNATIONAL,no,yes,no,no,no,
30601648,102,yes,RED CROSS,PRACTICES TO ADAPT TO CLIMATE CHANGE,32,january,2015,EXTERNAL SOURCES ONLY,CARE INTERNATIONAL,no,yes,no,no,no,
30602649,101,yes,Tithandizane,IMPROVE SOIL QUALITY,11,april,2007,EXTERNAL SOURCES ONLY,TOTAL LAND CARE,yes,yes,no,no,no,
30602649,102,yes,ulimi WA njuchi,CONSERVATION AGRICULTURE,10,march,1999,EXTERNAL SOURCES ONLY,noraid,no,yes,no,no,no,
30602649,103,yes,ulimi WA bowa,IMPROVE SOIL QUALITY,10,april,213,EXTERNAL SOURCES ONLY,icraf,no,yes,no,no,no,
30602650,102,yes,Namkhokwe,irrigation,2002,august,2002,FARMERS &amp; EXTERNAL SOURCES,CARE INTERNATIONAL,yes,yes,no,no,no,
30602650,107,yes,Msanjke,irrigation,34,august,2010,EXTERNAL SOURCES ONLY,difd,no,yes,no,no,no,
30602650,103,yes,Mnkungubwi,irrigation,29,july,2010,FARMERS ONLY,carla,no,yes,no,no,no,
30602650,105,yes,Namitsitsi,irrigation,29,august,2012,EXTERNAL SOURCES ONLY,undp,no,yes,yes,no,no,
30602650,101,yes,Mkantho scheme,irrigation,45,march,2002,FARMERS ONLY,TOTAL LAND CARE,no,yes,no,no,no,
30602650,104,yes,Namitanda,irrigation,25,august,2012,EXTERNAL SOURCES ONLY,difd,no,yes,no,no,no,
30602650,108,yes,Mwalawanthenga scheme,irrigation,35,june,2002,EXTERNAL SOURCES ONLY,difd,yes,yes,no,no,no,
30602652,104,yes,world Vision,INTRODUCE LEGUME COVER CROPS,150,december,217,EXTERNAL SOURCES ONLY,CARE INTERNATIONAL,no,yes,no,no,no,
30602652,102,yes,FORCOD,irrigation,20,december,213,EXTERNAL SOURCES ONLY,noraid,no,yes,no,no,no,
30602652,103,yes,BLANTYRE,IMPROVE SOIL QUALITY,45,october,214,EXTERNAL SOURCES ONLY,CARE INTERNATIONAL,no,yes,yes,no,no,
30602652,101,yes,"""wayzim project """,IMPROVE SOIL QUALITY,10,june,2010,EXTERNAL SOURCES ONLY,jicca,yes,yes,no,no,no,
30602652,105,yes,Red cross,INTRODUCE LEGUME COVER CROPS,78,december,2016,EXTERNAL SOURCES ONLY,TOTAL LAND CARE,yes,yes,yes,no,no,
30602653,102,yes,evengelical association of MALAWI,INTRODUCE LEGUME COVER CROPS,2013,april,2012,EXTERNAL SOURCES ONLY,icraf,yes,yes,no,yes,no,
30602653,101,yes,Red cross,irrigation,20,august,214,EXTERNAL SOURCES ONLY,CARE INTERNATIONAL,no,yes,no,no,no,
30602654,101,yes,CHISOMO AGRICULTURE  BASED PROJECT  PROJECT,irrigation,21,august,213,FARMERS ONLY,noraid,no,yes,no,no,no,
30602655,101,yes,Mlerathaka,IMPROVE SOIL QUALITY,20,september,213,EXTERNAL SOURCES ONLY,CARE INTERNATIONAL,yes,yes,no,no,no,
30602655,102,yes,Ulimi  wamlondolo,IMPROVE SOIL QUALITY,12,september,213,EXTERNAL SOURCES ONLY,CARE INTERNATIONAL,yes,no,no,no,no,
30602656,101,yes,TAWOLOKA AGRICULTURE PROJECT,irrigation,18,august,214,FARMERS ONLY,CARE INTERNATIONAL,yes,yes,no,no,no,
30602657,102,yes,ADRA,INCREASECROP YIELDS,16,october,214,EXTERNAL SOURCES ONLY,CARE INTERNATIONAL,yes,yes,no,no,no,
30602657,101,yes,SIPI,IMPROVE SOIL QUALITY,35,september,214,FARMERS &amp; EXTERNAL SOURCES,CARE INTERNATIONAL,yes,yes,no,no,no,
30602658,101,yes,TIMVANE PROJECT,irrigation,35,june,2015,EXTERNAL SOURCES ONLY,carla,no,yes,no,no,no,
30602658,102,yes,TCHETSA BASED PROJECT,IMPROVE SOIL QUALITY,18,october,214,FARMERS ONLY,CARE INTERNATIONAL,no,yes,no,no,no,
30602659,102,yes,Namitembe,INCREASECROP YIELDS,25,april,6,FARMERS ONLY,CARE INTERNATIONAL,yes,no,no,no,no,
30602659,101,yes,Chikoleka,INCREASECROP YIELDS,20,july,2004,FARMERS ONLY,CARE INTERNATIONAL,yes,yes,no,no,no,
30602660,,no,,,,,,,,,,,,,
30701663,,no,,,,,,,,,,,,,
30702664,101,yes,Snic,INTRODUCE LEGUME COVER CROPS,8,december,2016,FARMERS &amp; EXTERNAL SOURCES,undp,yes,yes,no,no,yes,Provided legume seed to 8 farmers who will then pass on to other farmers
30703665,101,yes,Church Action  in Relief and Development,IMPROVE SOIL QUALITY,150,september,2004,FARMERS &amp; EXTERNAL SOURCES,,yes,yes,no,no,no,
30703666,,no,,,,,,,,,,,,,
30704667,,no,,,,,,,,,,,,,
30705668,101,yes,Jaica,irrigation,300,august,2001,FARMERS &amp; EXTERNAL SOURCES,jicca,yes,yes,yes,no,no,
30705669,,no,,,,,,,,,,,,,
30706670,,no,,,,,,,,,,,,,
30706671,,no,,,,,,,,,,,,,
30707672,101,yes,World Vission,LIVESTOCK-PRODUCTION,30,october,214,EXTERNAL SOURCES ONLY,noraid,yes,yes,no,no,yes,"""Pass on of female offspring to other Beneficiaries  once the goat has the first female offspring """
30707672,102,yes,Masaf,CONSERVATION AGRICULTURE,6,june,2016,FARMERS &amp; EXTERNAL SOURCES,undp,yes,no,no,no,yes,Taught how to conserve their land
30707673,101,yes,0,,,,,,,,,,,,
30708674,101,yes,World Vision,LIVESTOCK-PRODUCTION,96,september,2016,FARMERS &amp; EXTERNAL SOURCES,noraid,yes,yes,no,no,yes,Pass on of Livestock Goats from Mother Farmer to Other members
30708675,101,yes,Hefa,LIVESTOCK-PRODUCTION,5,june,2015,EXTERNAL SOURCES ONLY,undp,no,yes,no,no,no,
30708676,101,yes,Wala Malawi,LIVESTOCK-PRODUCTION,48,october,2016,FARMERS &amp; EXTERNAL SOURCES,undp,yes,yes,no,no,no,
30709677,101,yes,Norwegian Climate Change,IMPROVE SOIL QUALITY,25,july,214,EXTERNAL SOURCES ONLY,noraid,yes,yes,no,no,no,
30709678,101,yes,Shimpa,LIVESTOCK-PRODUCTION,9,september,2012,FARMERS &amp; EXTERNAL SOURCES,undp,yes,no,no,no,no,
30709679,101,yes,Zero  Tillage project,INCREASECROP YIELDS,50,june,2015,FARMERS &amp; EXTERNAL SOURCES,TOTAL LAND CARE,yes,yes,no,no,no,
30709680,102,yes,Hypha,LIVESTOCK-PRODUCTION,6,july,2016,EXTERNAL SOURCES ONLY,undp,yes,yes,yes,no,no,
30709680,101,yes,Shimpa,LIVESTOCK-PRODUCTION,3,august,2012,EXTERNAL SOURCES ONLY,undp,yes,yes,yes,no,no,
30710681,,no,,,,,,,,,,,,,
30710682,101,yes,World Vision,LIVESTOCK-PRODUCTION,101,november,2009,FARMERS &amp; EXTERNAL SOURCES,undp,yes,yes,yes,no,no,
30710683,,no,,,,,,,,,,,,,
30710684,,no,,,,,,,,,,,,,
30711685,101,yes,0,,0,,,,,no,no,no,no,yes,There is no project in the area
30720686,,no,,,,,,,,,,,,,
30801687,,no,,,,,,,,,,,,,
30801688,,no,,,,,,,,,,,,,
30801689,101,yes,Check dum and sasakawa,IMPROVE SOIL QUALITY,47,september,2010,FARMERS ONLY,CARE INTERNATIONAL,yes,no,no,no,no,
30801690,101,yes,Oxfarm,irrigation,100,june,2015,EXTERNAL SOURCES ONLY,nasfam,yes,yes,no,no,no,
30801691,,no,,,,,,,,,,,,,
30801692,,no,,,,,,,,,,,,,
30801693,,no,,,,,,,,,,,,,
30802694,101,yes,Concern Universal,NEW/IMPROVED VARIETIES,10,october,2015,EXTERNAL SOURCES ONLY,TOTAL LAND CARE,yes,yes,no,no,no,
30802694,103,yes,Nasfarm,NEW/IMPROVED VARIETIES,6,august,213,EXTERNAL SOURCES ONLY,nasfam,yes,yes,no,no,no,
30802694,102,yes,Oxfarm,NEW/IMPROVED VARIETIES,70,september,2015,EXTERNAL SOURCES ONLY,difd,yes,yes,no,no,no,
30802695,,no,,,,,,,,,,,,,
30802696,101,yes,"""Concern Universal """,IMPROVE SOIL QUALITY,70,october,2015,FARMERS ONLY,difd,yes,no,no,no,no,
30803697,101,yes,One acre fund,INCREASECROP YIELDS,2000,june,2015,EXTERNAL SOURCES ONLY,TOTAL LAND CARE,yes,no,yes,no,no,
30803698,101,yes,Cover (Agra),NEW/IMPROVED VARIETIES,100,september,2015,EXTERNAL SOURCES ONLY,undp,yes,yes,no,no,no,
30803698,102,yes,One Acre fund,NEW/IMPROVED VARIETIES,35,june,2016,EXTERNAL SOURCES ONLY,difd,yes,no,yes,no,no,
30803699,,no,,,,,,,,,,,,,
30804700,,no,,,,,,,,,,,,,
30804701,101,yes,GAIYA,LIVESTOCK-PRODUCTION,10,october,2015,EXTERNAL SOURCES ONLY,undp,yes,yes,no,yes,no,
30805702,101,yes,oxfarm,irrigation,150,april,214,FARMERS ONLY,nasfam,yes,no,no,no,no,
30805703,101,yes,ZERO TILLAGE,INCREASECROP YIELDS,15,october,214,FARMERS ONLY,nasfam,yes,no,no,no,no,
30805704,101,yes,ADRA,AGRO-FORESTRY PRACTICES,20,july,2015,EXTERNAL SOURCES ONLY,difd,no,yes,no,no,no,
30805705,,no,,,,,,,,,,,,,
30806706,101,yes,"""Oxfarm """,NEW/IMPROVED VARIETIES,25,december,2016,EXTERNAL SOURCES ONLY,CARE INTERNATIONAL,no,yes,no,no,no,
30806707,,no,,,,,,,,,,,,,
30806708,101,yes,ADRA,IMPROVE SOIL QUALITY,50,october,214,FARMERS ONLY,difd,yes,no,no,no,no,
30806708,102,yes,TOTAL LANDCARE,MINIMUM TILLAGE/PLANTING PITS,50,october,214,EXTERNAL SOURCES ONLY,TOTAL LAND CARE,yes,yes,yes,no,no,
30806709,,no,,,,,,,,,,,,,
30820710,,no,,,,,,,,,,,,,
30901711,102,yes,Concern Universal,NEW/IMPROVED VARIETIES,18,march,2016,EXTERNAL SOURCES ONLY,difd,yes,yes,no,no,no,
30901711,103,yes,Adra,IMPROVE SOIL QUALITY,18,march,2016,FARMERS &amp; EXTERNAL SOURCES,undp,yes,no,no,no,no,
30901711,101,yes,FAO,NEW/IMPROVED VARIETIES,10,june,2015,EXTERNAL SOURCES ONLY,difd,yes,yes,yes,no,no,
30901712,,no,,,,,,,,,,,,,
30901713,102,yes,FAO,PRACTICES TO ADAPT TO CLIMATE CHANGE,100,october,214,FARMERS ONLY,difd,yes,yes,no,no,no,
30901713,101,yes,ADRA,irrigation,100,october,214,FARMERS ONLY,undp,no,no,yes,no,no,
30901714,,no,,,,,,,,,,,,,
30901715,103,yes,Concern Universal,NEW/IMPROVED VARIETIES,24,september,205,EXTERNAL SOURCES ONLY,difd,yes,yes,no,no,no,
30901715,104,yes,One Acre fund,INCREASECROP YIELDS,10,march,2015,EXTERNAL SOURCES ONLY,difd,yes,no,no,no,no,
30901715,101,yes,"""ADRA """,irrigation,13,december,2015,EXTERNAL SOURCES ONLY,CARE INTERNATIONAL,yes,no,no,no,no,
30901715,105,yes,Lake Chirwa Basin,NEW/IMPROVED VARIETIES,10,january,213,EXTERNAL SOURCES ONLY,difd,yes,yes,no,no,no,
30901715,102,yes,World Vision,LIVESTOCK-PRODUCTION,500,october,2015,EXTERNAL SOURCES ONLY,difd,yes,yes,yes,no,no,
30901716,,no,,,,,,,,,,,,,
30901717,101,yes,"""Concern Universal """,irrigation,11,april,2016,EXTERNAL SOURCES ONLY,CARE INTERNATIONAL,yes,no,no,no,no,
30901718,101,yes,Jti tobbaco,INCREASECROP YIELDS,7,october,213,FARMERS &amp; EXTERNAL SOURCES,jicca,yes,yes,no,no,no,
30901719,101,yes,Concern Universal,irrigation,48,july,2016,EXTERNAL SOURCES ONLY,difd,yes,yes,no,no,no,
30901720,101,yes,Nasifam,INCREASECROP YIELDS,37,november,2016,FARMERS &amp; EXTERNAL SOURCES,nasfam,yes,yes,no,no,no,
30901721,102,yes,Inter Aid,LIVESTOCK-PRODUCTION,613,march,2016,EXTERNAL SOURCES ONLY,difd,yes,no,no,no,yes,give vaccine to livestock
30901721,101,yes,Concern Universal,irrigation,32,june,2016,FARMERS ONLY,difd,yes,yes,no,no,no,
30901722,101,yes,lnterAid,AGRO-FORESTRY PRACTICES,80,july,2016,EXTERNAL SOURCES ONLY,CARE INTERNATIONAL,yes,yes,no,no,no,
30901723,103,yes,ADRA,NEW/IMPROVED VARIETIES,148,may,2015,EXTERNAL SOURCES ONLY,difd,no,yes,no,no,no,
30901723,101,yes,CADECOM,irrigation,25,april,2015,EXTERNAL SOURCES ONLY,difd,yes,yes,no,no,no,
30901723,102,yes,Concern Universal,NEW/IMPROVED VARIETIES,20,april,2016,EXTERNAL SOURCES ONLY,undp,no,yes,no,no,no,
30901724,101,yes,Feed Fair,INCREASECROP YIELDS,40,november,2016,EXTERNAL SOURCES ONLY,nasfam,yes,yes,no,no,no,
30901725,101,yes,Concern universal,irrigation,68,november,2015,EXTERNAL SOURCES ONLY,,yes,yes,no,no,no,
30901726,,no,,,,,,,,,,,,,
30902727,104,yes,ADRA,AGRO-FORESTRY PRACTICES,309,march,213,EXTERNAL SOURCES ONLY,difd,yes,yes,no,no,no,
30902727,103,yes,Concern Universal,INCREASECROP YIELDS,25,april,2015,EXTERNAL SOURCES ONLY,difd,yes,yes,no,no,no,
30902727,101,yes,COWAF,NEW/IMPROVED VARIETIES,24,july,2016,EXTERNAL SOURCES ONLY,noraid,no,yes,no,no,no,
30902727,102,yes,CADECOM,LIVESTOCK-PRODUCTION,31,march,2015,EXTERNAL SOURCES ONLY,difd,no,yes,no,no,no,
30902728,101,yes,cadecm,LIVESTOCK-PRODUCTION,4,april,2015,EXTERNAL SOURCES ONLY,TOTAL LAND CARE,yes,yes,no,no,no,
30902729,101,yes,FAO,irrigation,50,may,2015,EXTERNAL SOURCES ONLY,difd,yes,yes,no,no,no,
30902729,102,yes,CADECOM,irrigation,50,may,2015,EXTERNAL SOURCES ONLY,difd,yes,yes,no,no,no,
30902730,,no,,,,,,,,,,,,,
30902731,101,yes,CAVOK,NEW/IMPROVED VARIETIES,33,december,2016,EXTERNAL SOURCES ONLY,difd,no,yes,no,no,no,
30902731,102,yes,CADECOM,NEW/IMPROVED VARIETIES,72,july,2011,EXTERNAL SOURCES ONLY,undp,no,yes,no,no,no,
30903732,,no,,,,,,,,,,,,,
30903733,102,yes,FAO,INTRODUCE LEGUME COVER CROPS,35,july,2015,FARMERS ONLY,difd,yes,yes,no,no,no,
30903733,104,yes,CADECOM,NEW/IMPROVED VARIETIES,140,may,213,FARMERS ONLY,undp,yes,yes,no,no,no,
30903733,103,yes,INTER AID,AGRO-FORESTRY PRACTICES,20,march,213,FARMERS ONLY,jicca,yes,yes,no,no,no,
30903733,101,yes,ADDRA,NEW/IMPROVED VARIETIES,170,october,2015,FARMERS ONLY,difd,yes,no,no,no,no,
30903734,101,yes,Cadecom,INCREASECROP YIELDS,30,november,2016,EXTERNAL SOURCES ONLY,TOTAL LAND CARE,yes,yes,no,no,no,
31001735,102,yes,PHUNDE IRRIGATION PROJECT,irrigation,100,july,2015,EXTERNAL SOURCES ONLY,carla,yes,yes,no,no,yes,"""FARM IMPLEMENTS """
31001735,101,yes,UBALE,CONSERVATION AGRICULTURE,11,october,2016,EXTERNAL SOURCES ONLY,TOTAL LAND CARE,yes,yes,no,no,no,
31001737,101,yes,SEED FAIR,CONSERVATION AGRICULTURE,189,december,2016,EXTERNAL SOURCES ONLY,nasfam,yes,yes,no,no,no,
31001738,,no,,,,,,,,,,,,,
31001739,,no,,,,,,,,,,,,,
31001741,102,yes,Nasfam,INCREASECROP YIELDS,256,august,2016,FARMERS &amp; EXTERNAL SOURCES,nasfam,yes,no,no,no,yes,"""Access to Market """
31001741,101,yes,"""Ubale Project """,INCREASECROP YIELDS,11,november,2016,FARMERS &amp; EXTERNAL SOURCES,TOTAL LAND CARE,no,yes,no,no,no,
31001742,,no,,,,,,,,,,,,,
31002743,101,yes,UBALE,CONSERVATION AGRICULTURE,68,april,2015,EXTERNAL SOURCES ONLY,carla,yes,yes,no,no,no,
31002744,,no,,,,,,,,,,,,,
31003745,,no,,,,,,,,,,,,,
31003746,,no,,,,,,,,,,,,,
31003747,,no,,,,,,,,,,,,,
31003749,,no,,,,,,,,,,,,,
31004750,,no,,,,,,,,,,,,,
31004751,101,yes,UBALE,CONSERVATION AGRICULTURE,11,september,2016,EXTERNAL SOURCES ONLY,noraid,yes,yes,no,no,no,
31005752,,no,,,,,,,,,,,,,
31006753,,no,,,,,,,,,,,,,
31006754,101,yes,CHIWENGA IRRIGATION PROJECT,irrigation,78,august,2009,EXTERNAL SOURCES ONLY,noraid,yes,yes,yes,no,no,
31006754,102,yes,NTUWANA IRRIGATION,irrigation,48,september,6,EXTERNAL SOURCES ONLY,noraid,yes,yes,no,no,no,
31007755,101,yes,"""Nkhate IRRIGATION SCHEME """,irrigation,3,january,1998,FARMERS ONLY,icraf,yes,yes,no,no,no,
31007756,,no,,,,,,,,,,,,,
31007757,102,yes,CONSERVATION AGRICULTURE,CONSERVATION AGRICULTURE,2,december,2016,EXTERNAL SOURCES ONLY,CARE INTERNATIONAL,yes,yes,no,no,no,
31007757,101,yes,FLOOD RECOVERY,irrigation,70,may,2015,EXTERNAL SOURCES ONLY,icraf,yes,yes,no,yes,no,
31020758,101,yes,SHIRE VALLEY IRRIGATION PROJECT,irrigation,3000,august,2015,EXTERNAL SOURCES ONLY,,yes,no,no,yes,no,
31101760,,no,,,,,,,,,,,,,
31102761,,no,,,,,,,,,,,,,
31104762,,no,,,,,,,,,,,,,
31104763,101,yes,UBALE - CONSERVATION AGRICULTURE,CONSERVATION AGRICULTURE,214,september,2015,FARMERS &amp; EXTERNAL SOURCES,CARE INTERNATIONAL,yes,yes,no,no,no,
31104763,102,yes,ECRP - MIXED AGRICULTURAL ACTIVITES,AGRO-FORESTRY PRACTICES,449,october,2012,FARMERS &amp; EXTERNAL SOURCES,,yes,yes,no,yes,no,
31104764,,no,,,,,,,,,,,,,
31104765,101,yes,UBALE,CONSERVATION AGRICULTURE,405,april,214,EXTERNAL SOURCES ONLY,CARE INTERNATIONAL,yes,yes,no,no,no,
31104766,101,yes,Ubale,CONSERVATION AGRICULTURE,7,september,2015,EXTERNAL SOURCES ONLY,CARE INTERNATIONAL,yes,yes,no,no,no,
31104767,,no,,,,,,,,,,,,,
31104768,,no,,,,,,,,,,,,,
31105769,,no,,,,,,,,,,,,,
31105770,,no,,,,,,,,,,,,,
31106772,101,yes,UBALE - CONSERVATION AGRICULTURE,CONSERVATION AGRICULTURE,49,february,2016,EXTERNAL SOURCES ONLY,CARE INTERNATIONAL,yes,yes,no,no,no,
31106773,,no,,,,,,,,,,,,,
31106774,101,yes,UBALE - Care,CONSERVATION AGRICULTURE,10,november,2015,EXTERNAL SOURCES ONLY,CARE INTERNATIONAL,yes,yes,no,no,no,
31106774,103,yes,ENFUREP,NEW/IMPROVED VARIETIES,60,september,2016,EXTERNAL SOURCES ONLY,jicca,yes,yes,no,no,no,
31106774,102,yes,IMPACT - Care,INCREASECROP YIELDS,20,february,217,EXTERNAL SOURCES ONLY,CARE INTERNATIONAL,yes,yes,no,no,no,
31106775,,no,,,,,,,,,,,,,
31106776,,no,,,,,,,,,,,,,
31107777,,no,,,,,,,,,,,,,
31108778,101,yes,CONCERN WORLD WIDE,MINIMUM TILLAGE/PLANTING PITS,236,august,2015,EXTERNAL SOURCES ONLY,icraf,yes,yes,no,no,no,
31109779,,no,,,,,,,,,,,,,
31120781,,no,,,,,,,,,,,,,
31120782,101,yes,"""UBALE """,CONSERVATION AGRICULTURE,6,september,2016,EXTERNAL SOURCES ONLY,CARE INTERNATIONAL,yes,yes,no,no,no,
31120782,103,yes,SEED MULTIPLICATION,INCREASECROP YIELDS,72,may,2016,EXTERNAL SOURCES ONLY,icraf,yes,yes,no,no,no,
31120782,102,yes,PASS ON GIFTS,LIVESTOCK-PRODUCTION,52,september,2016,EXTERNAL SOURCES ONLY,icraf,yes,yes,no,no,no,
31201783,,no,,,,,,,,,,,,,
31201784,,no,,,,,,,,,,,,,
31201785,,no,,,,,,,,,,,,,
31201786,,no,,,,,,,,,,,,,
31201787,,no,,,,,,,,,,,,,
31201788,,no,,,,,,,,,,,,,
31201789,102,yes,Nasfarm,INCREASECROP YIELDS,50,november,2000,EXTERNAL SOURCES ONLY,nasfam,yes,no,yes,no,no,
31201789,101,yes,Concern  Universal,INCREASECROP YIELDS,30,november,2010,EXTERNAL SOURCES ONLY,CARE INTERNATIONAL,yes,yes,yes,no,no,
31201790,101,yes,covam,REDUCE SOIL EROSION,1655,january,213,FARMERS ONLY,difd,yes,no,no,no,no,
31201791,,no,,,,,,,,,,,,,
31201792,101,yes,Corncen Universal,INCREASECROP YIELDS,57,april,214,FARMERS &amp; EXTERNAL SOURCES,difd,yes,yes,no,no,no,
31201793,101,yes,Total Land Care,INCREASECROP YIELDS,425,september,2015,EXTERNAL SOURCES ONLY,TOTAL LAND CARE,yes,yes,no,no,no,
31201793,102,yes,Concern Universal,IMPROVE SOIL QUALITY,75,september,2015,EXTERNAL SOURCES ONLY,TOTAL LAND CARE,yes,yes,no,yes,no,
31201794,101,yes,Agriculture,INCREASECROP YIELDS,49,june,2016,EXTERNAL SOURCES ONLY,CARE INTERNATIONAL,yes,yes,no,no,no,
31201795,102,yes,Nasfam,PRACTICES TO ADAPT TO CLIMATE CHANGE,1000,may,2010,EXTERNAL SOURCES ONLY,nasfam,no,yes,no,no,no,
31201795,101,yes,Total land care,INCREASECROP YIELDS,2500,september,2015,EXTERNAL SOURCES ONLY,TOTAL LAND CARE,no,yes,no,no,no,
31201795,103,yes,Concern Universial,AGRO-FORESTRY PRACTICES,2000,august,2011,EXTERNAL SOURCES ONLY,CARE INTERNATIONAL,no,yes,no,no,no,
31204796,101,yes,Adaptive research,INCREASECROP YIELDS,10,january,217,FARMERS &amp; EXTERNAL SOURCES,icraf,yes,yes,no,no,no,
31204797,,no,,,,,,,,,,,,,
31204798,,no,,,,,,,,,,,,,
31204799,101,yes,PCI Njira Project,CONSERVATION AGRICULTURE,920,august,214,EXTERNAL SOURCES ONLY,undp,no,yes,no,no,no,
31204799,102,yes,Illadp,NEW/IMPROVED VARIETIES,650,october,2015,EXTERNAL SOURCES ONLY,undp,yes,no,no,no,no,
31204800,102,yes,Sap sustainable  agriculture program,IMPROVE SOIL QUALITY,63,january,2012,EXTERNAL SOURCES ONLY,undp,yes,yes,no,no,no,
31204800,103,yes,njira project,IMPROVE SOIL QUALITY,63,february,2015,EXTERNAL SOURCES ONLY,CARE INTERNATIONAL,yes,yes,no,no,no,
31204800,101,yes,Millennium  challenge account,IMPROVE SOIL QUALITY,63,september,2016,EXTERNAL SOURCES ONLY,difd,yes,no,no,no,no,
31204801,102,yes,Agricen,irrigation,245,april,2016,EXTERNAL SOURCES ONLY,undp,yes,no,no,no,no,
31204801,103,yes,Oxfarm,irrigation,270,march,2016,EXTERNAL SOURCES ONLY,difd,yes,yes,yes,no,no,
31204801,101,yes,Cardecom,CONSERVATION AGRICULTURE,225,march,214,EXTERNAL SOURCES ONLY,carla,yes,no,no,yes,no,
31204802,,no,,,,,,,,,,,,,
31204803,101,yes,Using of imploded seeds,INCREASECROP YIELDS,869,december,2015,EXTERNAL SOURCES ONLY,TOTAL LAND CARE,yes,yes,yes,no,no,
31204804,101,yes,Land Total Care,AGRO-FORESTRY PRACTICES,25,april,214,EXTERNAL SOURCES ONLY,TOTAL LAND CARE,yes,yes,no,no,no,
31204804,102,yes,NASFARM,INCREASECROP YIELDS,95,march,213,EXTERNAL SOURCES ONLY,nasfam,yes,yes,yes,no,no,
31220805,,no,,,,,,,,,,,,,
31220806,,no,,,,,,,,,,,,,
31301807,101,yes,Shire basine,AGRO-FORESTRY PRACTICES,23,february,2015,EXTERNAL SOURCES ONLY,icraf,yes,no,no,no,no,
31301808,101,yes,KASUZA BASED PROJECT,irrigation,56,august,213,EXTERNAL SOURCES ONLY,icraf,no,yes,yes,no,no,
31301809,101,yes,Fumba Village group,INCREASECROP YIELDS,25,august,214,FARMERS &amp; EXTERNAL SOURCES,jicca,no,yes,no,yes,no,
31301810,103,yes,COFA,LIVESTOCK-PRODUCTION,43,october,2016,EXTERNAL SOURCES ONLY,CARE INTERNATIONAL,no,no,yes,yes,no,
31301810,102,yes,FAO PROJECT,LIVESTOCK-PRODUCTION,25,august,2016,FARMERS ONLY,icraf,no,yes,no,no,no,
31301810,101,yes,SHIRE BASIN,irrigation,23,october,2016,FARMERS ONLY,CARE INTERNATIONAL,no,yes,no,no,no,
31301811,103,yes,"""CRINTON FOUNDATION """,AGRO-FORESTRY PRACTICES,15,january,2009,EXTERNAL SOURCES ONLY,CARE INTERNATIONAL,no,yes,no,yes,no,
31301811,102,yes,CADECOM,INCREASECROP YIELDS,21,may,2012,EXTERNAL SOURCES ONLY,icraf,yes,yes,no,yes,no,
31301811,101,yes,"""Shire basine """,IMPROVE SOIL QUALITY,16,february,2009,EXTERNAL SOURCES ONLY,CARE INTERNATIONAL,yes,yes,no,no,no,
31301812,102,yes,COFFA,INTRODUCE LEGUME COVER CROPS,46,june,214,EXTERNAL SOURCES ONLY,difd,no,yes,yes,no,no,
31301812,101,yes,SHIRE BASIN,IMPROVE SOIL QUALITY,31,april,2015,EXTERNAL SOURCES ONLY,undp,no,yes,no,no,no,
31302813,,no,,,,,,,,,,,,,
31302814,101,yes,LISUNGWI PROJECT,irrigation,32,january,214,FARMERS &amp; EXTERNAL SOURCES,icraf,no,yes,yes,yes,no,
31302815,105,yes,Hunger,INTRODUCE LEGUME COVER CROPS,25,june,2015,EXTERNAL SOURCES ONLY,CARE INTERNATIONAL,yes,no,no,yes,no,
31302815,102,yes,"""ovamus Jaica """,AGRO-FORESTRY PRACTICES,22,august,2015,EXTERNAL SOURCES ONLY,jicca,yes,yes,no,yes,no,
31302815,101,yes,save the children,IMPROVE SOIL QUALITY,25,october,214,EXTERNAL SOURCES ONLY,TOTAL LAND CARE,yes,no,no,no,no,
31302815,103,yes,Evengelical,AGRO-FORESTRY PRACTICES,35,august,214,EXTERNAL SOURCES ONLY,CARE INTERNATIONAL,yes,no,no,yes,no,
31302815,104,yes,Partners,MINIMUM TILLAGE/PLANTING PITS,15,july,214,EXTERNAL SOURCES ONLY,nasfam,yes,yes,no,yes,no,
31302816,101,yes,SHIRE BASED PROJECT,PRACTICES TO ADAPT TO CLIMATE CHANGE,21,october,213,EXTERNAL SOURCES ONLY,noraid,yes,no,no,no,no,
31302817,101,yes,Mkulumadzi farmer group,irrigation,20,september,214,FARMERS ONLY,CARE INTERNATIONAL,no,no,no,yes,no,
31303818,101,yes,"""MWETANG'OMBE BASED PRONJECT """,irrigation,25,june,214,FARMERS &amp; EXTERNAL SOURCES,TOTAL LAND CARE,no,yes,no,no,no,
31303818,102,yes,CHIPATA BASED PROJECT,irrigation,30,may,214,FARMERS &amp; EXTERNAL SOURCES,CARE INTERNATIONAL,no,yes,no,no,no,
31303818,103,yes,CHIMWEMWE BASED PROJECT,LIVESTOCK-PRODUCTION,15,june,213,EXTERNAL SOURCES ONLY,CARE INTERNATIONAL,no,yes,no,no,no,
31303819,102,yes,livestock keeping group,LIVESTOCK-PRODUCTION,58,april,2015,FARMERS ONLY,CARE INTERNATIONAL,yes,no,no,no,no,
31303819,101,yes,Mtegula agriculture scheme,INCREASECROP YIELDS,36,january,2012,EXTERNAL SOURCES ONLY,icraf,no,yes,no,no,no,
31303821,101,yes,Umodzi cooparetion,INCREASECROP YIELDS,21,august,214,FARMERS ONLY,icraf,no,no,no,yes,no,
31303822,101,yes,wordvision,irrigation,41,july,2007,EXTERNAL SOURCES ONLY,CARE INTERNATIONAL,yes,no,no,no,no,
31303822,104,yes,Evangelical project,IMPROVE SOIL QUALITY,15,april,214,FARMERS &amp; EXTERNAL SOURCES,jicca,no,yes,no,yes,no,
31303822,102,yes,save the children,IMPROVE SOIL QUALITY,48,march,2011,EXTERNAL SOURCES ONLY,CARE INTERNATIONAL,yes,no,no,no,no,
31303822,103,yes,Hunger project,irrigation,20,july,213,EXTERNAL SOURCES ONLY,icraf,yes,yes,no,no,no,
31303823,101,yes,world Vision,IMPROVE SOIL QUALITY,105,march,2016,EXTERNAL SOURCES ONLY,CARE INTERNATIONAL,yes,yes,no,yes,no,
31303823,106,yes,Adra,LIVESTOCK-PRODUCTION,2015,january,2016,EXTERNAL SOURCES ONLY,icraf,yes,yes,yes,no,no,
31303823,103,yes,Coprid,IMPROVE SOIL QUALITY,1500,march,2015,EXTERNAL SOURCES ONLY,CARE INTERNATIONAL,yes,yes,no,no,no,
31303823,105,yes,action aid,CONSERVATION AGRICULTURE,310,january,2016,EXTERNAL SOURCES ONLY,undp,yes,yes,no,yes,no,
31303823,102,yes,serve the children (Unicef ),CONSERVATION AGRICULTURE,35,february,2015,EXTERNAL SOURCES ONLY,noraid,yes,yes,no,yes,no,
31303823,104,yes,Hunger project,AGRO-FORESTRY PRACTICES,271,february,2015,EXTERNAL SOURCES ONLY,icraf,yes,yes,no,no,no,
31303824,102,yes,"""MFUNGO PROJECT """,AGRO-FORESTRY PRACTICES,15,january,214,FARMERS ONLY,TOTAL LAND CARE,no,yes,no,no,no,
31303824,101,yes,KALUMBE PROJECT,irrigation,19,september,213,FARMERS ONLY,jicca,no,yes,no,no,no,
31303825,101,yes,Mtaya nkhasu,IMPROVE SOIL QUALITY,30,august,214,EXTERNAL SOURCES ONLY,icraf,yes,no,no,no,no,
31303826,101,yes,LISUNGWI PROJECT,irrigation,26,april,214,FARMERS &amp; EXTERNAL SOURCES,undp,no,yes,yes,no,no,
31306827,101,yes,NATUMBU BASED PROJECT,INCREASECROP YIELDS,22,may,214,EXTERNAL SOURCES ONLY,CARE INTERNATIONAL,no,yes,yes,no,no,
31306828,101,yes,CHILE  BASIN PROJECT,AGRO-FORESTRY PRACTICES,55,january,2012,EXTERNAL SOURCES ONLY,TOTAL LAND CARE,no,yes,no,no,no,
31306829,101,yes,Mfumba,INCREASECROP YIELDS,40,march,213,EXTERNAL SOURCES ONLY,CARE INTERNATIONAL,yes,no,no,no,no,
31306830,103,yes,ADRA PROJECT,irrigation,3,may,214,FARMERS ONLY,noraid,no,yes,no,no,no,
31306830,101,yes,CHINYANJE SCHEME,irrigation,20,august,2016,FARMERS ONLY,TOTAL LAND CARE,no,yes,no,no,no,
31306830,102,yes,SHIRE BASED PROJECT,AGRO-FORESTRY PRACTICES,15,august,2016,EXTERNAL SOURCES ONLY,TOTAL LAND CARE,no,yes,yes,yes,no,
31431831,,no,,,,,,,,,,,,,
31431832,,no,,,,,,,,,,,,,
31432833,101,yes,Tree  nursery,REDUCE SOIL EROSION,22,january,2011,FARMERS ONLY,noraid,no,yes,no,no,no,
31432834,,no,,,,,,,,,,,,,
31434835,,no,,,,,,,,,,,,,
31435836,,no,,,,,,,,,,,,,
31435837,101,yes,EDEF,INCREASECROP YIELDS,60,january,213,EXTERNAL SOURCES ONLY,CARE INTERNATIONAL,yes,yes,no,yes,no,
31435838,,no,,,,,,,,,,,,,
31435839,101,yes,Total Land Care,irrigation,55,february,2015,EXTERNAL SOURCES ONLY,TOTAL LAND CARE,yes,yes,yes,no,no,
31436840,,no,,,,,,,,,,,,,
31436841,101,yes,"""Nasfarm """,INCREASECROP YIELDS,17,february,2015,EXTERNAL SOURCES ONLY,nasfam,no,yes,no,no,no,
31437842,,no,,,,,,,,,,,,,
31438843,,no,,,,,,,,,,,,,
31438844,,no,,,,,,,,,,,,,
31438845,101,yes,"""keep live stock chicken """,LIVESTOCK-PRODUCTION,18,march,213,EXTERNAL SOURCES ONLY,icraf,no,no,no,yes,no,
31439846,,no,,,,,,,,,,,,,
31440847,,no,,,,,,,,,,,,,
31441848,,no,,,,,,,,,,,,,
31441849,,no,,,,,,,,,,,,,
31442850,,no,,,,,,,,,,,,,
31442851,,no,,,,,,,,,,,,,
31443852,,no,,,,,,,,,,,,,
31443853,,no,,,,,,,,,,,,,
31444854,101,yes,Lid Farmer,INTRODUCE LEGUME COVER CROPS,20,february,217,EXTERNAL SOURCES ONLY,nasfam,yes,no,no,no,no,
31531855,,no,,,,,,,,,,,,,
31531856,101,yes,Chirimba Pig Farming Agriculture Based project,LIVESTOCK-PRODUCTION,60,may,2015,EXTERNAL SOURCES ONLY,carla,yes,yes,yes,no,no,
31532857,,no,,,,,,,,,,,,,
31533858,101,yes,soya variety  project,INTRODUCE LEGUME COVER CROPS,50,september,214,FARMERS &amp; EXTERNAL SOURCES,icraf,yes,yes,no,no,no,
31534859,101,yes,One goat  for  family  project,NEW/IMPROVED VARIETIES,50,april,214,EXTERNAL SOURCES ONLY,difd,yes,no,no,no,no,
31535860,,no,,,,,,,,,,,,,
31535861,,no,,,,,,,,,,,,,
31536863,,no,,,,,,,,,,,,,
31537864,,no,,,,,,,,,,,,,
31539865,,no,,,,,,,,,,,,,
31539866,101,yes,"""one goat for family project """,LIVESTOCK-PRODUCTION,20,july,214,EXTERNAL SOURCES ONLY,CARE INTERNATIONAL,yes,no,yes,no,no,
31540867,101,yes,"""Soil conservation  project """,PRACTICES TO ADAPT TO CLIMATE CHANGE,150,february,2015,FARMERS &amp; EXTERNAL SOURCES,CARE INTERNATIONAL,yes,yes,no,yes,no,
31544869,,no,,,,,,,,,,,,,
31546870,101,yes,"""Pigeon peas  variety  home based  business project """,INTRODUCE LEGUME COVER CROPS,600,july,213,EXTERNAL SOURCES ONLY,TOTAL LAND CARE,yes,yes,yes,no,no,
31547871,,no,,,,,,,,,,,,,
31548872,,no,,,,,,,,,,,,,
31548873,,no,,,,,,,,,,,,,
31551874,,no,,,,,,,,,,,,,
31552875,,no,,,,,,,,,,,,,
31553876,,no,,,,,,,,,,,,,
31554877,,no,,,,,,,,,,,,,
31555878,,no,,,,,,,,,,,,,
