case_id,hhid,fs_f01,fs_f01_oth,fs_f02a,fs_f02b,fs_f02c,fs_f02d,fs_f02e,fs_f02f,fs_f02g,fs_f02h,fs_f02i,fs_f02j,fs_f02k,fs_f02l,fs_f02m,fs_f03a,fs_f03b,fs_f03c,fs_f03d,fs_f03e,fs_f03f,fs_f03g,fs_f03h,fs_f03i,fs_f03j,fs_f03k,fs_f03l,fs_f03m,Fish_SpeciesID
102011270100,08b1e1c98b2b4c85a863b56e4e3ab2d7,usipa,,0,,,,.,,no,,,.,,.,,0,,,,,,no,,,,,.,,
102011270100,08b1e1c98b2b4c85a863b56e4e3ab2d7,aggregated,,0,,,,.,,no,,,.,,.,,0,,,,,,no,,,,,.,,
102031320075,4f76bfccfc26498e9661200ea2fc687c,usipa,,6,LARGE BASKET,,fresh,,3000,no,,,,,,,6000,LARGE BASKET,,fresh,,3000,no,,,,,,,
102031320106,0cfbbe3f557a464a90fdc38805614160,usipa,,2,LARGE BASKET,,fresh,,3000,no,,,,,,,2,LARGE BASKET,,fresh,,6500,no,,,,,,,
102031330272,f8b880f4fc3a479587230cfaed141480,usipa,,0,,,,.,,no,,,.,,.,,10,SMALL BASKET,,fresh,.,1500,no,,,,,.,,
102031330272,f8b880f4fc3a479587230cfaed141480,,,0,,,,,,no,,,,,,,10,SMALL BASKET,,fresh,,1500,no,,,,,,,9
102031350022,beb1efb5f918446194ffe54bafc17367,mlamba,,0,,,,.,,no,,,,,.,,2,DOZEN / BUNDLE,,fresh,.,1200,no,,,,,.,,
102031350054,e9c575aa858b4af8bfa4ed2a76fea52b,ncheni,,200,DOZEN / BUNDLE,,fresh,.,200,no,,,,,.,,0,,,,.,,no,,,,,.,,
102031360139,7ca7543c0c7948ddad57a7b65c7f5806,usipa,,0,,,,,,no,,,,,,,0,,,,,,no,,,,,,,
102041390043,4904a664213a4720bff9919bcd654b1f,ncheni,,0,,,,.,,no,,,.,,.,,0,,,,,,no,,,,,.,,
102041390094,faeda9d101104654ba0ba10f7bda070f,usipa,,2,OTHER (SPECIFY),chigoba,fresh,.,5000,no,,,.,,.,,6,OTHER (SPECIFY),"""Chigoba """,fresh,,3500,no,,,,,.,,
102041400017,0e66af7d72d34ecba01e7125b699982c,ncheni,,0,,,,,,no,,,,,,,0,,,,,,no,,,,,,,
102041400073,3533c366067d4e8eb8224aaf3185e921,other,"""NON / no fish trading """,0,,,,,,no,,,,,,,0,,,,,,no,,,,,,,
102041400129,e99c4f24ae1a4b4c88b15e84a509faed,usipa,,2,5 KG BAG,,SUN-DRIED,,4500,no,,,,,,,2,5 KG BAG,,SUN-DRIED,,200,no,,,,,,,
102051430101,6c1d67be72734fa6bc1262795e6dfeda,ncheni,,45,LARGE BASKET,,fresh,.,4000,no,,,.,,.,,8,LARGE BASKET,,fresh,,3500,no,,,,,.,,
102051430101,6c1d67be72734fa6bc1262795e6dfeda,usipa,,13,SMALL BASKET,,fresh,.,2500,no,,,.,,.,,12,SMALL BASKET,,fresh,,2500,no,,,,,.,,
102051430113,947cb04fcc36485784709ffea38208bd,ncheni,,0,,,,.,,no,,,.,,.,,0,,,,,,no,,,,,.,,
102051430237,01ed4b0ebb174ce2b6ad24a2171b81f8,ncheni,,0,,,,.,,no,,,.,,.,,0,,,,,,no,,,,,.,,
102051430237,01ed4b0ebb174ce2b6ad24a2171b81f8,other,"""NKHOLOKORO """,0,,,,.,,no,,,.,,.,,0,,,,,,no,,,,,.,,
102051430261,6552bf2e438f4d41b03bff392be5ae6e,mlamba,,2,LARGE BASKET,,fresh,.,4000,no,,,.,,.,,2,LARGE BASKET,,fresh,,5000,yes,2,,,smoked,.,5000,
102051430261,6552bf2e438f4d41b03bff392be5ae6e,ncheni,,0,,,,.,,no,,,.,,.,,3,LARGE BASKET,,smoked,,5500,no,,,,,.,,
102051440026,c4110f608f2a4f339cd3bf50cc4e3e82,other,"""no fish trading """,0,,,,,,no,,,,,,,0,,,,,,no,,,,,,,
103011500077,9a6ef6edf7554404b515bc38af73fe89,usipa,,50,SMALL BASKET,,SUN-DRIED,.,3000,no,,,.,,.,,50,SMALL BASKET,,SUN-DRIED,.,5800,no,,,,,.,,
103011500077,9a6ef6edf7554404b515bc38af73fe89,utaka,,60,SMALL BASKET,,SUN-DRIED,.,3500,no,,,.,,.,,60,SMALL BASKET,,SUN-DRIED,.,5000,no,,,,,.,,
103011510023,398626a3b4e24a01bb6e17a63f4d7b78,utaka,,5,OTHER (SPECIFY),5 LITRE PAIL,SUN-DRIED,,4500,no,,,,,,,60,OTHER (SPECIFY),5 LITRE PAIL,SUN-DRIED,,6500,no,,,,,,,
103011510023,398626a3b4e24a01bb6e17a63f4d7b78,usipa,,3,OTHER (SPECIFY),5 LITRE PAIL,SUN-DRIED,,3500,no,,,,,,,36,OTHER (SPECIFY),5 LITRE PAIL,SUN-DRIED,,5500,no,,,,,,,
103041550097,567c55b2fade45ca9224c7e045c6faf2,usipa,,5,SMALL BASKET,,SUN-DRIED,,3000,no,,,,,,,5,SMALL BASKET,,SUN-DRIED,,3000,no,,,,,,,
103041550161,37d827493097455584995cea49b0c3a0,usipa,,0,,,,,,no,,,,,,,0,,,,,,no,,,,,,,
103041550225,bd303448e341418babe957994438e3a4,utaka,,6,piece,,SUN-DRIED,,200,no,,,,,,,0,,,,,,no,,,,,,,
103041550225,bd303448e341418babe957994438e3a4,usipa,,3,LARGE BASKET,,fresh,,15000,no,,,,,,,15,piece,,SUN-DRIED,,100,no,,,,,,,
103041550332,334ca9c812914080afc3887e19b94ca9,usipa,,5,OTHER (SPECIFY),"""chigoba """,fresh,,5000,no,,,,,,,5,OTHER (SPECIFY),"""chigoba """,fresh,,7000,no,,,,,,,
103041560011,5facd51c70be45edba22c3dc65633cbf,usipa,,8,SMALL BASKET,,SUN-DRIED,.,5000,no,,,,,.,,8,SMALL BASKET,,SUN-DRIED,.,7500,no,,,,,.,,
103051580253,15d3528a60f549929bcbe78eb3deafc7,mlamba,,14,piece,,fresh,.,400,no,,,.,,.,,14,piece,,fresh,.,800,no,,,,,.,,
103051580253,15d3528a60f549929bcbe78eb3deafc7,,,14,piece,,fresh,,400,no,,,,,,,14,piece,,fresh,,800,no,,,,,,,3
103061590150,a729399a66b14db8b8a00c1e2d9148f6,usipa,,36,OTHER (SPECIFY),"""5 LITRE PAIL """,fresh,,2500,no,,,,,,,432,OTHER (SPECIFY),"""5 LITRE PAIL """,SUN-DRIED,,3500,no,,,,,,,
103061600033,40c946603a674215878b8d31828dd6c0,usipa,,5,OTHER (SPECIFY),basin,fresh,.,4000,no,,,.,,.,,200,OTHER (SPECIFY),heap,fresh,,150,no,,,,,.,,
103061600056,1859860260824f6689c4bf15a6b2eb6e,other,Kholokolo,3,OTHER (SPECIFY),Basin,fresh,.,3500,no,,,.,,.,,3,OTHER (SPECIFY),"""Basin """,fresh,,5000,no,,,,,.,,
103061600056,1859860260824f6689c4bf15a6b2eb6e,ncheni,,4,OTHER (SPECIFY),"""Basin """,fresh,.,4000,no,,,.,,.,,4,OTHER (SPECIFY),Basin,fresh,,6000,no,,,,,.,,
103061600078,c26141cbc5174e96904b395bcc54366c,usipa,,3,LARGE BASKET,,fresh,.,2000,no,,,.,,.,,3,LARGE BASKET,,fresh,,3500,no,,,,,.,,
103061600180,c4f3a71f569c44a1b19069c09762f14e,usipa,,15,LARGE BASKET,,fresh,.,2000,no,,,.,,.,,15,LARGE BASKET,,fresh,,3500,no,,,,,.,,
103061600202,6feae0b98ff447729ed539e1ec2ba95c,usipa,,3,OTHER (SPECIFY),Cartons (large),SUN-DRIED,.,13000,no,,,.,,.,,3,OTHER (SPECIFY),CARTONS (LARGE),SUN-DRIED,,25000,no,,,,,.,,
103071610015,7a6ae563306b4cbdab5e1c00de69dc7a,chambo,,0,,,,,,yes,47,piece,,fresh,,1500,43,piece,,fresh,,1500,no,,,,,,,
103071610027,1dfe07332f63475f9557d4e4018207bc,aggregated,,24,DOZEN / BUNDLE,,fresh,,2000,no,,,,,,,26,DOZEN / BUNDLE,,fresh,,2500,no,,,,,,,
103081620014,d8b1edfeb6264f65b96d57c6121fc0a1,usipa,,4,OTHER (SPECIFY),"""RK Large basin """,fresh,.,10000,no,,,.,,.,,24,OTHER (SPECIFY),"""5 LITRE PAIL """,SUN-DRIED,.,2500,no,,,,,.,,
103081620028,219b04bf89e54900b3b05477279ba185,usipa,,6,OTHER (SPECIFY),"""RK Large basin """,fresh,.,7000,no,,,.,,.,,12,OTHER (SPECIFY),"""5 LITRE PAIL """,SUN-DRIED,.,2000,no,,,,,.,,
103081620042,5f4bc82d7ed94bebb62dfe3db9e6afae,usipa,,4,OTHER (SPECIFY),RK Large basin,fresh,.,8000,no,,,.,,.,,18,OTHER (SPECIFY),"""5 LITRE PAIL """,SUN-DRIED,.,2500,no,,,,,.,,
103081620098,b67cb8fcd273432aaadb42f1b549711a,usipa,,3,OTHER (SPECIFY),"""40 litre pail """,fresh,.,15000,no,,,.,,.,,24,OTHER (SPECIFY),"""5 litre pail """,SUN-DRIED,.,2500,no,,,,,.,,
103081620127,e8a47dd94eb8405f884217260c58ab30,usipa,,5,OTHER (SPECIFY),40 litre basin,fresh,.,10000,no,,,.,,.,,40,OTHER (SPECIFY),"""5 litre pail """,SUN-DRIED,.,2500,no,,,,,.,,
103081620184,f2569170459943dc8867c31b7e1e7974,usipa,,3,OTHER (SPECIFY),RK large basin,fresh,.,11000,no,,,.,,.,,4,OTHER (SPECIFY),"""5 litre bucket """,SUN-DRIED,.,3000,no,,,,,.,,
103081620198,2ce39e2d4a68423eb6eba403c0f41ff7,usipa,,10,OTHER (SPECIFY),"""RK large basin """,fresh,.,10000,no,,,.,,.,,40,OTHER (SPECIFY),"""5 litre bucket """,SUN-DRIED,.,3500,no,,,,,.,,
103081620212,bcc7ea73dd704eb3a3354f964cb1523a,usipa,,4,OTHER (SPECIFY),"""RK large basin """,fresh,.,13000,no,,,.,,.,,16,OTHER (SPECIFY),"""5 litre bucket """,SUN-DRIED,.,4000,no,,,,,.,,
103081620268,031e4883262d4934bcac67e031770853,ncheni,,80,piece,,fresh,.,500,no,,,.,,.,,80,piece,,fresh,.,1000,no,,,,,.,,
103081620295,27dc24a691b6480cbd6753766d00754a,usipa,,15,SMALL BASKET,,fresh,.,2500,no,,,.,,.,,15,SMALL BASKET,,SUN-DRIED,.,3500,no,,,,,.,,
103091630065,f66081fcd5754c73bb04ed9348cf4e55,ncheni,,8,LARGE BASKET,,SUN-DRIED,,18000,no,,,,,,,8,LARGE BASKET,,SUN-DRIED,,30000,no,,,,,,,
103091640104,b9c94e08eab045e2aa3573e8682e065d,usipa,,5,LARGE BASKET,,SUN-DRIED,.,5000,no,,,.,,.,,2,LARGE BASKET,,SUN-DRIED,,6500,no,,,,,.,,
103091640136,769d9986929f45169fc472563bac5523,usipa,,16,SMALL BASKET,,fresh,.,3500,no,,,.,,.,,16,SMALL BASKET,,SUN-DRIED,,5500,no,,,,,.,,
103091640150,9f4acc45075e445390de3771cac29b10,usipa,,20,OTHER (SPECIFY),10 litre pail,fresh,.,3000,no,,,.,,.,,40,OTHER (SPECIFY),5 litre pail,SUN-DRIED,,3500,no,,,,,.,,
103091640211,bc3bce638161477592d3ea6fca0c817e,usipa,,8,LARGE BASKET,,fresh,.,3000,no,,,.,,.,,16,SMALL BASKET,,fresh,,2500,no,,,,,.,,
103091640254,3df550fb47554460bd794cd44f989aa2,usipa,,7,LARGE BASKET,,SUN-DRIED,.,5000,no,,,.,,.,,14,SMALL BASKET,,SUN-DRIED,,3000,no,,,,,.,,
103121660085,b8ae7be8d7ac456c8c4363c3172a0cbd,usipa,,10,OTHER (SPECIFY),"""5 LITRE BUCKET """,SUN-DRIED,.,2000,no,,,.,,.,,10,OTHER (SPECIFY),"""5 litre bucket """,SUN-DRIED,.,3500,no,,,,,.,,
103121670149,d8a58ec5e522491eb3fbd29b26c8a815,other,"""CHILANI """,0,,,,,,no,,,,,,,10,piece,,fresh,,500,no,,,,,,,
103121680279,6722c5108f494fa7b2129ba5366656d9,usipa,,20,SMALL BASKET,,SUN-DRIED,.,2500,no,,,.,,.,,20,SMALL BASKET,,SUN-DRIED,,4500,no,,,,,.,,
103121680364,23be6551653a4a0284ec5ef0a5f0b383,usipa,,10,OTHER (SPECIFY),"""5 litre pail """,SUN-DRIED,.,4000,no,,,.,,.,,400,OTHER (SPECIFY),Heap,SUN-DRIED,,200,no,,,,,.,,
103121690211,a7a96247cbd74fb3887dcb4745d1a436,usipa,,2,OTHER (SPECIFY),"""5 LITRE BUCKET """,fresh,,4500,no,,,,,,,120,OTHER (SPECIFY),"""HEAP """,fresh,,100,no,,,,,,,
103201700023,200abe65cf81492996fb536cdba870de,usipa,,10,LARGE BASKET,,fresh,.,5000,no,,,.,,.,,9,LARGE BASKET,,SUN-DRIED,.,7500,no,,,,,.,,
103201700023,200abe65cf81492996fb536cdba870de,,,10,LARGE BASKET,,fresh,,5000,no,,,,,,,9,LARGE BASKET,,SUN-DRIED,,7500,no,,,,,,,9
103201700057,5df913186e364fe2aae62230c04193c9,utaka,,0,,,,.,,no,,,.,,.,,2,LARGE BASKET,,fresh,.,15000,no,,,,,.,,
103201700057,5df913186e364fe2aae62230c04193c9,,,0,,,,,,no,,,,,,,2,LARGE BASKET,,fresh,,15000,no,,,,,,,10
103201700068,84be51f327394a3a8e5a06374264eba1,,,10,LARGE BASKET,,fresh,,3000,no,,,,,,,20,SMALL BASKET,,fresh,,2500,no,,,,,,,9
103201700068,84be51f327394a3a8e5a06374264eba1,usipa,,10,LARGE BASKET,,fresh,.,3000,no,,,.,,.,,20,SMALL BASKET,,fresh,.,2500,no,,,,,.,,
103201700079,9977f1d5d6f7420da34b676ad1f9bf0f,,,10,OTHER (SPECIFY),10 litre pail,fresh,,3500,no,,,,,,,20,OTHER (SPECIFY),5 litre pail,fresh,,2500,no,,,,,,,9
103201700079,9977f1d5d6f7420da34b676ad1f9bf0f,usipa,,10,OTHER (SPECIFY),10 litre pail,fresh,.,3500,no,,,.,,.,,20,OTHER (SPECIFY),5 litre pail,fresh,.,2500,no,,,,,.,,
103201700102,48d11b47d14a4d2a855f5fec1c8e8cd8,usipa,,7,OTHER (SPECIFY),10 litre pail,SUN-DRIED,.,3500,no,,,.,,.,,14,OTHER (SPECIFY),"""5 litre pail """,SUN-DRIED,.,2500,no,,,,,.,,
103201700102,48d11b47d14a4d2a855f5fec1c8e8cd8,,,7,OTHER (SPECIFY),10 litre pail,SUN-DRIED,,3500,no,,,,,,,14,OTHER (SPECIFY),"""5 litre pail """,SUN-DRIED,,2500,no,,,,,,,9
103201700159,d4b20eee007e44c0a28d773f16c41258,,,20,OTHER (SPECIFY),"""40 litre pail """,fresh,,3500,no,,,,,,,35,SMALL BASKET,,SUN-DRIED,,4000,no,,,,,,,8
103201700159,d4b20eee007e44c0a28d773f16c41258,usipa,,10,OTHER (SPECIFY),40 litre pail RK,fresh,.,4000,no,,,.,,.,,10,OTHER (SPECIFY),"""40 litre pail RK """,fresh,.,7000,no,,,,,.,,
103201700159,d4b20eee007e44c0a28d773f16c41258,ncheni,,20,OTHER (SPECIFY),"""40 litre pail """,fresh,.,3500,no,,,.,,.,,35,SMALL BASKET,,SUN-DRIED,.,4000,no,,,,,.,,
103201700159,d4b20eee007e44c0a28d773f16c41258,,,10,OTHER (SPECIFY),40 litre pail RK,fresh,,4000,no,,,,,,,10,OTHER (SPECIFY),"""40 litre pail RK """,fresh,,7000,no,,,,,,,9
103201700170,06cd9a308c6d4a309d1f2ee191d511e8,utaka,,3,LARGE BASKET,,fresh,.,14000,no,,,.,,.,,3,LARGE BASKET,,fresh,.,22000,no,,,,,.,,
103201700170,06cd9a308c6d4a309d1f2ee191d511e8,,,3,LARGE BASKET,,fresh,,14000,no,,,,,,,3,LARGE BASKET,,fresh,,22000,no,,,,,,,10
103201700170,06cd9a308c6d4a309d1f2ee191d511e8,usipa,,2,OTHER (SPECIFY),"""LARGE BASIN """,fresh,.,11000,no,,,.,,.,,2,OTHER (SPECIFY),"""LARGE BASIN """,fresh,.,17000,no,,,,,.,,
103201700170,06cd9a308c6d4a309d1f2ee191d511e8,,,2,OTHER (SPECIFY),"""LARGE BASIN """,fresh,,11000,no,,,,,,,2,OTHER (SPECIFY),"""LARGE BASIN """,fresh,,17000,no,,,,,,,9
103201700193,6bf41810b584418c9e9f51c0b46c6282,,,5,OTHER (SPECIFY),20 litre pail,fresh,,7000,no,,,,,,,5,OTHER (SPECIFY),20 litre pail,SUN-DRIED,,10000,no,,,,,,,9
103201700193,6bf41810b584418c9e9f51c0b46c6282,usipa,,5,OTHER (SPECIFY),20 litre pail,fresh,.,7000,no,,,.,,.,,5,OTHER (SPECIFY),20 litre pail,SUN-DRIED,.,10000,no,,,,,.,,
104021810008,1e0aebd7b0334d81963cceb98abc2b64,usipa,,3,OTHER (SPECIFY),"""10 litres pale """,fresh,.,5000,no,,,.,,.,,3,OTHER (SPECIFY),"""5 LITRES PALE """,SUN-DRIED,.,4000,no,,,,,.,,
104021810017,69fe1296e62643ae831589db3e368cee,usipa,,10,OTHER (SPECIFY),10 litres pale,fresh,.,4000,no,,,.,,.,,30,SMALL BASKET,,SUN-DRIED,.,5000,no,,,,,.,,
104021810025,345271d5f42d4bb68cbefd4bc5fe165a,usipa,,6,SMALL BASKET,,SUN-DRIED,.,33000,no,,,.,,.,,3,SMALL BASKET,,SUN-DRIED,.,33000,no,,,,,.,,
104021810034,51d6adec32b04948af8fdfc2d7cd5ce9,usipa,,0,,,,.,,no,,,.,,.,,25,OTHER (SPECIFY),"""10 litres pails """,fresh,.,1000,no,,,,,.,,
104021810042,3ac5a8e86df9427f905e18c85060093b,usipa,,8,LARGE BASKET,,SUN-DRIED,.,5000,no,,,.,,.,,7,LARGE BASKET,,SUN-DRIED,.,5000,no,,,,,.,,
104021810075,33d72c15c22e4193a22f89d6087978f6,ncheni,,0,,,,.,,no,,,.,,.,,40,LARGE BASKET,,fresh,.,23000,no,,,,,.,,
104021810084,6d8dfc681c3247a2bd049133392cf5f5,usipa,,35,SMALL BASKET,,fresh,.,4000,no,,,.,,.,,56,SMALL BASKET,,fresh,.,5000,no,,,,,.,,
104021810109,572dbe8173894e32b723538056173285,usipa,,0,,,,.,,no,,,.,,.,,38,LARGE BASKET,,fresh,.,2000,no,,,,,.,,
104021810117,df0b43e26caa4c2fbd8422b108fbbede,ncheni,,200,DOZEN / BUNDLE,,fresh,.,2000,no,,,.,,.,,400,DOZEN / BUNDLE,,smoked,.,3000,no,,,,,.,,
104021810175,2a587a238d7248f6bb0505a7657a9ca2,usipa,,10,OTHER (SPECIFY),"""10 LITRES PALE """,fresh,.,4000,no,,,.,,.,,20,OTHER (SPECIFY),"""5 litres pale """,SUN-DRIED,.,3500,no,,,,,.,,
105011970059,025aa6c330234024a159947a74a27cb7,utaka,,0,,,,.,,no,,,.,,.,,0,,,,,,no,,,,,.,,
105011970059,025aa6c330234024a159947a74a27cb7,mlamba,,0,,,,.,,no,,,.,,.,,0,,,,,,no,,,,,.,,
105011970059,025aa6c330234024a159947a74a27cb7,makakani,,0,,,,.,,no,,,.,,.,,0,,,,,,no,,,,,.,,
105022000029,a2bf6c35fdcd42c69a5c5d4e4ce498ec,usipa,,4,OTHER (SPECIFY),"""5 Litres Pail """,SUN-DRIED,,1300,no,,,,,,,120,OTHER (SPECIFY),SMALL HEAP,SUN-DRIED,,100,no,,,,,,,
105202190223,bc6852e572de444e85158af694a0bc75,,,10,LARGE BASKET,,smoked,,6000,no,,,,,,,10,LARGE BASKET,,smoked,,16000,no,,,,,,,9
105202190223,bc6852e572de444e85158af694a0bc75,usipa,,10,LARGE BASKET,,smoked,.,6000,no,,,.,,.,,10,LARGE BASKET,,smoked,.,16000,no,,,,,.,,
106012200022,9f5a35f8683f4072ba8dd79fbe2893b3,ncheni,,20,DOZEN / BUNDLE,,fresh,.,2000,no,,,,,.,,20,DOZEN / BUNDLE,,fresh,.,4000,no,,,,,.,,
106012200022,9f5a35f8683f4072ba8dd79fbe2893b3,usipa,,20,OTHER (SPECIFY),10 litre pail,fresh,.,1000,no,,,,,.,,40,OTHER (SPECIFY),"""5 litre pails """,fresh,.,700,no,,,,,.,,
106012200044,a76b724c2f83402d8decd8eaf428326e,usipa,,55,LARGE BASKET,,SUN-DRIED,.,5000,no,,,.,,.,,54,LARGE BASKET,,SUN-DRIED,,8000,no,,,,,.,,
106012200067,a570550ddf1b4f91be1b016fa3c1bc94,usipa,,20,LARGE BASKET,,SUN-DRIED,.,3500,no,,,,,.,,19,LARGE BASKET,,SUN-DRIED,.,5500,no,,,,,.,,
106012200096,d9e64ae237c5421495e282d113f1b33c,usipa,,28,OTHER (SPECIFY),"""AK large Plastic  basen """,fresh,.,4000,no,,,,,.,,27,OTHER (SPECIFY),"""AK Large Plastic basen """,SUN-DRIED,.,9000,no,,,,,.,,
106012200103,a402e1330a0a49d9af436d82ddc4a2ad,usipa,,12,LARGE BASKET,,SUN-DRIED,.,5000,no,,,,,.,,12,LARGE BASKET,,fresh,.,10000,yes,12,,,SUN-DRIED,.,10000,
106012200118,7b0eb61063ce4c39a5910d7811a4f80a,usipa,,10,OTHER (SPECIFY),"""40 litre bucket """,SUN-DRIED,.,4000,no,,,,,.,,10,OTHER (SPECIFY),"""40 litre bucket """,SUN-DRIED,.,5000,no,,,,,.,,
106012200140,a40dfdd1423a4301adda69279487b612,usipa,,2,LARGE BASKET,,SUN-DRIED,.,5000,no,,,,,.,,2,LARGE BASKET,,SUN-DRIED,.,7000,no,,,,,.,,
106012200154,15301a838151412593a5aaa0a9ee3dd4,usipa,,3,LARGE BASKET,,SUN-DRIED,.,100000,no,,,.,,.,,3,LARGE BASKET,,SUN-DRIED,,130000,no,,,,,.,,
106012210032,e582a4d6e6a9412a86d4b162d1993ba6,utaka,,4,OTHER (SPECIFY),"""LARGE RK BASIN """,fresh,,19000,no,,,,,,,448,OTHER (SPECIFY),5 LITRE PAIL,SUN-DRIED,,4000,no,,,,,,,
106012210083,c6147f79ff9e4a7ebc0b750678530acd,utaka,,4,OTHER (SPECIFY),"""large RK BASIN """,fresh,,12000,no,,,,,,,336,OTHER (SPECIFY),"""5 litre chigoba """,SUN-DRIED,,3500,no,,,,,,,
106012210096,8897f4ccfd9a442699d5d4a5df36ad32,utaka,,5,OTHER (SPECIFY),"""large RK BASIN """,fresh,,15000,no,,,,,,,420,OTHER (SPECIFY),"""5 litre bucket """,SUN-DRIED,,3500,no,,,,,,,
106012210135,8f83af46a9364299825f1bbff6c76b06,usipa,,10,OTHER (SPECIFY),"""RK LARGE BASIN """,fresh,,13000,no,,,,,,,840,OTHER (SPECIFY),5 LITRE PAIL,SUN-DRIED,,2500,no,,,,,,,
106012210148,c5e469c7fc2441398185c7f79b5ece13,usipa,,20,OTHER (SPECIFY),"""RK LARGE BASIN """,fresh,,12000,no,,,,,,,2240,OTHER (SPECIFY),"""5 LITRE PAIL """,SUN-DRIED,,2000,no,,,,,,,
106012210160,6c61bb2d0721418ebabf2f2c3f1f0924,usipa,,6,OTHER (SPECIFY),"""RK LARGE BASIN """,fresh,,15000,no,,,,,,,672,OTHER (SPECIFY),5 LITRE PAIL,SUN-DRIED,,3000,no,,,,,,,
106012210173,45b627bc2db740c09009a23deac04a22,mlamba,,100,piece,,fresh,,750,no,,,,,,,1600,piece,,smoked,,1200,no,,,,,,,
106012220017,9e377e99bbaa4fa1894e5c40b40fabbd,utaka,,7,OTHER (SPECIFY),LARGE RK BASIN,fresh,,10000,no,,,,,,,49,OTHER (SPECIFY),5 LITRE PAIL,SUN-DRIED,,2000,no,,,,,,,
106012220039,209f86cd9c734baab40065b101d7e5de,utaka,,7,OTHER (SPECIFY),"""RK LARGE BASIN """,fresh,,10000,no,,,,,,,7,OTHER (SPECIFY),"""RK LARGE BASIN """,fresh,,15000,no,,,,,,,
106012220058,5424559a24a244fa9e09001adf3b7338,utaka,,10,OTHER (SPECIFY),AK LARGE PLASTIC BASIN,fresh,.,3000,no,,,,,.,,40,OTHER (SPECIFY),"""5 litre pail """,SUN-DRIED,.,2000,no,,,,,.,,
106012220058,5424559a24a244fa9e09001adf3b7338,mlamba,,35,piece,,smoked,.,550,no,,,,,.,,35,piece,,smoked,.,1000,no,,,,,.,,
106012220061,1299960eefdc49dc85e74275ff361dab,other,KAMPANGO,0,,,,,,no,,,,,,,0,,,,,,no,,,,,,,
106012220072,45c20fe32c0545df88f6a15eca3c77c3,usipa,,4,OTHER (SPECIFY),"""AK Large Plastic basen """,fresh,.,5000,no,,,.,,.,,35,OTHER (SPECIFY),"""5 LITRE pale """,SUN-DRIED,,900,no,,,,,.,,
106012220083,299b0466b1c7480c9217a68f8b5ed850,usipa,,0,,,,,,no,,,,,,,0,,,,,,no,,,,,,,
106012220100,1b3b07c731f049e3aaaf2a381aa34112,usipa,,15,OTHER (SPECIFY),basin,fresh,.,3000,no,,,,,.,,14,OTHER (SPECIFY),basin,SUN-DRIED,.,6500,no,,,,,.,,
106012220144,b5e0d9d13de147dfa087af1a60d7aaae,usipa,,30,LARGE BASKET,,fresh,.,2500,no,,,,,.,,30,LARGE BASKET,,SUN-DRIED,.,7000,no,,,,,.,,
106012220144,b5e0d9d13de147dfa087af1a60d7aaae,utaka,,20,OTHER (SPECIFY),"""5 litre pails """,SUN-DRIED,.,3000,no,,,,,.,,20,OTHER (SPECIFY),5 litre pails,SUN-DRIED,.,4500,no,,,,,.,,
106012220216,db8f2497fb26445b812c09f0489579de,other,Nkhomu,4,OTHER (SPECIFY),"""Unit """,fresh,.,28000,no,,,.,,.,,4,OTHER (SPECIFY),Unit,smoked,,44000,no,,,,,.,,
106012220236,8fe45ed101d248b69bfbec8dff4e906d,utaka,,4,OTHER (SPECIFY),RK LARGE BASIN,fresh,,13000,no,,,,,,,28,OTHER (SPECIFY),"""5 LITRE PAIL """,SUN-DRIED,,2500,no,,,,,,,
106012220271,7084ffb8fe874654a9760d30a398bca4,usipa,,40,LARGE BASKET,,fresh,.,2000,no,,,.,,.,,40,LARGE BASKET,,SUN-DRIED,,4000,no,,,,,.,,
106012220302,bd28003ab98c4dd098a2ad695e965a20,utaka,,1,OTHER (SPECIFY),"""large RK BASIN """,fresh,,15000,no,,,,,,,7,OTHER (SPECIFY),"""5 LITRE CHIGOBA """,SUN-DRIED,,3000,no,,,,,,,
106012230025,543c2daae0a74ab4ae162333c2a8773c,usipa,,10,SMALL BASKET,,fresh,.,2500,no,,,.,,.,,10,SMALL BASKET,,SUN-DRIED,.,4500,no,,,,,.,,
106012230025,543c2daae0a74ab4ae162333c2a8773c,chambo,,100,piece,,fresh,.,700,no,,,.,,.,,100,piece,,fresh,.,1200,no,,,,,.,,
106012230025,543c2daae0a74ab4ae162333c2a8773c,utaka,,5,SMALL BASKET,,fresh,.,3000,no,,,.,,.,,5,SMALL BASKET,,SUN-DRIED,.,4500,no,,,,,.,,
106012230076,b8efd333b2634467b5b1792e5ced2351,usipa,,3,LARGE BASKET,,SUN-DRIED,.,7500,yes,3,LARGE BASKET,.,SUN-DRIED,.,7500,21,OTHER (SPECIFY),"""5 LITRE PAIL """,SUN-DRIED,.,1800,no,,,,,.,,
106012230114,1b585c1e49684f6c843546b9682ef3f7,usipa,,5,LARGE BASKET,,fresh,.,4000,no,,,.,,.,,15,OTHER (SPECIFY),"""5 LITRE PAIL """,SUN-DRIED,.,2500,no,,,,,.,,
106012230139,268577bab7d041518347492975d84a26,usipa,,5,OTHER (SPECIFY),"""10 litre pail """,SUN-DRIED,.,3000,no,,,.,,.,,10,OTHER (SPECIFY),"""5 litre pail """,SUN-DRIED,.,2500,no,,,,,.,,
106012230164,f470912aca0d4bf9ab930d08bc30b5b7,usipa,,10,OTHER (SPECIFY),10 litre pail,fresh,.,1500,no,,,.,,.,,20,OTHER (SPECIFY),"""5 litre pail """,SUN-DRIED,.,2500,no,,,,,.,,
106012230177,a21dcb576aab47498258a551704d0e1a,usipa,,8,OTHER (SPECIFY),"""10 litre pail """,fresh,.,1800,no,,,.,,.,,16,OTHER (SPECIFY),"""5 litre pail each """,SUN-DRIED,.,2500,no,,,,,.,,
106012230189,ea138ed267034d4ebdd9fbd39ba55d9e,usipa,,35,OTHER (SPECIFY),"""10 litre pail """,fresh,.,2000,no,,,.,,.,,70,OTHER (SPECIFY),"""5 litre pail """,SUN-DRIED,.,2500,no,,,,,.,,
106012230214,d22a7cedb38f47a5bb5e55fd3bb84ef6,usipa,,12,OTHER (SPECIFY),10 litre pail,fresh,.,1500,no,,,.,,.,,12,OTHER (SPECIFY),10 litre pail,SUN-DRIED,.,6000,no,,,,,.,,
106012230240,08930ad616d843e494d8e6a2eaf4e3d6,usipa,,5,LARGE BASKET,,fresh,.,4500,no,,,.,,.,,12,OTHER (SPECIFY),"""5 litre bucket """,SUN-DRIED,.,2500,no,,,,,.,,
106012230265,6f210f755f604616b64c7fdda5c141f2,utaka,,2,LARGE BASKET,,fresh,.,17000,no,,,.,,.,,8,OTHER (SPECIFY),"""5 litre bucket """,SUN-DRIED,.,6000,no,,,,,.,,
106012240077,7806a20262774f9a8ee03b614d519d3f,usipa,,10,OTHER (SPECIFY),10 LITRE PAIL,fresh,,3000,no,,,,,,,400,OTHER (SPECIFY),5 LITRE PAIL,SUN-DRIED,,2500,no,,,,,,,
106012240077,7806a20262774f9a8ee03b614d519d3f,utaka,,5,OTHER (SPECIFY),10 LITRE PAIL,fresh,,3500,no,,,,,,,200,OTHER (SPECIFY),5 LITRE PAIL,SUN-DRIED,,2700,no,,,,,,,
106012240118,c93e664735a04fbcb7b64d6373f9d187,usipa,,10,OTHER (SPECIFY),"""10 litre pail """,fresh,,3000,no,,,,,,,320,OTHER (SPECIFY),"""5 litre bucket """,SUN-DRIED,,3000,no,,,,,,,
106012240145,be7052f4ef864621b73a037b0250ad97,usipa,,7,OTHER (SPECIFY),"""10 litre pail """,fresh,,3000,no,,,,,,,112,OTHER (SPECIFY),"""5 litre bucket """,SUN-DRIED,,2500,no,,,,,,,
106012240213,5be039c8d1b847cab12920c270d4550b,usipa,,24,OTHER (SPECIFY),"""10 LITRE PAIL """,fresh,,3500,no,,,,,,,576,OTHER (SPECIFY),"""5 LITRE PAIL """,SUN-DRIED,,2500,no,,,,,,,
106012250041,f7829011889047ceb17dbfc813975b41,utaka,,10,OTHER (SPECIFY),10 LITRE PAIL,fresh,,3000,no,,,,,,,320,OTHER (SPECIFY),5 LITRE PAIL,SUN-DRIED,,2500,no,,,,,,,
106012250073,f5c2b9e0a1564d72ad39e5451938a74d,usipa,,20,OTHER (SPECIFY),10 LITRE PAIL,fresh,,3000,no,,,,,,,640,OTHER (SPECIFY),10 LITRE PAIL,SUN-DRIED,,2500,no,,,,,,,
106012250104,72850970ea644041afd723b084c8f977,usipa,,4,OTHER (SPECIFY),"""10 litre pail """,fresh,,3000,no,,,,,,,64,OTHER (SPECIFY),"""5 litre chigoba """,SUN-DRIED,,2500,no,,,,,,,
106012250115,57edb87ee5654b2d95bf3ef82268309b,usipa,,15,OTHER (SPECIFY),"""10 litre pail """,fresh,,3000,no,,,,,,,480,OTHER (SPECIFY),"""5 litre chigoba """,SUN-DRIED,,2500,no,,,,,,,
106012250125,12ab5c1acc054bbe96f5891e1bbbef35,usipa,,20,OTHER (SPECIFY),"""10 litre pail """,fresh,,3000,no,,,,,,,480,OTHER (SPECIFY),"""5 litre chigoba """,SUN-DRIED,,2500,no,,,,,,,
106012250146,e860248dd75d4a31b23797207e238d3a,usipa,,12,OTHER (SPECIFY),10 LITRE PAIL,fresh,,3500,no,,,,,,,288,OTHER (SPECIFY),5 LITRE PAIL,SUN-DRIED,,2500,no,,,,,,,
106012250157,04a0e3b5b49a427c8b782738771d49f8,usipa,,30,OTHER (SPECIFY),"""10 LITRE PAIL """,fresh,,3000,no,,,,,,,960,OTHER (SPECIFY),"""5 LITRE PAIL """,SUN-DRIED,,2500,no,,,,,,,
106012260040,8b0ebd3d0c924e9a9b4bd21cc002d741,usipa,,30,OTHER (SPECIFY),10litre pail,fresh,.,2500,no,,,.,,.,,60,OTHER (SPECIFY),"""5 LITRE PAIL """,SUN-DRIED,.,2000,no,,,,,.,,
106012260050,9dbe97677cf34164bd36cb6195d6e564,usipa,,5,OTHER (SPECIFY),"""10 litre pail """,fresh,.,3000,no,,,.,,.,,10,OTHER (SPECIFY),"""5 litre pail """,SUN-DRIED,.,2500,no,,,,,.,,
106012260069,3d2b9530620a405990773f77c92d42a8,usipa,,5,LARGE BASKET,,fresh,.,6000,yes,10,LARGE BASKET,.,fresh,.,6000,10,OTHER (SPECIFY),"""5 litre bucket """,SUN-DRIED,.,2000,no,,,,,.,,
106012260100,cdfa04e88e6a4bceae9f15d91717ab16,utaka,,8,LARGE BASKET,,fresh,.,3000,no,,,.,,.,,16,OTHER (SPECIFY),"""5 LITRE PAIL """,SUN-DRIED,.,2500,no,,,,,.,,
106012260130,24f61a0bb3ae4063aa695299a1c2a06f,usipa,,25,OTHER (SPECIFY),10 litre pail,fresh,.,2000,no,,,.,,.,,50,OTHER (SPECIFY),"""5 litre pail """,SUN-DRIED,.,2000,no,,,,,.,,
106012260178,695c88c0e74f46df9d2cf894dce80226,usipa,,6,OTHER (SPECIFY),"""10 litre pail """,fresh,.,3500,no,,,.,,.,,12,OTHER (SPECIFY),"""5 LITRE BUCKET """,SUN-DRIED,.,2600,no,,,,,.,,
106012260187,f17a42fb774c48159d3ba06c7947d794,usipa,,15,OTHER (SPECIFY),"""10 litre pail """,fresh,.,3500,no,,,.,,.,,30,OTHER (SPECIFY),"""5 litre bucket """,SUN-DRIED,.,2500,no,,,,,.,,
106012270069,7e11ef02f9b34c8e9c4c53e77030ba51,utaka,,5,LARGE BASKET,,SUN-DRIED,,15000,no,,,,,,,60,LARGE BASKET,,SUN-DRIED,,20000,no,,,,,,,
106012270200,04c38d53d62b482bbfc3a109067bb1bd,utaka,,20,OTHER (SPECIFY),10 LITRE PAIL,fresh,,3500,no,,,,,,,640,OTHER (SPECIFY),5 LITRE PAIL,SUN-DRIED,,2500,no,,,,,,,
106012270200,04c38d53d62b482bbfc3a109067bb1bd,usipa,,30,OTHER (SPECIFY),10 LITRE PAIL,fresh,,3000,no,,,,,,,960,OTHER (SPECIFY),5 LITRE PAIL,SUN-DRIED,,2500,no,,,,,,,
106012270218,d357c0f4a3f1482eb6dc49010ca922ad,utaka,,20,OTHER (SPECIFY),10 LITRE PAIL,fresh,,3500,no,,,,,,,480,OTHER (SPECIFY),5 LITRE PAIL,SUN-DRIED,,2500,no,,,,,,,
106012270218,d357c0f4a3f1482eb6dc49010ca922ad,usipa,,15,OTHER (SPECIFY),10 LITRE PAIL,fresh,,3000,no,,,,,,,360,OTHER (SPECIFY),5 LITRE PAIL,SUN-DRIED,,2000,no,,,,,,,
106012270237,a4ff3f3e76a34cb7b272ec5035aac380,utaka,,20,OTHER (SPECIFY),"""10 LITRE PAIL """,fresh,,4000,no,,,,,,,480,OTHER (SPECIFY),"""5 LITRE PAIL """,SUN-DRIED,,3000,no,,,,,,,
106012270293,2ac54c7210634102a098006563a6109e,usipa,,50,OTHER (SPECIFY),"""10 LITRE PAIL """,fresh,,3500,no,,,,,,,1600,OTHER (SPECIFY),"""5 LITRE PAIL """,SUN-DRIED,,2000,no,,,,,,,
106012280009,78b197b91ead4fb9b1e4169ed8a70414,usipa,,8,OTHER (SPECIFY),"""RK LARGE BASIN """,fresh,,12000,no,,,,,,,64,OTHER (SPECIFY),5 LITRE PAIL,SUN-DRIED,,2500,no,,,,,,,
106012280047,de883c94d8d34853b61115cdd00fdf46,usipa,,9,OTHER (SPECIFY),"""RK LARGE BASIN """,fresh,,10000,no,,,,,,,72,OTHER (SPECIFY),5 LITRE  PAIL,SUN-DRIED,,2500,no,,,,,,,
106012280086,6c0b94731eee47a2b5f6df8121cf5a88,usipa,,30,LARGE BASKET,,SUN-DRIED,,15000,no,,,,,,,30,LARGE BASKET,,SUN-DRIED,,20000,no,,,,,,,
106012280086,6c0b94731eee47a2b5f6df8121cf5a88,utaka,,5,LARGE BASKET,,SUN-DRIED,,25000,no,,,,,,,5,LARGE BASKET,,SUN-DRIED,,35000,no,,,,,,,
106012280112,4d7b3586ebbb4dbe8fc6c8aa42001680,usipa,,50,OTHER (SPECIFY),"""LARGE RK BASIN """,fresh,,8000,no,,,,,,,350,OTHER (SPECIFY),"""5 litre chigoba """,SUN-DRIED,,3000,no,,,,,,,
106012280112,4d7b3586ebbb4dbe8fc6c8aa42001680,utaka,,20,OTHER (SPECIFY),"""LARGE RK BASIN """,fresh,,9000,no,,,,,,,120,OTHER (SPECIFY),"""5 litre chigoba """,fresh,,3500,no,,,,,,,
106012280125,d51a234aa5ad4429b8b6544e6fc7f9ef,usipa,,4,OTHER (SPECIFY),"""LARGE RK BASIN """,fresh,,17000,no,,,,,,,32,OTHER (SPECIFY),"""5 litre chigoba """,SUN-DRIED,,4000,no,,,,,,,
106012280202,c92aa55251ef4f77bc3ad73272131d59,other,"""KAMPANGO """,50,piece,,fresh,,600,no,,,,,,,600,piece,,smoked,,1500,no,,,,,,,
106012290014,3791687e2dce4cb0a821cc40e1168138,usipa,,12,OTHER (SPECIFY),10 litre pail,fresh,.,3000,no,,,.,,.,,22,OTHER (SPECIFY),"""5 litre pail """,SUN-DRIED,.,2500,no,,,,,.,,
106012290028,d07e0bc3673e4f3999f6d05ef71292c0,chambo,,50,piece,,fresh,.,500,no,,,.,,.,,50,piece,,fresh,.,700,no,,,,,.,,
106012290035,69ba1df06ccf48db9ddecb90fe7e939b,usipa,,12,OTHER (SPECIFY),10 litre pail,fresh,.,2000,no,,,.,,.,,24,OTHER (SPECIFY),"""5 litre pail """,SUN-DRIED,.,1500,no,,,,,.,,
106012290099,e6b53d2272664802be315ddb143b7ca6,utaka,,10,LARGE BASKET,,fresh,.,3000,no,,,.,,.,,10,LARGE BASKET,,SUN-DRIED,.,6500,no,,,,,.,,
106012290099,e6b53d2272664802be315ddb143b7ca6,usipa,,20,OTHER (SPECIFY),10litre pail,fresh,.,3500,no,,,.,,.,,40,OTHER (SPECIFY),5 litre pail,SUN-DRIED,.,2500,no,,,,,.,,
106012290106,91d602bf8b964afa832f1a3edae623e8,usipa,,15,OTHER (SPECIFY),"""10 litre pail """,fresh,.,3000,no,,,.,,.,,30,OTHER (SPECIFY),"""5 litre bucket """,SUN-DRIED,.,2000,no,,,,,.,,
106012290127,e3dd2bf23dbe4613b01f92dbc462ed99,usipa,,15,OTHER (SPECIFY),"""10 litre pail """,fresh,.,3000,no,,,.,,.,,30,OTHER (SPECIFY),"""5 litre bucket """,SUN-DRIED,.,2500,no,,,,,.,,
106012290148,75d146ba5d274fe5a5ce4d5839b79d90,usipa,,15,OTHER (SPECIFY),10litre pail,fresh,.,3000,no,,,.,,.,,30,OTHER (SPECIFY),"""5 LITRE PAIL """,SUN-DRIED,.,2000,no,,,,,.,,
106202300013,61ee173f98a8446aaa4958952332d3a8,utaka,,15,OTHER (SPECIFY),"""10 litre pail """,SUN-DRIED,.,3000,no,,,.,,.,,30,OTHER (SPECIFY),"""5 litre pail """,SUN-DRIED,,2500,no,,,,,.,,
106202300013,61ee173f98a8446aaa4958952332d3a8,usipa,,7,OTHER (SPECIFY),10 litre pails,fresh,.,700,no,,,.,,.,,14,OTHER (SPECIFY),"""5 litre pail """,SUN-DRIED,,1000,no,,,,,.,,
106202300082,4dba48e4d4fc48b1bac49b4cb0c91068,usipa,,8,OTHER (SPECIFY),10 LITRES Pail,SUN-DRIED,.,500,no,,,.,,.,,8,OTHER (SPECIFY),"""10 LITRES Piles  """,SUN-DRIED,,1000,no,,,,,.,,
106202300089,2f8971e7fbff406191acd839d916be01,usipa,,35,LARGE BASKET,,fresh,.,800,no,,,.,,.,,35,LARGE BASKET,,SUN-DRIED,,4500,no,,,,,.,,
106202300095,28d4dd17ff594965b48ecc37a062b995,usipa,,7,LARGE BASKET,,fresh,.,3000,no,,,.,,.,,7,LARGE BASKET,,fresh,,4500,no,,,,,.,,
106202300141,a292ea9b618a4cc3bd7ad0ce0ebc822d,usipa,,40,LARGE BASKET,,fresh,.,1000,no,,,.,,.,,40,LARGE BASKET,,SUN-DRIED,,3000,no,,,,,.,,
107322320200,8ac2991da71f46e1b385efaf513c6fb6,matemba,,8,LARGE BASKET,,SUN-DRIED,,2000,no,,,,,,,7,LARGE BASKET,,SUN-DRIED,,4500,no,,,,,,,
107322320200,8ac2991da71f46e1b385efaf513c6fb6,usipa,,10,LARGE BASKET,,fresh,,3000,yes,3,LARGE BASKET,,smoked,,3500,8,LARGE BASKET,,fresh,,5000,yes,2,,,smoked,,5500,
107322320477,980d7b184cf64f309424902803c75953,ncheni,,1,LARGE BASKET,,smoked,,20000,no,,,,,,,1,LARGE BASKET,,smoked,,35000,no,,,,,,,
107322320477,980d7b184cf64f309424902803c75953,utaka,,1,LARGE BASKET,,smoked,,30000,no,,,,,,,1,SMALL BASKET,,smoked,,15000,no,,,,,,,
107322330277,3b9aff7d8c404323a58199ee00fcd049,ncheni,,1200,piece,,smoked,.,15000,no,,,,,.,,1000,piece,,smoked,.,5000,no,,,,,.,,
107322330277,3b9aff7d8c404323a58199ee00fcd049,usipa,,6,OTHER (SPECIFY),5Litre (chigoba),SUN-DRIED,.,3600,no,,,,,.,,6,SMALL BASKET,,SUN-DRIED,.,18000,no,,,,,.,,
107322330277,3b9aff7d8c404323a58199ee00fcd049,matemba,,2400,piece,,SUN-DRIED,.,10000,no,,,,,.,,2000,piece,,SUN-DRIED,.,15000,no,,,,,.,,
107322330277,3b9aff7d8c404323a58199ee00fcd049,utaka,,2000,piece,,smoked,.,5000,no,,,,,.,,2000,piece,,smoked,.,800,no,,,,,.,,
107332340503,d5be36c2998a48a68ac4c1ba6410543e,usipa,,6,OTHER (SPECIFY),50 KG BAG,SUN-DRIED,,30000,no,,,,,,,6,OTHER (SPECIFY),"""50 KG BAG """,SUN-DRIED,,45000,no,,,,,,,
107332340910,358e06d5b8524baa882ce3d0c260cbd9,other,"""None """,0,,,,,,no,,,,,,,0,,,,,,no,,,,,,,
107332350195,dcc4ea28b5914baf9cb6086657e26b7d,,,6,SMALL BASKET,,fresh,,30000,no,,,,,,,200000,SMALL BASKET,,fresh,,35000,no,,,,,,,8
107332350195,dcc4ea28b5914baf9cb6086657e26b7d,ncheni,,6,SMALL BASKET,,fresh,.,30000,no,,,.,,.,,200000,SMALL BASKET,,fresh,.,35000,no,,,,,.,,
107332350195,dcc4ea28b5914baf9cb6086657e26b7d,usipa,,6,SMALL BASKET,,fresh,.,40000,no,,,.,,.,,150000,SMALL BASKET,,fresh,.,5000,no,,,,,.,,
107332350195,dcc4ea28b5914baf9cb6086657e26b7d,,,6,SMALL BASKET,,fresh,,40000,no,,,,,,,150000,SMALL BASKET,,fresh,,5000,no,,,,,,,9
107362430282,a4fe5fe843c14aee824c609b106c60d5,usipa,,6,SMALL BASKET,,SUN-DRIED,.,6000,no,,,.,,.,,6,SMALL BASKET,,SUN-DRIED,.,10000,no,,,,,.,,
107362430500,bc4b9c77aa524ecc8c32cd5dad9ac1b1,matemba,,10,OTHER (SPECIFY),"""90 kg bag """,SUN-DRIED,.,53000,no,,,.,,.,,66,OTHER (SPECIFY),CHIGOBA,SUN-DRIED,.,2000,no,,,,,.,,
107362430500,bc4b9c77aa524ecc8c32cd5dad9ac1b1,usipa,,2,OTHER (SPECIFY),"""90 kg bag """,SUN-DRIED,.,80000,no,,,.,,.,,20,OTHER (SPECIFY),"""CHIGOBA """,SUN-DRIED,.,2500,no,,,,,.,,
107362450085,facbe5743ed6473bbf36171476664030,usipa,,300,5 KG BAG,,SUN-DRIED,.,700,no,,,,,.,,250,5 KG BAG,,SUN-DRIED,.,1400,no,,,,,.,,
107362451549,4382632f2bb244fea987b0126b0a465c,utaka,,0,,,,.,,yes,5000,piece,,smoked,.,1000,9800,piece,,smoked,.,4000,no,,,,,.,,
107362451549,4382632f2bb244fea987b0126b0a465c,usipa,,6000,SMALL BASKET,,fresh,.,800,no,,,,,.,,1200,piece,,fresh,.,1500,no,,,,,.,,
107362451549,4382632f2bb244fea987b0126b0a465c,ncheni,,8000,piece,,smoked,.,1000,no,,,,,.,,9500,piece,,smoked,.,9500,no,,,,,.,,
201012550055,1b47b3b89cff46d7b7094f70acb9527c,ncheni,,600,piece,,smoked,.,50,no,,,.,,.,,600,piece,,smoked,,50,no,,,,,.,,
201012550055,1b47b3b89cff46d7b7094f70acb9527c,usipa,,1,SMALL BASKET,,SUN-DRIED,.,3000,no,,,.,,.,,1,SMALL BASKET,,SUN-DRIED,,4100,no,,,,,.,,
201012550061,af53298f2257416d92bb0a6387f4c8b6,usipa,,20,OTHER (SPECIFY),Chigoba 5 LITRE PAIL,SUN-DRIED,.,1500,no,,,.,,.,,5,OTHER (SPECIFY),"""CHIGOBA 5 LITRE PAIL """,SUN-DRIED,,17500,no,,,,,.,,
201012550061,af53298f2257416d92bb0a6387f4c8b6,utaka,,1,OTHER (SPECIFY),"""Chigoba 5 LITRE PAIL """,SUN-DRIED,.,4000,no,,,.,,.,,1,OTHER (SPECIFY),Chigoba 5 LITRE pail,SUN-DRIED,,8000,no,,,,,.,,
201082640210,3cbbef7211f64075b2c9ced883f6241d,usipa,,4,SMALL BASKET,,SUN-DRIED,,5000,yes,1,SMALL BASKET,,OTHER (SPECIFY),"""BOILED THEN DRIED """,6000,4,SMALL BASKET,,SUN-DRIED,,8750,yes,1,,,OTHER (SPECIFY),"""BOILED THEN DRIED """,9000,
201082640304,5cd17aa582ec463e84659a66629604ae,mlamba,,0,,,,,,no,,,,,,,1,piece,,smoked,,200,no,,,,,,,
201092650014,cf4256eda8da4ec491a36a56cd1864e8,makumba,,0,,,,.,,no,,,.,,.,,100,piece,,fresh,.,100,no,,,,,.,,
201092650014,cf4256eda8da4ec491a36a56cd1864e8,,,0,,,,,,no,,,,,,,100,piece,,fresh,,100,no,,,,,,,2
201092650014,cf4256eda8da4ec491a36a56cd1864e8,mlamba,,0,,,,.,,yes,200,piece,.,fresh,.,0,150,piece,,fresh,.,100,no,,,,,.,,
201092650014,cf4256eda8da4ec491a36a56cd1864e8,,,0,,,,,,yes,200,piece,,fresh,,0,150,piece,,fresh,,100,no,,,,,,,3
201112710059,c528094c2b9b4b03a6cd38525fec71a6,mlamba,,0,,,,.,,no,,,,,.,,0,,,,.,,no,,,,,.,,
201112710191,a318bc3ae2f24feb9e9bd9b45b8fa332,mlamba,,0,,,,.,,no,,,,,.,,28,SMALL BASKET,,fresh,.,140000,no,,,,,.,,
201112710220,e2d07b2050aa42bbbbca84d0837eb48c,mlamba,,0,,,,.,,no,,,,,.,,0,,,,.,,no,,,,,.,,
201202780377,3aa902aca4bf4ecea0d28df88dab9a8a,usipa,,2100,5 KG BAG,,SUN-DRIED,,1500,no,,,,,,,2100,5 KG BAG,,SUN-DRIED,,2250,no,,,,,,,
202012790011,2a95fcb052ee42a2b5c022452cadc2d0,usipa,,14,25 KG BAG,,SUN-DRIED,.,1500,no,,,,,.,,350000,25 KG BAG,,SUN-DRIED,.,25000,no,,,,,.,,
202012790011,2a95fcb052ee42a2b5c022452cadc2d0,chambo,,140,piece,,fresh,.,500,no,,,,,.,,112000,piece,,fresh,.,800,no,,,,,.,,
202012790029,bea54af9c5784c588259a0e17174c84a,mlamba,,0,,,,.,,no,,,,,.,,10,LARGE BASKET,,fresh,.,6000,no,,,,,.,,
202012790029,bea54af9c5784c588259a0e17174c84a,other,"""ntemela """,0,,,,.,,no,,,,,.,,5,LARGE BASKET,,fresh,.,8000,no,,,,,.,,
202012790029,bea54af9c5784c588259a0e17174c84a,usipa,,0,,,,.,,no,,,,,.,,2,LARGE BASKET,,fresh,.,2500,no,,,,,.,,
202012790035,f4dcd135283b45529ce279049f9e7c7e,chambo,,500,OTHER (SPECIFY),"""BUCKET """,fresh,.,100000,no,,,,,.,,50000,OTHER (SPECIFY),BUCKET,fresh,.,800,no,,,,,.,,
202012790035,f4dcd135283b45529ce279049f9e7c7e,utaka,,120000,OTHER (SPECIFY),BUNDLE,fresh,.,180,no,,,,,.,,400000,OTHER (SPECIFY),"""BOAT """,fresh,.,400000,no,,,,,.,,
202012790035,f4dcd135283b45529ce279049f9e7c7e,usipa,,400000,OTHER (SPECIFY),"""BOAT """,fresh,.,2500,yes,40000,OTHER (SPECIFY),"""5 LITRES BUCKET """,SUN-DRIED,.,2500,300000,OTHER (SPECIFY),"""5 LITRES BUCKET """,SUN-DRIED,.,3000,no,,,,,.,,
202012790040,7241cd8f32ff4106b55025b4a6f5d740,other,MIPASA and SANJIKA,0,,,,.,,no,,,,,.,,150,piece,,fresh,.,100,no,,,,,.,,
202012790058,3d3b7a43da3d48799c2091f8a6f74da8,usipa,,100000,OTHER (SPECIFY),PAIL,fresh,.,150000,no,,,,,.,,150000,OTHER (SPECIFY),PAIL,fresh,.,70000,no,,,,,.,,
202012790076,756f72ccd7ea4838ac486b84b997a376,matemba,,0,,,,.,,yes,10,OTHER (SPECIFY),basin,fresh,.,1300,4,OTHER (SPECIFY),basin,fresh,.,1300,no,,,,,.,,
202012790076,756f72ccd7ea4838ac486b84b997a376,mlamba,,0,,,,.,,yes,10,DOZEN / BUNDLE,,fresh,.,1500,5,DOZEN / BUNDLE,,fresh,.,1500,no,,,,,.,,
202012790082,f3931272aa644e458f05c63146321d94,usipa,,4,LARGE BASKET,,fresh,.,5000,no,,,,,.,,30,OTHER (SPECIFY),5 litre pail(chigoba),SUN-DRIED,.,1000,no,,,,,.,,
202012790110,307b4e2bc52f43c4bf011312ecbde122,usipa,,0,,,,.,,no,,,,,.,,0,,,,.,,no,,,,,.,,
202012790121,73039d062d694c268787010492da465f,usipa,,2,OTHER (SPECIFY),50 litres basin,SUN-DRIED,.,150,no,,,,,.,,2,OTHER (SPECIFY),50 litres basin,SUN-DRIED,.,150,no,,,,,.,,
202012800326,3fbd7b37724e455dacc437a553c71494,usipa,,1,OTHER (SPECIFY),"""PAIL MEDIUM """,fresh,,200,no,,,,,,,12000,DOZEN / BUNDLE,,fresh,,200,no,,,,,,,
202012800563,24166bfee90244d6bcddd9425d83f604,utaka,,3,SMALL BASKET,,fresh,,5000,no,,,,,,,3,SMALL BASKET,,fresh,,5000,no,,,,,,,
202012820295,a3ff4ca2b2d0422ca90b696d1555b361,usipa,,2,SMALL BASKET,,fresh,,5000,no,,,,,,,2,SMALL BASKET,,fresh,,6000,no,,,,,,,
202012830237,f1e45c98b9aa4142aa04d55d518d6618,usipa,,0,,,,.,,no,,,.,,.,,4,OTHER (SPECIFY),BOAT,fresh,,200000,no,,,,,.,,
202012830284,0411cb316e704bbab15419065cd7e7c6,usipa,,35,kilogram,,SUN-DRIED,.,100,yes,1,LARGE BASKET,.,SUN-DRIED,.,1,1,SMALL BASKET,,SUN-DRIED,,100,no,,,,,.,,
202012830332,e118aea74b9441689e8c0614c3be2f81,chambo,,0,,,,.,,no,,,.,,.,,0,,,,,,no,,,,,.,,
202012830332,e118aea74b9441689e8c0614c3be2f81,usipa,,0,,,,.,,no,,,.,,.,,0,,,,,,no,,,,,.,,
202022860151,1aebb2bd19a94738873e88180560fa2c,usipa,,12,LARGE BASKET,,fresh,,8000,no,,,,,,,2,LARGE BASKET,,fresh,,12000,no,,,,,,,
202022860151,1aebb2bd19a94738873e88180560fa2c,utaka,,6,LARGE BASKET,,fresh,,10000,no,,,,,,,1,LARGE BASKET,,SUN-DRIED,,14000,no,,,,,,,
202032880190,b08aa2f097364d9aac1ff7894c3c1cab,chambo,,8,DOZEN / BUNDLE,,fresh,,9500,no,,,,,,,8,DOZEN / BUNDLE,,fresh,,9500,no,,,,,,,
202032880190,b08aa2f097364d9aac1ff7894c3c1cab,mlamba,,3,DOZEN / BUNDLE,,fresh,,6500,no,,,,,,,2,DOZEN / BUNDLE,,fresh,,6500,no,,,,,,,
202032880190,b08aa2f097364d9aac1ff7894c3c1cab,usipa,,3,SMALL BASKET,,fresh,,6000,no,,,,,,,3,SMALL BASKET,,fresh,,6000,no,,,,,,,
202032880190,b08aa2f097364d9aac1ff7894c3c1cab,makakani,,3,SMALL BASKET,,fresh,,2500,no,,,,,,,2,SMALL BASKET,,fresh,,2500,no,,,,,,,
202032880190,b08aa2f097364d9aac1ff7894c3c1cab,matemba,,2,SMALL BASKET,,fresh,,3800,no,,,,,,,2,SMALL BASKET,,fresh,,3800,no,,,,,,,
202032880338,6b9db2dabc944f5ba2633839eafd5d77,chambo,,35,DOZEN / BUNDLE,,fresh,,36000,no,,,,,,,20,DOZEN / BUNDLE,,fresh,,10,no,,,,,,,
202032880338,6b9db2dabc944f5ba2633839eafd5d77,matemba,,0,,,,,,no,,,,,,,150,SMALL BASKET,,fresh,,0,no,,,,,,,
202032900002,5b4548bf808a4f0c9d0cd57f822fbe32,chambo,,0,,,,,,no,,,,,,,0,,,,,,no,,,,,,,
202032900002,5b4548bf808a4f0c9d0cd57f822fbe32,mlamba,,0,,,,,,no,,,,,,,0,,,,,,no,,,,,,,
202032900124,0d032afe0afd4b21aad2c2d193047d54,chambo,,1,LARGE BASKET,,fresh,,10000,yes,1,SMALL BASKET,,smoked,,900,15000,piece,,smoked,,1500,no,,,,,,,
202032900124,0d032afe0afd4b21aad2c2d193047d54,utaka,,20,LARGE BASKET,,SUN-DRIED,,3500,no,,,,,,,1,LARGE BASKET,,SUN-DRIED,,35000,no,,,,,,,
202032910060,bcd3b9e845524f8c882da48b8e0783cd,mlamba,,0,,,,.,,no,,,,,.,,7,piece,,fresh,.,700,no,,,,,.,,
202032910060,bcd3b9e845524f8c882da48b8e0783cd,makumba,,0,,,,.,,no,,,,,.,,2,DOZEN / BUNDLE,,fresh,.,10000,no,,,,,.,,
202032910060,bcd3b9e845524f8c882da48b8e0783cd,matemba,,5,OTHER (SPECIFY),heaps,fresh,.,100,no,,,,,.,,1,LARGE BASKET,,fresh,.,4000,no,,,,,.,,
202032910060,bcd3b9e845524f8c882da48b8e0783cd,ncheni,,0,,,,.,,no,,,,,.,,14,DOZEN / BUNDLE,,fresh,.,28000,no,,,,,.,,
202032910060,bcd3b9e845524f8c882da48b8e0783cd,other,sanjika,2,DOZEN / BUNDLE,,fresh,.,2000,no,,,,,.,,2,DOZEN / BUNDLE,,fresh,.,2000,no,,,,,.,,
202032910071,b5ab8fdf6d5c4ad0ad538cde105afd8f,matemba,,3000,DOZEN / BUNDLE,,fresh,.,100,no,,,,,.,,15000,DOZEN / BUNDLE,,fresh,.,200,no,,,,,.,,
202032910109,8b8a30535d3a4b6c8daf509e81eaaa47,usipa,,10000,OTHER (SPECIFY),pail,fresh,.,10000,no,,,,,.,,13000,OTHER (SPECIFY),pail,fresh,.,100,no,,,,,.,,
202032910109,8b8a30535d3a4b6c8daf509e81eaaa47,utaka,,10000,LARGE BASKET,,fresh,.,100,no,,,,,.,,1,SMALL BASKET,,fresh,.,100,no,,,,,.,,
202032910109,8b8a30535d3a4b6c8daf509e81eaaa47,matemba,,5000,OTHER (SPECIFY),Pail,fresh,.,100,no,,,,,.,,7000,OTHER (SPECIFY),"""PAIL """,fresh,.,100,no,,,,,.,,
202042920087,a869738b3ba644d694cd471ba4fc1217,usipa,,0,,,,,,no,,,,,,,0,,,,,,no,,,,,,,
202042920250,df201e07e33d498e88849bae523fe4fb,chambo,,12,LARGE BASKET,,fresh,,10000,no,,,,,,,10,LARGE BASKET,,fresh,,16000,no,,,,,,,
202042930039,4a44c65028c0441ebcec6279f89cd169,ncheni,,0,,,,.,,no,,,.,,.,,4,LARGE BASKET,,fresh,.,30000,no,,,,,.,,
202052940093,61c9e748bb344bc3ba535a8178b69293,usipa,,10,LARGE BASKET,,fresh,,25000,no,,,,,,,8,LARGE BASKET,,fresh,,2500,no,,,,,,,
202052960016,708689c50f3e464baf957a6322770d1f,usipa,,4,SMALL BASKET,,fresh,,4000,no,,,,,,,4,SMALL BASKET,,SUN-DRIED,,6000,yes,4,,,SUN-DRIED,,6000,
202052960016,708689c50f3e464baf957a6322770d1f,utaka,,2,LARGE BASKET,,fresh,,6000,no,,,,,,,2,LARGE BASKET,,fresh,,9000,no,,,,,,,
202052960102,5497e1a94fdd421293c4227a0fe71b31,ncheni,,2,DOZEN / BUNDLE,,fresh,,15000,no,,,,,,,2,DOZEN / BUNDLE,,fresh,,23000,no,,,,,,,
202052960102,5497e1a94fdd421293c4227a0fe71b31,utaka,,2,SMALL BASKET,,fresh,,5000,no,,,,,,,8000,SMALL BASKET,,fresh,,8000,no,,,,,,,
202052980182,501edaad2ff549519cbf0dc13638bd65,other,"""NO FISH TRADING """,0,,,,,,no,,,,,,,0,,,,,,no,,,,,,,
202052980446,9e675de9b63c42e7a24eb9a8501cfecd,chambo,,10,DOZEN / BUNDLE,,smoked,,14000,yes,2,DOZEN / BUNDLE,,fresh,,14000,10,DOZEN / BUNDLE,,smoked,,22000,no,,,,,,,
202052980483,8ddd6c96ab654f27b5c4a57019e4ff26,utaka,,0,,,,,,no,,,,,,,0,,,,,,no,,,,,,,
202203010134,ebb1936f05454d26bbc2e76ecbec96b7,ncheni,,120,piece,,fresh,.,600,no,,,.,,.,,8500,DOZEN / BUNDLE,,fresh,.,250,no,,,,,.,,
202203010134,ebb1936f05454d26bbc2e76ecbec96b7,,,2,DOZEN / BUNDLE,,fresh,,1500,no,,,,,,,0,,,,,,no,,,,,,,3
202203010134,ebb1936f05454d26bbc2e76ecbec96b7,,,120,piece,,fresh,,600,no,,,,,,,8500,DOZEN / BUNDLE,,fresh,,250,no,,,,,,,8
202203010134,ebb1936f05454d26bbc2e76ecbec96b7,mlamba,,2,DOZEN / BUNDLE,,fresh,.,1500,no,,,.,,.,,0,,,,.,,no,,,,,.,,
202203010246,e3d894e9e2ac4a19ab0e8d0c0b7c4084,,,0,,,,,,no,,,,,,,45,SMALL BASKET,,fresh,,2000,no,,,,,,,9
202203010246,e3d894e9e2ac4a19ab0e8d0c0b7c4084,usipa,,0,,,,.,,no,,,.,,.,,45,SMALL BASKET,,fresh,.,2000,no,,,,,.,,
203043150058,05287b8a9b02420aab61f38e7735a661,utaka,,20,SMALL BASKET,,smoked,,300,no,,,,,,,40,OTHER (SPECIFY),5LITRE BUCKET,smoked,,300,no,,,,,,,
204013290361,d0e7292b2751426d8dbccb604e7a5637,usipa,,24,SMALL BASKET,,SUN-DRIED,,4500,no,,,,,,,4,SMALL BASKET,,SUN-DRIED,,8000,no,,,,,,,
204023310139,82ba414784a74d67a4969642d33547c2,matemba,,20,OTHER (SPECIFY),"""5 LITRE BUCKET """,fresh,,3500,yes,2,OTHER (SPECIFY),"""5 LITRE BUCKET """,fresh,,3500,400,OTHER (SPECIFY),HEAP,SUN-DRIED,,200,no,,,,,,,
204033350225,790820b51ec4480384f763450bb42496,matemba,,2,OTHER (SPECIFY),5 LITRE BUCKET  (CHIGOBA),SUN-DRIED,,2500,no,,,,,,,2,OTHER (SPECIFY),5 LITRE BUCKET  (CHIGOBA),SUN-DRIED,,4800,no,,,,,,,
204033350225,790820b51ec4480384f763450bb42496,mlamba,,3,DOZEN / BUNDLE,,fresh,,2300,no,,,,,,,3,DOZEN / BUNDLE,,fresh,,3900,no,,,,,,,
204073490117,cec7d1c2f9e94674af21c60ec197216b,usipa,,1,SMALL BASKET,,OTHER (SPECIFY),"""BOILED THEN DRIED """,4000,no,,,,,,,6750,SMALL BASKET,,OTHER (SPECIFY),"""BOILED THEN DRIED """,5250,no,,,,,,,
204073490314,55979eee64554e1289d1d0def5e2c98d,utaka,,4,OTHER (SPECIFY),"""5 LITRE BUCKET """,smoked,,2000,no,,,,,,,4,OTHER (SPECIFY),"""5 LITRE BUCKET """,smoked,,5000,no,,,,,,,
204213500237,3c9c87d185594c99acf7801c92890fc7,,,4400,LARGE BASKET,,SUN-DRIED,,2200,no,,,,,,,6500,OTHER (SPECIFY),HEAPS,SUN-DRIED,,200,no,,,,,,,9
204213500237,3c9c87d185594c99acf7801c92890fc7,usipa,,4400,LARGE BASKET,,SUN-DRIED,.,2200,no,,,.,,.,,6500,OTHER (SPECIFY),HEAPS,SUN-DRIED,.,200,no,,,,,.,,
205013520002,c98aa0e64d244cf282e499f933bd9013,utaka,,56,SMALL BASKET,,SUN-DRIED,,2000,no,,,,,,,56,SMALL BASKET,,SUN-DRIED,,4500,no,,,,,,,
205053610028,6893c0ddf8ba4480a581b0e5013b3a58,chambo,,2,LARGE BASKET,,fresh,.,150000,no,,,.,,.,,421000,LARGE BASKET,,fresh,.,210500,no,,,,,.,,
205053630007,c4a5b9b6955f4b9ebb760011982608f3,chambo,,0,,,,.,,no,,,.,,.,,1,DOZEN / BUNDLE,,fresh,,12000,no,,,,,.,,
205053630038,7c95a7771a7b49d399a16e7f087e6d7a,ncheni,,0,,,,.,,no,,,,,.,,0,,,,.,,no,,,,,.,,
205053630038,7c95a7771a7b49d399a16e7f087e6d7a,chambo,,0,,,,.,,no,,,,,.,,0,,,,.,,no,,,,,.,,
205063640084,ffbc73c7c17549d2993d0961303bef5e,usipa,,36,SMALL BASKET,,fresh,,2500,no,,,,,,,36,SMALL BASKET,,fresh,,4000,no,,,,,,,
205073660215,6be01cfaa04340bba2fe0bfaddaea4f7,usipa,,306,SMALL BASKET,,SUN-DRIED,,800,no,,,,,,,306,SMALL BASKET,,SUN-DRIED,,1700,no,,,,,,,
205073690098,6309510319224b90a8b1c9a7b86d1d8a,usipa,,0,,,,.,,no,,,.,,.,,3,LARGE BASKET,,fresh,.,8000,no,,,,,.,,
205073690098,6309510319224b90a8b1c9a7b86d1d8a,ncheni,,0,,,,.,,no,,,.,,.,,6,LARGE BASKET,,fresh,.,40000,no,,,,,.,,
205093710037,5cd87a3c0e03474aae127305863dab3c,ncheni,,7,LARGE BASKET,,fresh,.,20000,no,,,.,,.,,3,LARGE BASKET,,fresh,,20000,no,,,,,.,,
205093710037,5cd87a3c0e03474aae127305863dab3c,usipa,,21,LARGE BASKET,,fresh,.,18000,yes,3,LARGE BASKET,.,fresh,.,18000,3,LARGE BASKET,,fresh,,18000,no,,,,,.,,
205093710051,13e9088afe9c438cac1a4f7903b6c3d6,ncheni,,4,LARGE BASKET,,fresh,.,25000,no,,,.,,.,,4,LARGE BASKET,,fresh,,25000,no,,,,,.,,
205093710051,13e9088afe9c438cac1a4f7903b6c3d6,matemba,,5,LARGE BASKET,,fresh,.,50000,no,,,.,,.,,5,LARGE BASKET,,fresh,,5,no,,,,,.,,
205093710189,d5af1a731bea4a6cbaf9626d48a5536b,mlamba,,0,,,,.,,no,,,.,,.,,0,,,,,,no,,,,,.,,
205093710189,d5af1a731bea4a6cbaf9626d48a5536b,matemba,,0,,,,.,,no,,,.,,.,,0,,,,,,no,,,,,.,,
205203730449,4a5446062c9147b0840e38c0f0f537d7,usipa,,10,SMALL BASKET,,fresh,,4500,no,,,,,,,10,SMALL BASKET,,fresh,,8800,no,,,,,,,
205213740051,efead557527c4756938f9c6280e9d4f1,mlamba,,0,,,,,,no,,,,,,,0,,,,,,no,,,,,,,
205213740258,1be356194ac443a58ce70510ed78b02d,other,MAINGA,0,,,,,,no,,,,,,,0,,,,,,no,,,,,,,
206023810092,19999a7f57e14193a4c9da2c6912cae9,makakani,,1,25 KG BAG,,SUN-DRIED,.,2500,no,,,.,,.,,1,25 KG BAG,,SUN-DRIED,,3000,no,,,,,.,,
206023810092,19999a7f57e14193a4c9da2c6912cae9,matemba,,6,5 KG BAG,,SUN-DRIED,.,6000,no,,,.,,.,,6,5 KG BAG,,SUN-DRIED,,9000,no,,,,,.,,
206023810092,19999a7f57e14193a4c9da2c6912cae9,ncheni,,5,5 KG BAG,,fresh,.,5000,no,,,.,,.,,5,5 KG BAG,,fresh,,10000,no,,,,,.,,
206023810554,f1d320e5dee143feb8d0a61d8a17ac13,usipa,,2,LARGE BASKET,,SUN-DRIED,.,3500,no,,,,,.,,2,LARGE BASKET,,SUN-DRIED,.,3500,no,,,,,.,,
206104000156,eaff9789680b4089a9ca81168d86577c,usipa,,10,OTHER (SPECIFY),"""CHIGOBA """,SUN-DRIED,,4000,no,,,,,,,7,OTHER (SPECIFY),"""CHIGOBA """,SUN-DRIED,,4000,no,,,,,,,
206104000156,eaff9789680b4089a9ca81168d86577c,utaka,,10,OTHER (SPECIFY),"""CHIGOBA """,SUN-DRIED,,5000,no,,,,,,,8,OTHER (SPECIFY),"""CHIGOBA """,SUN-DRIED,,8,no,,,,,,,
207204340029,ab04801d0c304c8d9b9847efd92646d1,utaka,,3,SMALL BASKET,,smoked,.,5400,no,,,.,,.,,3,SMALL BASKET,,smoked,.,8500,no,,,,,.,,
207204340029,ab04801d0c304c8d9b9847efd92646d1,matemba,,3,SMALL BASKET,,SUN-DRIED,.,2000,no,,,.,,.,,3,SMALL BASKET,,SUN-DRIED,.,3000,no,,,,,.,,
207204340029,ab04801d0c304c8d9b9847efd92646d1,,,3,SMALL BASKET,,smoked,,5400,no,,,,,,,3,SMALL BASKET,,smoked,,8500,no,,,,,,,10
207204340029,ab04801d0c304c8d9b9847efd92646d1,,,5,SMALL BASKET,,SUN-DRIED,,9000,no,,,,,,,5,SMALL BASKET,,SUN-DRIED,,22500,no,,,,,,,9
207204340029,ab04801d0c304c8d9b9847efd92646d1,,,3,SMALL BASKET,,SUN-DRIED,,2000,no,,,,,,,3,SMALL BASKET,,SUN-DRIED,,3000,no,,,,,,,4
207204340029,ab04801d0c304c8d9b9847efd92646d1,usipa,,5,SMALL BASKET,,SUN-DRIED,.,9000,no,,,.,,.,,5,SMALL BASKET,,SUN-DRIED,.,22500,no,,,,,.,,
208074530245,d42801a9eb0f4ab985798cb018d206e7,utaka,,40,SMALL BASKET,,fresh,,2500,no,,,,,,,40,SMALL BASKET,,fresh,,2500,no,,,,,,,
208074530303,8b3253a5c03d41eb9aafd4a82925bb87,makakani,,0,,,,,,no,,,,,,,3500,piece,,fresh,,50,no,,,,,,,
208074560039,81a57628687f42b982a6f9bc5c4c67dd,makakani,,0,,,,.,,no,,,,,.,,250000,LARGE BASKET,,fresh,.,250000,no,,,,,.,,
208074560039,81a57628687f42b982a6f9bc5c4c67dd,matemba,,0,,,,.,,no,,,,,.,,50000,DOZEN / BUNDLE,,fresh,.,50000,no,,,,,.,,
208074560039,81a57628687f42b982a6f9bc5c4c67dd,mlamba,,0,,,,.,,no,,,,,.,,300000,DOZEN / BUNDLE,,fresh,.,200000,no,,,,,.,,
208074560039,81a57628687f42b982a6f9bc5c4c67dd,makumba,,0,,,,.,,no,,,,,.,,20,DOZEN / BUNDLE,,fresh,.,20,no,,,,,.,,
208074560039,81a57628687f42b982a6f9bc5c4c67dd,usipa,,0,,,,.,,no,,,,,.,,500,LARGE BASKET,,fresh,.,100000,no,,,,,.,,
209084770336,452339c5e51b4de0b1b5364a06ce2b63,mlamba,,22,piece,,SUN-DRIED,.,3500,no,,,,,.,,10,piece,,SUN-DRIED,.,1500,no,,,,,.,,
209084770336,452339c5e51b4de0b1b5364a06ce2b63,ncheni,,2,SMALL BASKET,,SUN-DRIED,.,5000,no,,,,,.,,1,SMALL BASKET,,SUN-DRIED,.,2300,no,,,,,.,,
209084770336,452339c5e51b4de0b1b5364a06ce2b63,aggregated,,1,DOZEN / BUNDLE,,SUN-DRIED,.,3000,no,,,,,.,,1,DOZEN / BUNDLE,,SUN-DRIED,.,2000,no,,,,,.,,
210374850023,727b994c7d5645c79c25721f927f4db6,mlamba,,4,SMALL BASKET,,smoked,.,17000,no,,,,,.,,2,SMALL BASKET,,smoked,.,28000,no,,,,,.,,
210374850023,727b994c7d5645c79c25721f927f4db6,makakani,,4,LARGE BASKET,,smoked,.,30000,no,,,,,.,,2,LARGE BASKET,,smoked,.,42000,no,,,,,.,,
210374860204,0afa6cb107f04e33a5c49ec8b08c7a13,matemba,,6,5 KG BAG,,SUN-DRIED,,2500,no,,,,,,,4,5 KG BAG,,SUN-DRIED,,3500,no,,,,,,,
210554990115,a0c88c606aba4243919fc58a511ecf92,usipa,,7,SMALL BASKET,,fresh,.,15000,no,,,.,,.,,7,SMALL BASKET,,fresh,.,25000,no,,,,,.,,
210554990115,a0c88c606aba4243919fc58a511ecf92,ncheni,,7,25 KG BAG,,fresh,.,25000,no,,,.,,.,,7,25 KG BAG,,fresh,.,35000,no,,,,,.,,
210805070191,ed21f28c6ce84bbbba2e339a1133791e,usipa,,12,LARGE BASKET,,smoked,.,10000,no,,,.,,.,,12,25 KG BAG,,smoked,.,35000,no,,,,,.,,
210805070191,ed21f28c6ce84bbbba2e339a1133791e,,,12,LARGE BASKET,,smoked,,10000,no,,,,,,,12,25 KG BAG,,smoked,,35000,no,,,,,,,9
210805080289,94707d2cf0d0412e89fbac899ad7b35b,utaka,,10,SMALL BASKET,,SUN-DRIED,,3500,no,,,,,,,10,SMALL BASKET,,SUN-DRIED,,4000,no,,,,,,,
210805080289,94707d2cf0d0412e89fbac899ad7b35b,matemba,,10,SMALL BASKET,,SUN-DRIED,,3000,no,,,,,,,10,SMALL BASKET,,SUN-DRIED,,3500,no,,,,,,,
210865120474,d7b785220d5f4c0f97941d0db6959d61,utaka,,5,OTHER (SPECIFY),5 litres bucket,SUN-DRIED,,2500,no,,,,,,,3,OTHER (SPECIFY),5 litres bucket,SUN-DRIED,,4000,no,,,,,,,
210865120474,d7b785220d5f4c0f97941d0db6959d61,usipa,,10,OTHER (SPECIFY),5 litre bucket,SUN-DRIED,,2000,no,,,,,,,10,OTHER (SPECIFY),5 litre bucket,SUN-DRIED,,4000,no,,,,,,,
210875140870,b390fcb5bd0f4a16adc6b6aa9c2ede77,utaka,,6,SMALL BASKET,,SUN-DRIED,,5500,no,,,,,,,6,SMALL BASKET,,SUN-DRIED,,7000,no,,,,,,,
210875150460,190c7b9e5cf54fd29cc63a8c52958266,usipa,,60,LARGE BASKET,,SUN-DRIED,.,15000,no,,,.,,.,,300,5 KG BAG,,SUN-DRIED,.,3000,no,,,,,.,,
210875151070,e8705d98dfd04f49a6b97f4e407ba94e,usipa,,1,DOZEN / BUNDLE,,SUN-DRIED,.,4500,no,,,.,,.,,1,SMALL BASKET,,SUN-DRIED,.,1,no,,,,,.,,
210885170286,7acafc1403574c2698ef86f309ca1fe3,other,NO BUSSINES DURING THE LAST HIGH SEASON,0,,,,.,,no,,,.,,.,,0,,,,,,no,,,,,.,,
301015200213,b1996666a3424c91ba9b4e65358293f2,other,Mbaba,100,DOZEN / BUNDLE,,smoked,.,150,no,,,,,.,,10000,DOZEN / BUNDLE,,smoked,.,150,no,,,,,.,,
301025240017,f461be67c7ff4396b43392d0274e262e,utaka,,2,LARGE BASKET,,fresh,.,8000,no,,,.,,.,,72000,LARGE BASKET,,fresh,,8000,no,,,,,.,,
301025240034,8f666486648f44ea8d02359f35a2bd9f,chambo,,2,piece,,fresh,.,700,no,,,,,.,,5,DOZEN / BUNDLE,,fresh,.,2800,no,,,,,.,,
301025240034,8f666486648f44ea8d02359f35a2bd9f,matemba,,1,SMALL BASKET,,SUN-DRIED,.,2500,no,,,,,.,,0,,,,.,,no,,,,,.,,
301025240034,8f666486648f44ea8d02359f35a2bd9f,mlamba,,15,DOZEN / BUNDLE,,fresh,.,1200,no,,,,,.,,40,DOZEN / BUNDLE,,fresh,.,1200,no,,,,,.,,
301025240314,3aff34efc5254364b6bceeeb1932b2c4,utaka,,0,,,,.,,no,,,.,,.,,0,,,,,,no,,,,,.,,
301025240314,3aff34efc5254364b6bceeeb1932b2c4,usipa,,0,,,,.,,no,,,.,,.,,0,,,,,,no,,,,,.,,
301035250264,99c9b70b452f42adb3653c2fbdac459f,matemba,,2,SMALL BASKET,,fresh,,4000,yes,1,SMALL BASKET,,fresh,,1500,2000,piece,,fresh,,13500,no,,,,,,,
301035280256,f43028dc885a427aac52422c3df57cf4,usipa,,2,LARGE BASKET,,fresh,.,4000,no,,,.,,.,,2,LARGE BASKET,,fresh,,7000,no,,,,,.,,
301035280256,f43028dc885a427aac52422c3df57cf4,mlamba,,3,SMALL BASKET,,fresh,.,9000,no,,,.,,.,,3,SMALL BASKET,,fresh,,15000,no,,,,,.,,
301055320260,85bde2595a884ce7b4a397db85b877dd,matemba,,10,LARGE BASKET,,SUN-DRIED,.,5000,no,,,,,.,,6000,LARGE BASKET,,SUN-DRIED,.,6000,no,,,,,.,,
301055320260,85bde2595a884ce7b4a397db85b877dd,mlamba,,3,LARGE BASKET,,SUN-DRIED,.,6000,no,,,,,.,,3,LARGE BASKET,,SUN-DRIED,.,6000,no,,,,,.,,
301055320260,85bde2595a884ce7b4a397db85b877dd,usipa,,20,LARGE BASKET,,SUN-DRIED,.,3000,no,,,,,.,,20,LARGE BASKET,,SUN-DRIED,.,3000,no,,,,,.,,
301055320260,85bde2595a884ce7b4a397db85b877dd,ncheni,,10,DOZEN / BUNDLE,,SUN-DRIED,.,1500,no,,,,,.,,1500,DOZEN / BUNDLE,,SUN-DRIED,.,1500,no,,,,,.,,
301055320260,85bde2595a884ce7b4a397db85b877dd,makakani,,5,DOZEN / BUNDLE,,SUN-DRIED,.,4500,no,,,,,.,,5,DOZEN / BUNDLE,,SUN-DRIED,.,4500,no,,,,,.,,
301065340227,1e3682f76ba944d387b91829b93c0f6f,usipa,,20,OTHER (SPECIFY),Chigomba,SUN-DRIED,.,2000,no,,,.,,.,,1,OTHER (SPECIFY),"""Chigomba """,SUN-DRIED,.,2000,no,,,,,.,,
301065350203,cce2c24618604956b7430f0549b208b3,matemba,,3,SMALL BASKET,,smoked,,3000,no,,,,,,,2,SMALL BASKET,,smoked,,3000,no,,,,,,,
301085380027,e0834f6a719e4b6a8d46bc4cf7dcebf7,matemba,,15,DOZEN / BUNDLE,,fresh,.,75000,no,,,.,,.,,40,DOZEN / BUNDLE,,fresh,.,40000,no,,,,,.,,
301085380027,e0834f6a719e4b6a8d46bc4cf7dcebf7,usipa,,0,,,,.,,no,,,.,,.,,5,DOZEN / BUNDLE,,fresh,.,12500,no,,,,,.,,
301085380160,776f944f5bef40be9a86bd44244485cf,usipa,,5,DOZEN / BUNDLE,,smoked,.,350,no,,,.,,.,,0,,,,.,,no,,,,,.,,
301095400608,fd4a5b3db7114eac91591333c1294235,utaka,,10,SMALL BASKET,,fresh,.,3000,no,,,.,,.,,10,SMALL BASKET,,fresh,,6000,no,,,,,.,,
301215420031,b4237fc6be1e4fd9b358e91f617a06cd,mlamba,,60,piece,,fresh,,500,no,,,,,,,30,piece,,fresh,,20000,no,,,,,,,
301215420102,8fe404afd210435ebf7f864bb9439bd9,aggregated,,1,SMALL BASKET,,fresh,,25000,no,,,,,,,1,LARGE BASKET,,fresh,,45000,no,,,,,,,
301215420280,f1b6f0ef573a4c7ebacbb5c7d5b77b82,usipa,,0,,,,,,no,,,,,,,1,25 KG BAG,,fresh,,3500,no,,,,,,,
301215420316,a1b108372db640c6a66e9b79ac79ddb8,utaka,,4,OTHER (SPECIFY),Crates,SUN-DRIED,,35000,no,,,,,,,4,OTHER (SPECIFY),"""Crates """,SUN-DRIED,,37000,no,,,,,,,
301215420316,a1b108372db640c6a66e9b79ac79ddb8,usipa,,4,LARGE BASKET,,OTHER (SPECIFY),Ofafaza,35000,yes,4,LARGE BASKET,,OTHER (SPECIFY),"""ofafaza """,35000,4,LARGE BASKET,,OTHER (SPECIFY),"""ofafaza """,40000,no,,,,,,,
301215420387,46a12026a67544e99cd141708ce0698c,usipa,,0,,,,,,no,,,,,,,4,SMALL BASKET,,fresh,,3500,no,,,,,,,
301215420565,f0c89d23cb8f422c96d9fff1e9a2982c,usipa,,0,,,,,,no,,,,,,,18,LARGE BASKET,,fresh,,25000,no,,,,,,,
302015440278,27c8b4f27c694ba4b642b7519c491401,mlamba,,10,DOZEN / BUNDLE,,fresh,.,7000,no,,,,,.,,10,DOZEN / BUNDLE,,smoked,.,12000,no,,,,,.,,
302015440278,27c8b4f27c694ba4b642b7519c491401,chambo,,9,DOZEN / BUNDLE,,fresh,.,3000,no,,,,,.,,9,DOZEN / BUNDLE,,smoked,.,5000,no,,,,,.,,
302035540030,2ed0c205f1dd42ba938c9bc18c8b4451,chambo,,0,,,,.,,no,,,.,,.,,0,,,,.,,no,,,,,.,,
302035540045,be0e640433434181b3ab6564a2d60338,other,none,0,,,,.,,no,,,.,,.,,0,,,,.,,no,,,,,.,,
302035540060,4bf25f3de9f34ebf91fc9fc3775d4d95,matemba,,768,SMALL BASKET,,SUN-DRIED,.,2000,no,,,.,,.,,768,SMALL BASKET,,SUN-DRIED,.,2000,no,,,,,.,,
302035540075,00c095c9651d4a71a0c58ce0d2c96b40,chambo,,0,,,,.,,no,,,.,,.,,2,SMALL BASKET,,fresh,.,1500,no,,,,,.,,
302035540075,00c095c9651d4a71a0c58ce0d2c96b40,matemba,,0,,,,.,,no,,,.,,.,,1,5 KG BAG,,fresh,.,300,no,,,,,.,,
302035540075,00c095c9651d4a71a0c58ce0d2c96b40,mlamba,,0,,,,.,,no,,,.,,.,,2,5 KG BAG,,fresh,.,5000,no,,,,,.,,
302035540090,82db37c27f1a4d3dad081d4698f75d05,chambo,,0,,,,.,,no,,,.,,.,,0,,,,.,,no,,,,,.,,
302035540196,ac0bc9d9b3264e80bece616687522955,matemba,,0,,,,.,,no,,,.,,.,,0,,,,.,,no,,,,,.,,
302035540196,ac0bc9d9b3264e80bece616687522955,chambo,,0,,,,.,,no,,,.,,.,,0,,,,.,,no,,,,,.,,
302035540211,942af73fcf754f59b412db31d02c7cc3,other,"""none """,0,,,,.,,no,,,.,,.,,0,,,,.,,no,,,,,.,,
302035540256,4956d949fe6d49f69d9ba20a8d4b86a1,other,0,0,,,,.,,no,,,.,,.,,0,,,,.,,no,,,,,.,,
302035540271,d7ff56ed5b444e3493fd0b78d27a9cc5,chambo,,0,,,,.,,yes,1,LARGE BASKET,.,smoked,.,60000,1,LARGE BASKET,,smoked,.,60000,no,,,,,.,,
302035540271,d7ff56ed5b444e3493fd0b78d27a9cc5,matemba,,0,,,,.,,no,,,.,,.,,2,25 KG BAG,,SUN-DRIED,.,28000,no,,,,,.,,
302055560066,98393db9f92b48ddb2967d1a876860d7,mlamba,,0,,,,.,,no,,,,,.,,0,,,,.,,no,,,,,.,,
302055560090,0da34ccbd1f84c3bbd7b1208c42a9189,mlamba,,20,piece,,fresh,.,200,no,,,,,.,,15,piece,,fresh,.,200,no,,,,,.,,
302075590004,fb21bda6e97540dc9393e755cf5221de,chambo,,0,,,,,,no,,,,,,,100,DOZEN / BUNDLE,,smoked,,400,no,,,,,,,
302075600033,ec27dff59dc04b33b2ca19d9e24ace5a,matemba,,3,OTHER (SPECIFY),zigoba,fresh,.,2500,no,,,.,,.,,2500,OTHER (SPECIFY),zigoba,fresh,,2500,no,,,,,.,,
302075600033,ec27dff59dc04b33b2ca19d9e24ace5a,makakani,,0,,,,.,,no,,,.,,.,,2,OTHER (SPECIFY),Zigoba,fresh,,2500,no,,,,,.,,
302075600033,ec27dff59dc04b33b2ca19d9e24ace5a,mlamba,,0,,,,.,,no,,,.,,.,,2,OTHER (SPECIFY),zigoba,OTHER (SPECIFY),zigoba,1500,no,,,,,.,,
302075600255,0a4f52e5fc644f849d1a6fbec7e4881d,matemba,,0,,,,.,,no,,,.,,.,,0,,,,,,no,,,,,.,,
302075600255,0a4f52e5fc644f849d1a6fbec7e4881d,chambo,,0,,,,.,,no,,,.,,.,,0,,,,,,no,,,,,.,,
302085620073,8987c86a34d44006b4ddb42e2e4cf735,chambo,,0,,,,.,,no,,,.,,.,,1,OTHER (SPECIFY),"""50kg bag """,fresh,.,16000,no,,,,,.,,
302085620073,8987c86a34d44006b4ddb42e2e4cf735,mlamba,,0,,,,.,,no,,,.,,.,,2,OTHER (SPECIFY),"""50kg bag """,fresh,.,9000,no,,,,,.,,
302225660115,1761f7fb3e9543ffaefd592cb0889f0b,other,none,0,,,,.,,no,,,.,,.,,0,,,,.,,no,,,,,.,,
302225660115,1761f7fb3e9543ffaefd592cb0889f0b,,none,0,,,,,,no,,,,,,,0,,,,,,no,,,,,,,11
302225660326,74bc7010bacb4017a8aae5c7777b0798,chambo,,95,DOZEN / BUNDLE,,fresh,.,2500,no,,,.,,.,,95,DOZEN / BUNDLE,,fresh,.,3000,no,,,,,.,,
302225660326,74bc7010bacb4017a8aae5c7777b0798,mlamba,,84,DOZEN / BUNDLE,,fresh,.,3000,no,,,.,,.,,84,DOZEN / BUNDLE,,fresh,.,4000,no,,,,,.,,
302225660326,74bc7010bacb4017a8aae5c7777b0798,,,84,DOZEN / BUNDLE,,fresh,,3000,no,,,,,,,84,DOZEN / BUNDLE,,fresh,,4000,no,,,,,,,3
302225660326,74bc7010bacb4017a8aae5c7777b0798,,,95,DOZEN / BUNDLE,,fresh,,2500,no,,,,,,,95,DOZEN / BUNDLE,,fresh,,3000,no,,,,,,,6
303015680066,8e25d3aa0ee24f1d99fca279f1f2521e,chambo,,15,DOZEN / BUNDLE,,fresh,,3000,no,,,,,,,15,DOZEN / BUNDLE,,OTHER (SPECIFY),FRIED (NOT KANYENYA ),4500,no,,,,,,,
303015680066,8e25d3aa0ee24f1d99fca279f1f2521e,mlamba,,30,OTHER (SPECIFY),"""CHIGOBA """,fresh,,2000,no,,,,,,,2,OTHER (SPECIFY),LARGE BOX,OTHER (SPECIFY),FRIED(not kanyenya),90000,no,,,,,,,
303015690120,922113266ae24517a43844caa8a37750,matemba,,3,OTHER (SPECIFY),"""CHIGOBA """,SUN-DRIED,.,2500,yes,2,OTHER (SPECIFY),"""CHIGOBA """,smoked,.,3500,3,OTHER (SPECIFY),"""CHIGOBA """,SUN-DRIED,.,4000,yes,2,,,smoked,.,5000,
303025700103,0eb287db17c24a99999f8988247a7abd,chambo,,15,OTHER (SPECIFY),CHIGOBA,fresh,,5000,no,,,,,,,15,OTHER (SPECIFY),CHIGOBA,fresh,,6500,no,,,,,,,
303025730018,cceb5c77d3e84c32986566ca1771284d,matemba,,0,,,,.,,no,,,.,,.,,0,,,,,,no,,,,,.,,
303025730018,cceb5c77d3e84c32986566ca1771284d,chambo,,0,,,,.,,no,,,.,,.,,0,,,,,,no,,,,,.,,
303025730018,cceb5c77d3e84c32986566ca1771284d,makumba,,60000,LARGE BASKET,,fresh,.,6000,no,,,.,,.,,30,LARGE BASKET,,fresh,,5000,no,,,,,.,,
303025730018,cceb5c77d3e84c32986566ca1771284d,mlamba,,0,,,,.,,no,,,.,,.,,0,,,,,,no,,,,,.,,
303025730244,91391097bfac4a869bf7a04812e387af,matemba,,2,OTHER (SPECIFY),"""MEDIUM BASIN """,fresh,.,2000,no,,,.,,.,,2,OTHER (SPECIFY),"""MEDIUM BASIN """,SUN-DRIED,,3500,no,,,,,.,,
303025730318,31fda59924d7462799196c02098345af,chambo,,0,,,,.,,no,,,.,,.,,2,LARGE BASKET,,fresh,,5000,no,,,,,.,,
303025730318,31fda59924d7462799196c02098345af,mlamba,,0,,,,.,,no,,,.,,.,,32000,LARGE BASKET,,fresh,,8000,no,,,,,.,,
303025730354,c88d0feb34de41e7b29b020fac7d45c2,mlamba,,0,,,,.,,no,,,.,,.,,10,LARGE BASKET,,SUN-DRIED,,5000,no,,,,,.,,
303025730354,c88d0feb34de41e7b29b020fac7d45c2,chambo,,0,,,,.,,no,,,.,,.,,10,LARGE BASKET,,fresh,,6500,no,,,,,.,,
303025730354,c88d0feb34de41e7b29b020fac7d45c2,matemba,,0,,,,.,,no,,,.,,.,,7,LARGE BASKET,,SUN-DRIED,,2500,no,,,,,.,,
303055780289,1be1a225a48d412ba1cab999e4834d5d,other,KAMBUZI,5,OTHER (SPECIFY),CHIGOBA,SUN-DRIED,,2500,yes,3,OTHER (SPECIFY),CHIGOBA,smoked,,3000,5,OTHER (SPECIFY),CHIGOBA,SUN-DRIED,,3500,yes,3,,,smoked,,4700,
303055800023,4dd8a0e807d04c03a2bf1155f21b36bb,matemba,,3,OTHER (SPECIFY),"""CHIGOBA """,SUN-DRIED,,2000,no,,,,,,,3,OTHER (SPECIFY),CHIGOBA,SUN-DRIED,,3500,no,,,,,,,
303055800023,4dd8a0e807d04c03a2bf1155f21b36bb,usipa,,2,OTHER (SPECIFY),CHIGOBA,SUN-DRIED,,2500,no,,,,,,,2,OTHER (SPECIFY),CHIGOBA,SUN-DRIED,,4500,no,,,,,,,
303055820201,b10327d29eda4cd0ae7e6787e55bfbd7,mlamba,,2,LARGE BASKET,,fresh,,50000,no,,,,,,,2,LARGE BASKET,,fresh,,75000,no,,,,,,,
303055820201,b10327d29eda4cd0ae7e6787e55bfbd7,chambo,,2,LARGE BASKET,,fresh,,60000,no,,,,,,,2,LARGE BASKET,,fresh,,95000,no,,,,,,,
303055820201,b10327d29eda4cd0ae7e6787e55bfbd7,other,MBUTA,1,LARGE BASKET,,smoked,,35000,no,,,,,,,2,LARGE BASKET,,smoked,,60000,no,,,,,,,
303055820216,7a23a24a40fd4f1d8e9768779ce9fb36,chambo,,3,OTHER (SPECIFY),Basin,fresh,,15000,no,,,,,,,6,OTHER (SPECIFY),Basin,fresh,,19000,no,,,,,,,
303055820216,7a23a24a40fd4f1d8e9768779ce9fb36,mlamba,,1,OTHER (SPECIFY),Basin,fresh,,18000,no,,,,,,,2,OTHER (SPECIFY),Basin,fresh,,21000,no,,,,,,,
304015910149,f33926a19b134198b97cbcc785af0118,matemba,,4,SMALL BASKET,,smoked,,4500,yes,2,SMALL BASKET,,SUN-DRIED,,3000,4,SMALL BASKET,,smoked,,5500,yes,2,,,SUN-DRIED,,4000,
304015910149,f33926a19b134198b97cbcc785af0118,mlamba,,30,DOZEN / BUNDLE,,smoked,,500,no,,,,,,,30,DOZEN / BUNDLE,,smoked,,600,no,,,,,,,
304015920124,af4a9f1c63364ea69500412b8f26c274,matemba,,10000,LARGE BASKET,,SUN-DRIED,.,2500,no,,,,,.,,13000,LARGE BASKET,,SUN-DRIED,.,2000,no,,,,,.,,
304025950424,6987648215c242c8b6d495d7142a3237,other,a njolinjo,2,SMALL BASKET,,SUN-DRIED,,4500,no,,,,,,,2,SMALL BASKET,,SUN-DRIED,,6000,no,,,,,,,
304025950424,6987648215c242c8b6d495d7142a3237,matemba,,3,SMALL BASKET,,SUN-DRIED,,4000,yes,3,SMALL BASKET,,smoked,,4000,3,SMALL BASKET,,SUN-DRIED,,5000,yes,3,,,smoked,,5000,
304025980144,b94c59bd9c184e95ac23128e2295d938,usipa,,2,SMALL BASKET,,SUN-DRIED,.,3500,no,,,.,,.,,3,SMALL BASKET,,SUN-DRIED,.,3500,no,,,,,.,,
304025980144,b94c59bd9c184e95ac23128e2295d938,utaka,,3,SMALL BASKET,,SUN-DRIED,.,4000,no,,,.,,.,,2,SMALL BASKET,,SUN-DRIED,.,4500,no,,,,,.,,
304036040048,981d44710cb94b1d8014424f53f1c3a0,ncheni,,0,,,,.,,no,,,,,.,,0,,,,.,,no,,,,,.,,
304036040048,981d44710cb94b1d8014424f53f1c3a0,usipa,,1,SMALL BASKET,,SUN-DRIED,.,6500,no,,,,,.,,2,SMALL BASKET,,SUN-DRIED,.,6000,no,,,,,.,,
304036040048,981d44710cb94b1d8014424f53f1c3a0,matemba,,1,SMALL BASKET,,SUN-DRIED,.,5000,no,,,,,.,,4500,SMALL BASKET,,SUN-DRIED,.,1,no,,,,,.,,
304036040048,981d44710cb94b1d8014424f53f1c3a0,utaka,,1,SMALL BASKET,,SUN-DRIED,.,6500,yes,1,SMALL BASKET,,smoked,.,6000,1,SMALL BASKET,,smoked,.,6500,no,,,,,.,,
305016170215,0516be73b8c246a98c954963f4bde6cc,utaka,,15,OTHER (SPECIFY),"""5litres bucket """,SUN-DRIED,.,1800,no,,,,,.,,7,OTHER (SPECIFY),"""5litres bucket """,SUN-DRIED,.,2800,no,,,,,.,,
305016170215,0516be73b8c246a98c954963f4bde6cc,usipa,,10,OTHER (SPECIFY),5litres bucket,SUN-DRIED,.,1000,no,,,,,.,,6,OTHER (SPECIFY),"""5litres bucket """,SUN-DRIED,.,2500,no,,,,,.,,
305016190456,d9525b0f771f455096b7c2c792aa21cf,usipa,,8,SMALL BASKET,,SUN-DRIED,.,2500,no,,,.,,.,,8,SMALL BASKET,,SUN-DRIED,.,3500,no,,,,,.,,
305016190456,d9525b0f771f455096b7c2c792aa21cf,utaka,,4,SMALL BASKET,,SUN-DRIED,.,4000,no,,,.,,.,,4,SMALL BASKET,,SUN-DRIED,.,4000,no,,,,,.,,
306026510196,9d4449ecd0cb48c6a6d42832a895f56f,usipa,,3000,DOZEN / BUNDLE,,SUN-DRIED,.,4000,no,,,.,,.,,8000,DOZEN / BUNDLE,,SUN-DRIED,,4000,no,,,,,.,,
307016630198,88752c4bfd9f4b93afeb4b9862a23fb3,,,0,,,,,,no,,,,,,,0,,,,,,no,,,,,,,10
307016630198,88752c4bfd9f4b93afeb4b9862a23fb3,utaka,,0,,,,.,,no,,,.,,.,,0,,,,.,,no,,,,,.,,
307056690018,1d49f698513944f38d3dcde0818f5049,other,"""MATUMBI """,0,,,,.,,no,,,.,,.,,5,DOZEN / BUNDLE,,fresh,,8000,no,,,,,.,,
307056690018,1d49f698513944f38d3dcde0818f5049,makakani,,0,,,,.,,no,,,.,,.,,3,SMALL BASKET,,fresh,,5000,no,,,,,.,,
307086750075,e0401c946e5c4ba48085bacd60bac87a,usipa,,1,25 KG BAG,,SUN-DRIED,.,500,no,,,.,,.,,4500,OTHER (SPECIFY),"""Heaps """,SUN-DRIED,.,400,no,,,,,.,,
307086750075,e0401c946e5c4ba48085bacd60bac87a,,,1,25 KG BAG,,SUN-DRIED,,500,no,,,,,,,4500,OTHER (SPECIFY),"""Heaps """,SUN-DRIED,,400,no,,,,,,,9
307106810150,ce6a8c8a21394f179a66afd1ce6d05d5,usipa,,2,LARGE BASKET,,smoked,.,20000,no,,,.,,.,,30000,LARGE BASKET,,smoked,,2500,no,,,,,.,,
307106830175,1c161fa67069488e8c3fbecbaa794851,usipa,,3,OTHER (SPECIFY),"""5litres bucket """,SUN-DRIED,.,3000,no,,,.,,.,,3,OTHER (SPECIFY),"""5litres bucket """,SUN-DRIED,.,4500,no,,,,,.,,
308016880131,91bd639b25704ead98b10eaceba3c32e,chambo,,150,DOZEN / BUNDLE,,SUN-DRIED,.,1500,no,,,.,,.,,180,piece,,SUN-DRIED,,1500,no,,,,,.,,
308016880131,91bd639b25704ead98b10eaceba3c32e,mlamba,,120,DOZEN / BUNDLE,,SUN-DRIED,.,1200,no,,,.,,.,,150,piece,,SUN-DRIED,,1200,no,,,,,.,,
308057040251,f8d95247df0f4a5fb80ce2e6ae6b0217,mlamba,,1,SMALL BASKET,,fresh,.,30000,no,,,.,,.,,1,SMALL BASKET,,smoked,,60000,no,,,,,.,,
308057040251,f8d95247df0f4a5fb80ce2e6ae6b0217,chambo,,1,SMALL BASKET,,fresh,.,25000,no,,,.,,.,,1,SMALL BASKET,,smoked,,50000,no,,,,,.,,
308207100056,462be412cdc7434fae547cf40bdcd14e,,"""Makelele """,50000,LARGE BASKET,,fresh,,6000,no,,,,,,,90000,LARGE BASKET,,fresh,,4000,no,,,,,,,11
308207100056,462be412cdc7434fae547cf40bdcd14e,other,"""Makelele """,50000,LARGE BASKET,,fresh,.,6000,no,,,.,,.,,90000,LARGE BASKET,,fresh,.,4000,no,,,,,.,,
309017110008,fb9cfecf8ec54a568bb360f6989b7441,,,0,,,,,,no,,,,,,,1,SMALL BASKET,,fresh,,18000,no,,,,,,,6
309017110008,fb9cfecf8ec54a568bb360f6989b7441,mlamba,,0,,,,.,,no,,,.,,.,,1,SMALL BASKET,,fresh,.,12000,no,,,,,.,,
309017110008,fb9cfecf8ec54a568bb360f6989b7441,,,0,,,,,,no,,,,,,,1,SMALL BASKET,,fresh,,12000,no,,,,,,,3
309017110008,fb9cfecf8ec54a568bb360f6989b7441,chambo,,0,,,,.,,no,,,.,,.,,1,SMALL BASKET,,fresh,.,18000,no,,,,,.,,
309017130078,0efc68515967476cb7731b9a3aa6e407,chambo,,0,,,,.,,no,,,.,,.,,10,SMALL BASKET,,fresh,,3000,no,,,,,.,,
309017130078,0efc68515967476cb7731b9a3aa6e407,mlamba,,0,,,,.,,no,,,.,,.,,10,SMALL BASKET,,fresh,,5000,no,,,,,.,,
309017210120,9b4f8d0572834553baa0b8b9d8b23e5c,mlamba,,1,LARGE BASKET,,fresh,.,40000,no,,,.,,.,,1,LARGE BASKET,,smoked,,46000,no,,,,,.,,
309017210120,9b4f8d0572834553baa0b8b9d8b23e5c,chambo,,1,LARGE BASKET,,fresh,.,35000,no,,,.,,.,,39000,LARGE BASKET,,smoked,,39000,no,,,,,.,,
309027280038,16e326ad87924bd5941f15f3a800c567,utaka,,1,DOZEN / BUNDLE,,SUN-DRIED,,2500,no,,,,,,,1,DOZEN / BUNDLE,,SUN-DRIED,,4000,no,,,,,,,
309027280038,16e326ad87924bd5941f15f3a800c567,mlamba,,5,DOZEN / BUNDLE,,SUN-DRIED,,5000,no,,,,,,,1,DOZEN / BUNDLE,,SUN-DRIED,,7500,no,,,,,,,
309027280038,16e326ad87924bd5941f15f3a800c567,usipa,,3,DOZEN / BUNDLE,,smoked,,1,no,,,,,,,1,DOZEN / BUNDLE,,smoked,,4500,no,,,,,,,
309027280038,16e326ad87924bd5941f15f3a800c567,matemba,,3,DOZEN / BUNDLE,,smoked,,3000,no,,,,,,,1,DOZEN / BUNDLE,,smoked,,4000,no,,,,,,,
309037320027,e4976bb96e2b4efea6da21ce803ee95f,mlamba,,0,,,,,,no,,,,,,,0,,,,,,no,,,,,,,
309037320057,7fb8a91e208e44099f110cc25a37958f,mlamba,,0,,,,,,no,,,,,,,0,,,,,,no,,,,,,,
309037320086,db38df48375440688e2b4a99ace3d3e3,mlamba,,0,,,,,,no,,,,,,,0,,,,,,no,,,,,,,
309037320145,f4c360a70cf94e36992ea6b95dafeddf,mlamba,,0,,,,,,no,,,,,,,40,DOZEN / BUNDLE,,fresh,,3000,no,,,,,,,
309037320155,df5c912c36334f76954e43a1573b7495,mlamba,,5,DOZEN / BUNDLE,,SUN-DRIED,,3500,no,,,,,,,5600,DOZEN / BUNDLE,,SUN-DRIED,,350,no,,,,,,,
309037330240,d886725771674e3a9d50f600189e4c51,matemba,,4,OTHER (SPECIFY),chigoba,fresh,.,1500,no,,,.,,.,,4,OTHER (SPECIFY),"""chigoba """,fresh,,100,no,,,,,.,,
309037330358,ac29c40bd5d145e3abc001c40fb75f97,mlamba,,3,LARGE BASKET,,fresh,.,3500,no,,,.,,.,,10500,LARGE BASKET,,fresh,,2,no,,,,,.,,
309037330358,ac29c40bd5d145e3abc001c40fb75f97,chambo,,0,,,,.,,no,,,.,,.,,0,,,,,,no,,,,,.,,
309037330358,ac29c40bd5d145e3abc001c40fb75f97,matemba,,0,,,,.,,no,,,.,,.,,0,,,,,,no,,,,,.,,
310017360274,162acaab50714710968e18ba60d29705,makakani,,0,,,,.,,no,,,,,.,,200,piece,,fresh,.,50,no,,,,,.,,
310037450096,7153c2c65b0d45e8acce91b1a2318529,usipa,,40,5 KG BAG,,SUN-DRIED,,3000,no,,,,,,,4500,5 KG BAG,,SUN-DRIED,,4500,no,,,,,,,
310037450096,7153c2c65b0d45e8acce91b1a2318529,utaka,,5,DOZEN / BUNDLE,,SUN-DRIED,,3500,no,,,,,,,5000,DOZEN / BUNDLE,,SUN-DRIED,,5000,no,,,,,,,
310037490103,a69cb4b685ad49d5aca705ae92733104,utaka,,5,SMALL BASKET,,SUN-DRIED,,1200,no,,,,,,,5,SMALL BASKET,,SUN-DRIED,,2500,no,,,,,,,
310077550132,eae7ed540374429c86b201f812121926,makakani,,0,,,,,,no,,,,,,,0,,,,,,no,,,,,,,
310077550352,172e48fd0bfb4a63918d58fad28215fd,makakani,,5,LARGE BASKET,,fresh,,15000,no,,,,,,,5000,DOZEN / BUNDLE,,fresh,,5000,no,,,,,,,
311047620222,59af2959373a49688125879137dc025b,mlamba,,0,,,,.,,no,,,.,,.,,600,piece,,SUN-DRIED,,200,yes,600,,,SUN-DRIED,.,200,
311047620238,55528faf2f834dca86748ae2b0071c91,makakani,,0,,,,.,,no,,,.,,.,,7,LARGE BASKET,,fresh,,4000,no,,,,,.,,
311047630069,8cf75072c8eb4ae78ac071e755650742,makakani,,2,LARGE BASKET,,fresh,,10000,no,,,,,,,7000,DOZEN / BUNDLE,,fresh,,2000,no,,,,,,,
311047660049,560b4e33c23942f68dd09fdc7b38cfa4,mlamba,,0,,,,,,no,,,,,,,1,LARGE BASKET,,fresh,,6000,no,,,,,,,
311047660204,4861d8dd61ff411b8ffb7659ec704227,makakani,,0,,,,,,no,,,,,,,0,,,,,,no,,,,,,,
311047670007,fc0c6c2029ba4946904eeb0f511725eb,makakani,,0,,,,.,,no,,,.,,.,,0,,,,,,no,,,,,.,,
311047670022,23854e9fb8674e979c09cc41550e9bbc,makakani,,2,LARGE BASKET,,fresh,.,5000,no,,,.,,.,,3500,LARGE BASKET,,fresh,,2500,no,,,,,.,,
311047670022,23854e9fb8674e979c09cc41550e9bbc,matemba,,2,SMALL BASKET,,fresh,.,1500,no,,,.,,.,,1500,SMALL BASKET,,fresh,,1500,no,,,,,.,,
311047680199,742c8b9196d14efba5a985ee1efeb29e,mlamba,,0,,,,,,no,,,,,,,0,,,,,,no,,,,,,,
311047680199,742c8b9196d14efba5a985ee1efeb29e,chambo,,0,,,,,,no,,,,,,,0,,,,,,no,,,,,,,
311047680229,2269acdf7ce34832985d1e67590ac420,mlamba,,0,,,,,,no,,,,,,,0,,,,,,no,,,,,,,
311047680229,2269acdf7ce34832985d1e67590ac420,chambo,,0,,,,,,no,,,,,,,0,,,,,,no,,,,,,,
311057710150,a0c68262af9248adbd39f263f4a84599,other,nothing,0,,,,.,,no,,,,,.,,0,,,,.,,no,,,,,.,,
311057710280,544b3d6ccd84498d85911c4649a17139,mlamba,,5,SMALL BASKET,,fresh,.,10000,yes,5,SMALL BASKET,,smoked,.,20000,2,10 KG BAG,,smoked,.,60000,no,,,,,.,,
311057710280,544b3d6ccd84498d85911c4649a17139,makakani,,5,LARGE BASKET,,fresh,.,7500,no,,,,,.,,5,SMALL BASKET,,smoked,.,20000,no,,,,,.,,
311057710308,4658ff81394f4c798120107d9b2bfde2,mlamba,,1,SMALL BASKET,,smoked,.,2000,no,,,,,.,,1,SMALL BASKET,,smoked,.,6000,no,,,,,.,,
311057710308,4658ff81394f4c798120107d9b2bfde2,makakani,,15,SMALL BASKET,,smoked,.,20000,yes,0,,,,.,,15,SMALL BASKET,,smoked,.,20000,no,,,,,.,,
311067720146,b8d409cb3ee24381ba71da61af33e207,chambo,,0,,,,,,no,,,,,,,3,SMALL BASKET,,fresh,,4000,no,,,,,,,
311067720273,70dff86abc944d74bc3ae3486c9c2c64,mlamba,,0,,,,,,yes,5,DOZEN / BUNDLE,,smoked,,3200,8000,piece,,smoked,,1200,no,,,,,,,
311067740059,e1748feaa90e4f07b7e37d87d03cf617,makakani,,0,,,,,,no,,,,,,,0,,,,,,no,,,,,,,
311067740080,781c700f8e414a31852de87685434cd7,makakani,,0,,,,,,no,,,,,,,0,,,,,,no,,,,,,,
311067740080,781c700f8e414a31852de87685434cd7,mlamba,,0,,,,,,no,,,,,,,0,,,,,,no,,,,,,,
311067750056,8452d6e2e58d4ef38043d23768dfeb15,makakani,,0,,,,.,,no,,,.,,.,,3,SMALL BASKET,,fresh,,3500,no,,,,,.,,
311077770214,53d9ca6b84f141adb29292582dbf95f0,makakani,,0,,,,.,,no,,,.,,.,,0,,,,.,,no,,,,,.,,
312047990066,2ebe9c08289c4087935012dfc9f5ce45,makumba,,8000,SMALL BASKET,,fresh,.,3000,no,,,.,,.,,11000,SMALL BASKET,,fresh,,3000,no,,,,,.,,
312047990066,2ebe9c08289c4087935012dfc9f5ce45,other,Kasawala,5000,SMALL BASKET,,fresh,.,2500,no,,,.,,.,,2000,SMALL BASKET,,fresh,,1800,no,,,,,.,,
312047990082,02355a1ee3a74b9bb452f5dcdff6b87a,chambo,,4,LARGE BASKET,,fresh,.,500,no,,,.,,.,,3,LARGE BASKET,,fresh,,500,no,,,,,.,,
312047990082,02355a1ee3a74b9bb452f5dcdff6b87a,other,mbaba,1,LARGE BASKET,,fresh,.,100,no,,,.,,.,,1,LARGE BASKET,,fresh,,100,no,,,,,.,,
312047990082,02355a1ee3a74b9bb452f5dcdff6b87a,mlamba,,3,LARGE BASKET,,fresh,.,1000,no,,,.,,.,,3,LARGE BASKET,,fresh,,1000,no,,,,,.,,
312048040183,5b85b6dcf076416e94caca4e2f8cfdb3,matemba,,0,,,,,,no,,,,,,,2,10 KG BAG,,SUN-DRIED,,7000,no,,,,,,,
312048040183,5b85b6dcf076416e94caca4e2f8cfdb3,mlamba,,0,,,,,,no,,,,,,,6,DOZEN / BUNDLE,,fresh,,12000,no,,,,,,,
312048040183,5b85b6dcf076416e94caca4e2f8cfdb3,makumba,,0,,,,,,no,,,,,,,4,DOZEN / BUNDLE,,fresh,,6000,no,,,,,,,
313018070014,090c129e99c04721937dfd9c90edcba2,utaka,,5,SMALL BASKET,,SUN-DRIED,.,2000,no,,,.,,.,,10,SMALL BASKET,,SUN-DRIED,.,3000,no,,,,,.,,
313018070014,090c129e99c04721937dfd9c90edcba2,ncheni,,20,SMALL BASKET,,smoked,.,5000,no,,,.,,.,,20,DOZEN / BUNDLE,,smoked,.,500,no,,,,,.,,
313018070014,090c129e99c04721937dfd9c90edcba2,usipa,,5,SMALL BASKET,,SUN-DRIED,.,2000,no,,,.,,.,,10,SMALL BASKET,,smoked,.,3500,no,,,,,.,,
313018070048,cc01320b172b411681e05f7252144c7d,ncheni,,20,DOZEN / BUNDLE,,smoked,.,1200,no,,,.,,.,,20,DOZEN / BUNDLE,,smoked,.,1550,no,,,,,.,,
313018070048,cc01320b172b411681e05f7252144c7d,usipa,,5,5 KG BAG,,SUN-DRIED,.,6500,no,,,.,,.,,5,5 KG BAG,,SUN-DRIED,.,7500,no,,,,,.,,
313018070048,cc01320b172b411681e05f7252144c7d,utaka,,4,5 KG BAG,,SUN-DRIED,.,5500,no,,,.,,.,,4,5 KG BAG,,SUN-DRIED,.,6500,no,,,,,.,,
313018070067,c24c51d7535247bf88d327efaa31a3e5,ncheni,,5,SMALL BASKET,,smoked,.,3000,no,,,.,,.,,5,SMALL BASKET,,smoked,.,4500,no,,,,,.,,
313038230214,fca3fb36419040eaa13c5bdc2a8b40dd,,,40,DOZEN / BUNDLE,,fresh,,500,no,,,,,,,40,DOZEN / BUNDLE,,fresh,,1000,no,,,,,,,8
313038230214,fca3fb36419040eaa13c5bdc2a8b40dd,,,5,DOZEN / BUNDLE,,fresh,,3500,no,,,,,,,5,DOZEN / BUNDLE,,fresh,,5000,no,,,,,,,3
313038230214,fca3fb36419040eaa13c5bdc2a8b40dd,chambo,,15,DOZEN / BUNDLE,,fresh,.,5000,no,,,.,,.,,15,DOZEN / BUNDLE,,fresh,.,9000,no,,,,,.,,
313038230214,fca3fb36419040eaa13c5bdc2a8b40dd,,,15,DOZEN / BUNDLE,,fresh,,5000,no,,,,,,,15,DOZEN / BUNDLE,,fresh,,9000,no,,,,,,,6
313038230214,fca3fb36419040eaa13c5bdc2a8b40dd,mlamba,,5,DOZEN / BUNDLE,,fresh,.,3500,no,,,.,,.,,5,DOZEN / BUNDLE,,fresh,.,5000,no,,,,,.,,
313038230214,fca3fb36419040eaa13c5bdc2a8b40dd,ncheni,,40,DOZEN / BUNDLE,,fresh,.,500,no,,,.,,.,,40,DOZEN / BUNDLE,,fresh,.,1000,no,,,,,.,,
313068290048,3cfcd91201b54ab883b4b490d6762d10,utaka,,2,SMALL BASKET,,SUN-DRIED,.,2500,no,,,,,.,,2,SMALL BASKET,,SUN-DRIED,.,3500,no,,,,,.,,
313068290048,3cfcd91201b54ab883b4b490d6762d10,makakani,,2,SMALL BASKET,,SUN-DRIED,.,9000,no,,,,,.,,2,SMALL BASKET,,SUN-DRIED,.,9000,no,,,,,.,,
313068290048,3cfcd91201b54ab883b4b490d6762d10,usipa,,5,SMALL BASKET,,SUN-DRIED,.,2000,no,,,,,.,,5,SMALL BASKET,,SUN-DRIED,.,3500,no,,,,,.,,
314318320128,2aba7338613b4eebb963a0cee9c9ab43,matemba,,9,OTHER (SPECIFY),CHIGOBA,SUN-DRIED,,4000,no,,,,,,,4,OTHER (SPECIFY),CHIGOBA,SUN-DRIED,,5500,no,,,,,,,
314318320128,2aba7338613b4eebb963a0cee9c9ab43,ncheni,,1,OTHER (SPECIFY),"""Chigoba """,smoked,,4000,no,,,,,,,1,OTHER (SPECIFY),CHIGOBA,smoked,,6000,no,,,,,,,
314318320128,2aba7338613b4eebb963a0cee9c9ab43,usipa,,1,OTHER (SPECIFY),CHIGOBA,SUN-DRIED,,3500,yes,1,OTHER (SPECIFY),CHIGOBA,smoked,,3500,1,OTHER (SPECIFY),CHIGOBA,SUN-DRIED,,4500,yes,1,,,smoked,,5000,
314318320128,2aba7338613b4eebb963a0cee9c9ab43,utaka,,1,OTHER (SPECIFY),"""CHIGOBA """,SUN-DRIED,,3500,no,,,,,,,1,OTHER (SPECIFY),CHIGOBA,SUN-DRIED,,6000,no,,,,,,,
314318320128,2aba7338613b4eebb963a0cee9c9ab43,makakani,,4,OTHER (SPECIFY),"""CHIGOBA """,smoked,,4000,no,,,,,,,2,OTHER (SPECIFY),"""CHIGOBA """,smoked,,3000,no,,,,,,,
314358370415,dd156401fbe44f2db6c547347da9cc79,other,"""Mbaba """,2,SMALL BASKET,,smoked,.,2500,no,,,.,,.,,2,SMALL BASKET,,smoked,,3000,no,,,,,.,,
314358370415,dd156401fbe44f2db6c547347da9cc79,usipa,,4,LARGE BASKET,,SUN-DRIED,.,3500,no,,,.,,.,,4,LARGE BASKET,,SUN-DRIED,,4000,no,,,,,.,,
314358370415,dd156401fbe44f2db6c547347da9cc79,utaka,,3,LARGE BASKET,,smoked,.,3500,no,,,.,,.,,3,LARGE BASKET,,smoked,,4000,no,,,,,.,,
314378420017,517c7c83d45240b39542015b350195aa,usipa,,2,OTHER (SPECIFY),"""CHIGOBA """,SUN-DRIED,,4000,no,,,,,,,2,OTHER (SPECIFY),"""CHIGOBA """,SUN-DRIED,,6000,no,,,,,,,
314378420017,517c7c83d45240b39542015b350195aa,chambo,,4,DOZEN / BUNDLE,,smoked,,1200,yes,2,DOZEN / BUNDLE,,SUN-DRIED,,1000,4,DOZEN / BUNDLE,,smoked,,2800,yes,2,,,SUN-DRIED,,3000,
314378420017,517c7c83d45240b39542015b350195aa,utaka,,3,OTHER (SPECIFY),"""CHIGOBA """,SUN-DRIED,,3000,no,,,,,,,2,OTHER (SPECIFY),CHIGOBA,SUN-DRIED,,6000,no,,,,,,,
314388430049,1e8e6b36417d4b0b9fff118f9b059117,mlamba,,2000,DOZEN / BUNDLE,,smoked,.,2500,no,,,.,,.,,25000,SMALL BASKET,,smoked,.,1050,no,,,,,.,,
314388450011,f478fb201e6348658245b54bf778e6aa,utaka,,3,OTHER (SPECIFY),"""Chigoba """,SUN-DRIED,.,1500,no,,,,,.,,60,OTHER (SPECIFY),"""heaps """,SUN-DRIED,.,100,no,,,,,.,,
314388450011,f478fb201e6348658245b54bf778e6aa,usipa,,2,OTHER (SPECIFY),chigoba,SUN-DRIED,.,1500,no,,,,,.,,60,OTHER (SPECIFY),"""heaps """,SUN-DRIED,.,100,no,,,,,.,,
314428510040,78103eec633f4f3a90cc0cc4d429f1d3,utaka,,21,OTHER (SPECIFY),"""5 LITRE CHIGOBA """,SUN-DRIED,.,2700,no,,,.,,.,,21,OTHER (SPECIFY),"""5 LITRE CHIGOBA """,SUN-DRIED,.,4000,no,,,,,.,,
314428510040,78103eec633f4f3a90cc0cc4d429f1d3,usipa,,22,OTHER (SPECIFY),"""5 LITRE CHIGOBA """,SUN-DRIED,.,3000,no,,,.,,.,,22,OTHER (SPECIFY),"""5 LITRE CHIGOBA """,SUN-DRIED,.,4800,no,,,,,.,,
315488730348,9603ffcb28404705b92577e4b8e09bd4,matemba,,3,5 KG BAG,,SUN-DRIED,.,2500,no,,,,,.,,1,5 KG BAG,,SUN-DRIED,.,6100,no,,,,,.,,
