case_id,hhid,fs_b01a,fs_b01b,fs_b01c,fs_b01d,fs_b01e,fs_b01f,fs_b01g,fs_b01h,fs_b01i,fs_b01j,fs_b01k,fs_b01l,fs_b02
102011270100,08b1e1c98b2b4c85a863b56e4e3ab2d7,H,H,H,L,L,L,N,N,N,N,H,H,yes
102031320075,4f76bfccfc26498e9661200ea2fc687c,L,L,L,N,N,H,H,H,N,N,N,N,yes
102031320106,0cfbbe3f557a464a90fdc38805614160,L,L,L,N,N,H,H,N,N,N,N,N,yes
102031320153,942ac3427b06463e9f8d6805d599ffc8,L,L,N,N,N,H,H,H,N,N,N,N,yes
102031320185,1da524d8ee2a41dcb2d9830593563c53,N,L,L,N,N,H,H,H,N,N,N,N,yes
102031320216,1818111553b34ead89842be2dff8ccff,N,N,L,L,L,L,L,H,H,H,H,N,yes
102031320232,98ab014b0be045b6a69cb6f9ae8b1ed1,H,H,H,N,N,N,L,L,L,L,H,H,yes
102031330272,f8b880f4fc3a479587230cfaed141480,L,L,H,N,N,N,H,H,N,N,N,H,yes
102031350022,beb1efb5f918446194ffe54bafc17367,N,H,H,H,N,N,N,L,L,N,N,N,yes
102031350054,e9c575aa858b4af8bfa4ed2a76fea52b,N,N,N,N,L,L,H,H,H,H,N,N,yes
102031360139,7ca7543c0c7948ddad57a7b65c7f5806,H,H,H,H,H,H,N,L,L,L,H,H,yes
102031360249,b8b148db553145a9a68e399f5e89e422,N,N,N,N,N,H,H,N,N,L,L,L,yes
102031360271,70ab9300d1d7492790de8ca0837e4af1,H,H,H,H,N,N,L,L,L,L,L,H,yes
102041390043,4904a664213a4720bff9919bcd654b1f,H,N,L,L,N,N,N,N,N,N,N,H,yes
102041390094,faeda9d101104654ba0ba10f7bda070f,H,H,N,L,L,L,L,L,N,N,N,N,yes
102041400017,0e66af7d72d34ecba01e7125b699982c,N,H,H,H,H,N,N,N,L,L,N,N,yes
102041400073,3533c366067d4e8eb8224aaf3185e921,N,N,H,H,H,N,N,N,N,N,L,L,yes
102041400129,e99c4f24ae1a4b4c88b15e84a509faed,H,H,H,H,H,H,N,N,L,L,L,L,yes
102041400259,7885799dcdd542c99359b6b2eaaa51ac,H,H,H,H,L,L,L,N,N,N,N,H,yes
102051430012,6f8a942d7293484088b4f7a1712e2488,H,H,H,H,L,L,L,L,N,N,N,H,yes
102051430036,f90d55d471e643f5b060ae457d032d00,H,H,N,N,L,L,N,N,N,N,N,H,yes
102051430051,95af18dce6774558b4c8189c8ece2dc8,H,H,H,N,N,L,L,N,N,N,N,H,yes
102051430063,f1b3be26069c489d8d14c57518101408,H,H,H,H,L,L,L,L,N,N,N,H,yes
102051430101,6c1d67be72734fa6bc1262795e6dfeda,H,H,H,L,L,L,L,N,N,N,N,H,yes
102051430113,947cb04fcc36485784709ffea38208bd,H,H,N,N,L,L,L,N,N,N,N,H,yes
102051430164,b38d57ceadc649fb9d65cab43fd11ef0,H,H,N,N,N,L,L,N,N,N,N,N,yes
102051430225,6acff8e3c9bf49fe8e234bbfa1418ced,H,H,N,N,N,L,L,N,N,N,N,H,yes
102051430237,01ed4b0ebb174ce2b6ad24a2171b81f8,H,H,H,H,N,L,L,N,N,N,N,N,yes
102051430249,7354428d3dc54a6dbd1345984caa5391,H,H,H,N,N,N,L,L,L,L,L,H,yes
102051430261,6552bf2e438f4d41b03bff392be5ae6e,N,H,H,H,L,L,L,N,N,N,N,N,yes
102051440026,c4110f608f2a4f339cd3bf50cc4e3e82,L,L,L,L,N,N,N,H,H,H,N,N,yes
103011500077,9a6ef6edf7554404b515bc38af73fe89,L,L,L,L,L,L,L,L,H,H,H,N,no
103011510023,398626a3b4e24a01bb6e17a63f4d7b78,N,N,N,N,L,L,L,N,N,H,H,H,no
103041550097,567c55b2fade45ca9224c7e045c6faf2,H,H,H,H,H,N,N,L,L,L,N,N,yes
103041550161,37d827493097455584995cea49b0c3a0,N,H,N,L,L,N,N,N,N,N,N,N,yes
103041550225,bd303448e341418babe957994438e3a4,L,N,N,H,N,N,N,H,N,N,N,H,no
103041550332,334ca9c812914080afc3887e19b94ca9,L,N,H,H,H,H,H,H,H,H,L,L,yes
103041560011,5facd51c70be45edba22c3dc65633cbf,H,H,H,H,H,H,L,L,L,L,L,L,no
103051570327,76a15f5cbf344a57b0b4ab3a0746fc8e,H,H,H,N,N,N,N,N,L,L,L,N,yes
103051580104,524e5e1613a64298a6f8337b731da874,N,N,H,H,L,L,N,N,N,N,N,N,no
103051580253,15d3528a60f549929bcbe78eb3deafc7,N,N,L,N,N,N,N,H,H,N,N,N,no
103061590073,61bb91404e264119a579d63aed5ba43d,N,N,L,L,L,L,H,H,H,H,N,N,yes
103061590125,ab50d5001869497fb6ae85e1f928e869,L,L,L,N,H,H,H,H,N,N,N,N,yes
103061590150,a729399a66b14db8b8a00c1e2d9148f6,N,L,L,L,N,N,N,H,H,H,N,N,yes
103061600033,40c946603a674215878b8d31828dd6c0,N,N,N,H,H,H,H,L,L,L,N,N,yes
103061600056,1859860260824f6689c4bf15a6b2eb6e,L,L,L,H,H,H,H,H,H,N,N,N,yes
103061600078,c26141cbc5174e96904b395bcc54366c,N,N,L,H,H,H,H,H,N,L,L,L,yes
103061600180,c4f3a71f569c44a1b19069c09762f14e,L,L,N,N,N,N,N,H,H,H,N,L,yes
103061600202,6feae0b98ff447729ed539e1ec2ba95c,H,H,H,L,N,N,N,L,L,H,H,H,yes
103071610015,7a6ae563306b4cbdab5e1c00de69dc7a,H,N,N,N,N,N,N,N,N,L,L,H,yes
103071610027,1dfe07332f63475f9557d4e4018207bc,N,N,N,N,H,H,H,N,L,L,L,N,yes
103071610040,4465372f30494d5fbcc4764cd5cab555,H,H,N,N,N,N,H,L,N,L,N,H,yes
103071610053,d0e24b08e3274e0e98030b040887bf4e,H,H,L,L,L,L,L,N,N,N,N,H,yes
103081620014,d8b1edfeb6264f65b96d57c6121fc0a1,H,H,H,L,L,L,N,N,N,N,N,N,yes
103081620028,219b04bf89e54900b3b05477279ba185,L,L,L,L,N,N,N,N,H,H,H,N,yes
103081620042,5f4bc82d7ed94bebb62dfe3db9e6afae,N,N,N,L,L,L,N,H,H,H,H,N,yes
103081620085,109b0cdebbaf4170b6e59557684c2ce2,N,H,H,H,N,L,N,L,N,H,N,N,no
103081620098,b67cb8fcd273432aaadb42f1b549711a,H,H,N,H,N,N,N,L,L,N,N,N,yes
103081620127,e8a47dd94eb8405f884217260c58ab30,N,N,N,L,L,H,N,N,H,N,N,N,no
103081620184,f2569170459943dc8867c31b7e1e7974,H,N,N,N,N,N,N,N,N,L,H,H,yes
103081620198,2ce39e2d4a68423eb6eba403c0f41ff7,N,N,N,N,L,L,L,N,H,H,H,N,yes
103081620212,bcc7ea73dd704eb3a3354f964cb1523a,L,L,N,N,N,N,N,H,H,H,N,L,no
103081620268,031e4883262d4934bcac67e031770853,L,L,L,L,L,L,L,L,H,H,H,N,yes
103081620295,27dc24a691b6480cbd6753766d00754a,H,L,L,L,L,L,L,L,L,H,H,N,yes
103091630065,f66081fcd5754c73bb04ed9348cf4e55,N,N,N,H,H,H,L,L,L,L,N,N,yes
103091640104,b9c94e08eab045e2aa3573e8682e065d,N,L,L,L,H,H,H,N,N,N,N,N,no
103091640136,769d9986929f45169fc472563bac5523,H,H,H,L,L,L,L,L,N,N,H,N,no
103091640150,9f4acc45075e445390de3771cac29b10,H,H,H,H,L,L,L,L,L,L,N,N,yes
103091640211,bc3bce638161477592d3ea6fca0c817e,N,N,N,N,H,H,H,N,N,L,L,L,yes
103091640225,440104333e2e46afb69b58735a15ce1d,H,N,H,N,N,L,N,N,H,N,N,N,yes
103091640254,3df550fb47554460bd794cd44f989aa2,N,N,N,H,H,L,L,N,N,N,N,N,yes
103121660085,b8ae7be8d7ac456c8c4363c3172a0cbd,L,L,N,N,N,N,N,N,N,H,H,N,no
103121670149,d8a58ec5e522491eb3fbd29b26c8a815,N,H,N,H,N,L,N,N,N,N,N,N,no
103121680279,6722c5108f494fa7b2129ba5366656d9,L,L,L,L,L,L,L,N,N,H,H,H,yes
103121680364,23be6551653a4a0284ec5ef0a5f0b383,N,N,N,L,L,L,L,H,H,H,H,H,yes
103121690211,a7a96247cbd74fb3887dcb4745d1a436,N,N,L,L,H,H,N,N,N,N,N,N,yes
103201700023,200abe65cf81492996fb536cdba870de,H,N,N,L,N,N,N,N,H,H,N,N,yes
103201700045,922e3d8ad8584509943cdf1e7369d496,H,L,L,L,L,L,L,L,N,N,H,H,yes
103201700057,5df913186e364fe2aae62230c04193c9,N,N,N,N,N,H,H,H,H,L,L,L,yes
103201700068,84be51f327394a3a8e5a06374264eba1,L,L,L,L,N,N,N,H,H,H,H,H,yes
103201700079,9977f1d5d6f7420da34b676ad1f9bf0f,N,N,N,N,N,H,H,H,N,N,L,L,yes
103201700102,48d11b47d14a4d2a855f5fec1c8e8cd8,L,N,N,N,N,N,N,H,H,H,N,L,yes
103201700159,d4b20eee007e44c0a28d773f16c41258,L,L,L,N,L,N,N,H,H,H,N,N,yes
103201700170,06cd9a308c6d4a309d1f2ee191d511e8,N,N,N,N,N,L,L,N,H,H,N,N,yes
103201700193,6bf41810b584418c9e9f51c0b46c6282,L,L,N,N,N,N,H,H,H,H,L,L,yes
103201700204,a5ae70e5fa064337815355c972f70c3f,H,L,L,L,N,N,N,N,H,H,H,H,yes
104021810008,1e0aebd7b0334d81963cceb98abc2b64,N,N,N,N,L,L,L,H,H,H,N,N,yes
104021810017,69fe1296e62643ae831589db3e368cee,N,N,N,L,L,N,N,H,H,N,N,N,yes
104021810025,345271d5f42d4bb68cbefd4bc5fe165a,L,L,L,N,N,N,N,H,H,H,N,N,yes
104021810034,51d6adec32b04948af8fdfc2d7cd5ce9,L,L,N,N,N,H,H,H,N,N,N,L,yes
104021810042,3ac5a8e86df9427f905e18c85060093b,N,N,N,L,L,L,L,N,H,H,H,N,yes
104021810075,33d72c15c22e4193a22f89d6087978f6,N,N,N,N,N,L,L,L,N,N,N,H,yes
104021810084,6d8dfc681c3247a2bd049133392cf5f5,H,H,H,N,N,H,H,L,L,L,L,H,yes
104021810109,572dbe8173894e32b723538056173285,N,N,N,L,L,L,L,L,H,H,H,N,yes
104021810117,df0b43e26caa4c2fbd8422b108fbbede,H,H,N,N,N,L,L,L,L,N,N,H,yes
104021810158,e388d90053af4754844fdaf89d74a477,H,H,H,N,N,N,N,L,L,L,H,H,yes
104021810175,2a587a238d7248f6bb0505a7657a9ca2,N,N,N,L,L,L,N,N,H,H,N,N,yes
105011970059,025aa6c330234024a159947a74a27cb7,H,H,H,L,L,L,H,H,H,L,N,N,yes
105022000029,a2bf6c35fdcd42c69a5c5d4e4ce498ec,L,L,H,H,L,L,N,H,H,H,H,N,no
105202190223,bc6852e572de444e85158af694a0bc75,N,N,N,N,N,L,L,H,H,H,H,N,no
106012200014,349e1d76d94747adb42511ccac7c03b4,N,L,L,L,N,N,N,H,H,H,H,N,yes
106012200022,9f5a35f8683f4072ba8dd79fbe2893b3,L,L,L,N,N,N,N,H,H,H,N,N,yes
106012200044,a76b724c2f83402d8decd8eaf428326e,H,H,H,L,L,L,L,N,H,H,H,H,yes
106012200051,f03e120c8efa4a708c1f617c5ac7771f,H,H,H,L,L,L,L,N,H,H,H,H,yes
106012200067,a570550ddf1b4f91be1b016fa3c1bc94,N,L,L,L,L,L,L,H,H,H,H,H,yes
106012200074,0fefe02983d54c1e9c34e892cfc36aca,N,L,L,L,L,N,H,H,H,H,N,N,yes
106012200096,d9e64ae237c5421495e282d113f1b33c,L,L,L,L,N,N,H,H,H,H,H,H,yes
106012200103,a402e1330a0a49d9af436d82ddc4a2ad,N,N,N,N,L,L,L,H,H,H,H,N,yes
106012200111,f408e6986d064a479badfe445c059b10,L,L,N,N,H,H,H,H,H,H,N,N,yes
106012200118,7b0eb61063ce4c39a5910d7811a4f80a,L,N,N,N,N,N,H,H,H,N,L,L,yes
106012200140,a40dfdd1423a4301adda69279487b612,L,L,L,L,N,H,H,H,N,N,N,N,yes
106012200154,15301a838151412593a5aaa0a9ee3dd4,L,L,N,N,N,N,H,H,N,N,N,L,yes
106012210032,e582a4d6e6a9412a86d4b162d1993ba6,L,L,H,H,H,H,H,L,L,N,N,N,yes
106012210045,2034b55a41de4b928623efb78b9444b8,N,N,L,H,H,H,H,H,L,L,N,N,yes
106012210083,c6147f79ff9e4a7ebc0b750678530acd,L,L,L,H,H,H,N,N,N,N,N,N,no
106012210096,8897f4ccfd9a442699d5d4a5df36ad32,L,L,N,H,H,H,N,N,N,N,N,N,no
106012210109,3cf590999e8a4d2f8aa9edb7d2f5c9a2,H,H,H,N,N,L,L,L,N,N,N,N,yes
106012210122,d525875262dc4c2da8ba6c2b80dc5820,L,L,L,N,N,N,N,N,N,H,H,H,yes
106012210135,8f83af46a9364299825f1bbff6c76b06,L,L,L,N,H,H,H,N,N,N,N,N,yes
106012210148,c5e469c7fc2441398185c7f79b5ece13,N,N,N,N,L,L,L,N,H,H,H,H,yes
106012210160,6c61bb2d0721418ebabf2f2c3f1f0924,N,L,L,L,L,N,N,H,H,H,H,N,yes
106012210173,45b627bc2db740c09009a23deac04a22,L,N,N,N,N,N,H,H,H,H,H,L,yes
106012210186,dd157816118747f7b8c645deef83314a,L,L,L,N,N,H,H,H,H,N,N,N,yes
106012220017,9e377e99bbaa4fa1894e5c40b40fabbd,N,N,L,L,L,H,H,H,H,L,N,N,yes
106012220039,209f86cd9c734baab40065b101d7e5de,N,N,L,L,L,H,H,H,L,L,N,N,yes
106012220058,5424559a24a244fa9e09001adf3b7338,N,N,N,N,L,L,L,N,H,H,H,H,yes
106012220061,1299960eefdc49dc85e74275ff361dab,L,L,L,L,N,N,N,H,H,H,L,L,yes
106012220072,45c20fe32c0545df88f6a15eca3c77c3,N,N,N,N,N,N,N,H,H,H,H,L,yes
106012220083,299b0466b1c7480c9217a68f8b5ed850,L,L,L,L,N,N,H,H,H,N,N,N,yes
106012220100,1b3b07c731f049e3aaaf2a381aa34112,H,H,H,N,N,L,L,N,N,N,N,N,yes
106012220105,378d35459ffe4bbcb838fe972ccf76f4,N,N,N,L,L,L,N,N,H,H,H,H,yes
106012220144,b5e0d9d13de147dfa087af1a60d7aaae,N,N,N,L,L,L,L,H,H,H,N,N,yes
106012220171,8949b0927d47403689676499aaa0e554,H,H,L,L,L,H,H,N,N,N,N,N,yes
106012220192,e07b605d86664cfeb87f6d0f41a31538,H,H,H,L,L,L,L,N,N,N,N,N,yes
106012220214,58d807a0904745bd8e2b83c77c4e8afe,N,N,N,N,L,L,L,N,H,H,H,H,yes
106012220216,db8f2497fb26445b812c09f0489579de,N,N,N,N,N,N,H,H,H,L,L,N,yes
106012220236,8fe45ed101d248b69bfbec8dff4e906d,H,H,H,H,N,L,L,L,N,N,N,N,yes
106012220271,7084ffb8fe874654a9760d30a398bca4,H,H,H,L,L,L,L,H,N,H,H,H,yes
106012220280,e9233b566489450294fa0fb34d988278,H,H,H,N,N,N,N,N,L,L,N,N,yes
106012220302,bd28003ab98c4dd098a2ad695e965a20,H,H,H,H,N,N,N,N,N,L,L,L,yes
106012220346,0480490180ae492bab38520e1a2d9a52,H,H,H,N,N,N,N,N,L,L,L,N,yes
106012230013,6cc3588b213e4615aeff177626a94117,H,L,L,L,L,L,L,N,N,N,H,H,yes
106012230025,543c2daae0a74ab4ae162333c2a8773c,H,H,L,L,L,L,L,H,H,N,N,N,yes
106012230076,b8efd333b2634467b5b1792e5ced2351,N,N,L,L,L,H,H,H,H,H,N,N,yes
106012230114,1b585c1e49684f6c843546b9682ef3f7,L,L,N,N,N,N,H,H,H,H,L,L,yes
106012230139,268577bab7d041518347492975d84a26,H,H,N,N,N,N,N,L,L,N,N,N,yes
106012230164,f470912aca0d4bf9ab930d08bc30b5b7,H,N,N,N,N,H,L,L,L,N,N,N,yes
106012230177,a21dcb576aab47498258a551704d0e1a,H,N,H,N,N,N,N,N,L,N,N,H,yes
106012230189,ea138ed267034d4ebdd9fbd39ba55d9e,L,N,H,H,H,N,N,N,N,N,N,L,yes
106012230214,d22a7cedb38f47a5bb5e55fd3bb84ef6,N,N,N,N,N,N,H,H,L,N,N,N,no
106012230240,08930ad616d843e494d8e6a2eaf4e3d6,L,L,N,N,N,N,N,N,N,H,H,N,yes
106012230265,6f210f755f604616b64c7fdda5c141f2,N,N,N,N,N,L,N,N,N,N,H,H,no
106012240077,7806a20262774f9a8ee03b614d519d3f,L,L,N,N,H,H,H,H,H,N,N,N,yes
106012240118,c93e664735a04fbcb7b64d6373f9d187,L,N,N,H,H,H,H,N,N,N,L,N,no
106012240131,3d46228d82ab4af6900846a524e7afd7,N,N,N,N,H,H,H,N,L,L,L,N,no
106012240145,be7052f4ef864621b73a037b0250ad97,L,L,L,H,H,H,N,N,N,N,N,N,yes
106012240213,5be039c8d1b847cab12920c270d4550b,L,N,N,N,N,N,N,H,H,H,L,L,yes
106012250020,db2c6d4784534897bed7627d3da9fe5b,H,H,H,H,L,L,L,L,N,N,N,H,yes
106012250041,f7829011889047ceb17dbfc813975b41,H,H,H,H,N,N,N,N,L,L,L,L,yes
106012250073,f5c2b9e0a1564d72ad39e5451938a74d,L,L,H,H,H,H,N,N,N,N,N,L,yes
106012250104,72850970ea644041afd723b084c8f977,N,H,H,N,N,N,N,N,N,L,L,N,no
106012250115,57edb87ee5654b2d95bf3ef82268309b,N,N,N,N,N,H,H,H,H,L,L,N,no
106012250125,12ab5c1acc054bbe96f5891e1bbbef35,N,H,H,H,N,N,N,N,N,L,L,L,yes
106012250136,53e1f38072e04f3b800220bbff635724,L,L,H,H,H,N,N,N,N,N,N,N,yes
106012250146,e860248dd75d4a31b23797207e238d3a,L,L,N,N,N,N,N,H,H,H,N,N,yes
106012250157,04a0e3b5b49a427c8b782738771d49f8,L,L,H,H,H,H,L,N,N,N,N,N,no
106012260028,db10b756b2b649338d6b0cc5dab1db9e,L,L,L,L,N,N,N,H,H,H,H,N,yes
106012260040,8b0ebd3d0c924e9a9b4bd21cc002d741,N,N,N,N,L,L,L,N,H,H,H,N,yes
106012260050,9dbe97677cf34164bd36cb6195d6e564,H,H,H,N,L,L,L,N,N,N,N,N,yes
106012260069,3d2b9530620a405990773f77c92d42a8,L,L,L,H,H,H,N,N,N,N,N,N,no
106012260100,cdfa04e88e6a4bceae9f15d91717ab16,H,H,N,N,N,L,L,L,N,N,H,H,yes
106012260130,24f61a0bb3ae4063aa695299a1c2a06f,H,N,L,L,N,N,N,N,N,N,H,H,yes
106012260178,695c88c0e74f46df9d2cf894dce80226,L,L,N,N,N,N,H,H,N,N,N,N,no
106012260187,f17a42fb774c48159d3ba06c7947d794,L,L,N,N,N,N,N,H,H,N,N,N,no
106012270069,7e11ef02f9b34c8e9c4c53e77030ba51,L,L,N,N,N,N,N,H,H,H,L,L,yes
106012270125,97c3a192048e45fd95240ad1844012e6,L,L,L,N,N,N,N,H,H,H,N,N,no
106012270144,cc6e6992ce7e4b13b8a09e070d177a21,H,H,H,L,L,N,N,N,N,N,N,N,yes
106012270162,53b1172c8b584b9baacecaa75a988982,N,N,N,H,H,H,H,N,L,L,N,L,yes
106012270200,04c38d53d62b482bbfc3a109067bb1bd,L,L,L,N,H,H,H,H,H,N,N,N,yes
106012270218,d357c0f4a3f1482eb6dc49010ca922ad,L,L,L,H,H,H,N,N,N,N,N,N,yes
106012270237,a4ff3f3e76a34cb7b272ec5035aac380,N,N,N,N,L,L,L,L,N,H,H,H,yes
106012270293,2ac54c7210634102a098006563a6109e,N,N,L,L,L,N,N,H,H,H,H,N,yes
106012280009,78b197b91ead4fb9b1e4169ed8a70414,L,L,N,N,H,H,H,H,N,N,N,L,yes
106012280034,dda4810cf7b841b592cbc3ba5e724664,N,N,L,L,L,N,N,H,H,H,H,N,yes
106012280047,de883c94d8d34853b61115cdd00fdf46,N,N,N,H,H,H,H,L,L,L,L,N,yes
106012280073,cfdf0fa754b54dd6ae961b086d0e4809,H,H,H,L,L,L,N,N,N,N,N,N,yes
106012280086,6c0b94731eee47a2b5f6df8121cf5a88,H,H,H,N,N,L,L,L,L,N,N,L,yes
106012280112,4d7b3586ebbb4dbe8fc6c8aa42001680,L,L,L,N,N,N,N,N,H,H,H,N,no
106012280125,d51a234aa5ad4429b8b6544e6fc7f9ef,L,N,N,N,H,H,H,H,H,N,N,L,yes
106012280202,c92aa55251ef4f77bc3ad73272131d59,N,L,L,N,N,N,N,H,H,H,N,N,yes
106012290014,3791687e2dce4cb0a821cc40e1168138,N,N,N,L,N,H,H,H,N,N,N,N,no
106012290028,d07e0bc3673e4f3999f6d05ef71292c0,L,L,N,N,N,N,N,H,H,H,N,N,no
106012290035,69ba1df06ccf48db9ddecb90fe7e939b,N,N,N,N,N,L,L,N,H,H,N,N,no
106012290099,e6b53d2272664802be315ddb143b7ca6,H,N,L,N,L,L,L,L,N,H,H,N,yes
106012290106,91d602bf8b964afa832f1a3edae623e8,L,L,N,N,N,N,H,H,H,N,N,N,yes
106012290127,e3dd2bf23dbe4613b01f92dbc462ed99,L,L,N,N,N,H,H,H,H,N,L,N,no
106012290134,4073d45af850495d9611563823d55180,L,L,L,N,N,N,N,H,H,H,H,H,yes
106012290148,75d146ba5d274fe5a5ce4d5839b79d90,L,L,L,N,N,N,N,H,H,H,H,N,yes
106202300013,61ee173f98a8446aaa4958952332d3a8,H,H,N,N,N,L,L,L,N,N,N,N,yes
106202300082,4dba48e4d4fc48b1bac49b4cb0c91068,L,L,L,N,N,N,N,H,H,H,H,L,yes
106202300089,2f8971e7fbff406191acd839d916be01,H,H,H,H,H,L,L,L,N,H,H,H,yes
106202300095,28d4dd17ff594965b48ecc37a062b995,H,H,H,H,H,L,L,H,H,H,H,N,yes
106202300141,a292ea9b618a4cc3bd7ad0ce0ebc822d,N,N,N,N,L,L,L,H,H,H,H,H,yes
107322320200,8ac2991da71f46e1b385efaf513c6fb6,N,N,N,N,N,N,H,H,H,L,L,N,yes
107322320477,980d7b184cf64f309424902803c75953,H,H,H,H,H,N,N,N,L,L,H,H,yes
107322330277,3b9aff7d8c404323a58199ee00fcd049,N,N,N,N,L,L,N,H,H,N,N,N,yes
107332340503,d5be36c2998a48a68ac4c1ba6410543e,N,N,H,H,H,H,L,L,L,L,N,N,yes
107332340910,358e06d5b8524baa882ce3d0c260cbd9,L,H,H,L,L,N,N,L,H,H,H,H,yes
107332350195,dcc4ea28b5914baf9cb6086657e26b7d,H,H,L,L,L,N,L,L,H,H,H,H,yes
107362430282,a4fe5fe843c14aee824c609b106c60d5,N,N,N,N,L,L,N,N,H,H,N,N,yes
107362430500,bc4b9c77aa524ecc8c32cd5dad9ac1b1,N,N,N,L,L,L,L,H,H,H,H,N,yes
107362450085,facbe5743ed6473bbf36171476664030,L,L,L,L,L,L,N,H,H,H,H,L,yes
107362451549,4382632f2bb244fea987b0126b0a465c,L,L,L,N,N,N,N,H,H,H,N,N,yes
201012550055,1b47b3b89cff46d7b7094f70acb9527c,L,L,L,L,N,N,N,N,N,H,H,H,yes
201012550061,af53298f2257416d92bb0a6387f4c8b6,H,N,N,N,N,N,N,L,L,L,H,H,no
201082640210,3cbbef7211f64075b2c9ced883f6241d,N,N,N,L,L,L,L,H,H,H,L,L,yes
201082640304,5cd17aa582ec463e84659a66629604ae,L,L,L,H,N,N,N,N,L,L,L,N,yes
201092650014,cf4256eda8da4ec491a36a56cd1864e8,H,N,L,N,N,N,L,L,H,H,H,H,yes
201112710059,c528094c2b9b4b03a6cd38525fec71a6,N,N,N,N,H,H,H,L,L,N,N,N,yes
201112710191,a318bc3ae2f24feb9e9bd9b45b8fa332,N,L,H,H,H,H,H,L,L,N,N,N,yes
201112710220,e2d07b2050aa42bbbbca84d0837eb48c,N,N,H,N,N,H,L,L,L,L,L,L,yes
201202780377,3aa902aca4bf4ecea0d28df88dab9a8a,N,N,N,N,H,H,H,N,L,L,N,N,no
202012790011,2a95fcb052ee42a2b5c022452cadc2d0,N,L,H,H,L,H,H,N,N,N,N,N,yes
202012790029,bea54af9c5784c588259a0e17174c84a,H,H,N,N,N,L,L,L,L,L,L,H,yes
202012790035,f4dcd135283b45529ce279049f9e7c7e,N,L,L,L,N,N,N,H,H,H,N,N,yes
202012790040,7241cd8f32ff4106b55025b4a6f5d740,N,N,N,L,L,L,L,H,H,H,N,N,no
202012790058,3d3b7a43da3d48799c2091f8a6f74da8,N,N,H,H,H,H,L,L,N,N,N,N,yes
202012790076,756f72ccd7ea4838ac486b84b997a376,N,L,L,L,L,N,N,H,H,H,H,N,yes
202012790082,f3931272aa644e458f05c63146321d94,L,L,H,N,N,N,N,N,N,N,H,N,yes
202012790110,307b4e2bc52f43c4bf011312ecbde122,N,N,H,H,H,H,L,L,N,N,N,N,yes
202012790121,73039d062d694c268787010492da465f,L,L,L,L,L,N,N,H,H,H,H,L,yes
202012800326,3fbd7b37724e455dacc437a553c71494,L,L,L,L,N,N,N,H,H,H,N,N,yes
202012800563,24166bfee90244d6bcddd9425d83f604,N,N,L,L,N,N,N,H,H,H,L,L,yes
202012820295,a3ff4ca2b2d0422ca90b696d1555b361,H,H,H,N,N,N,L,N,N,N,N,N,no
202012830237,f1e45c98b9aa4142aa04d55d518d6618,N,N,N,N,N,L,L,H,H,H,H,N,yes
202012830284,0411cb316e704bbab15419065cd7e7c6,N,N,N,N,N,L,N,H,H,H,N,N,yes
202012830332,e118aea74b9441689e8c0614c3be2f81,H,L,L,L,L,N,N,L,L,H,H,H,yes
202022860151,1aebb2bd19a94738873e88180560fa2c,L,L,L,N,H,H,H,N,N,N,N,N,no
202032880190,b08aa2f097364d9aac1ff7894c3c1cab,H,N,H,H,L,L,L,H,H,H,H,H,yes
202032880338,6b9db2dabc944f5ba2633839eafd5d77,H,H,H,N,L,L,L,N,N,N,N,H,yes
202032900002,5b4548bf808a4f0c9d0cd57f822fbe32,L,L,L,N,N,N,N,H,H,H,H,N,yes
202032900124,0d032afe0afd4b21aad2c2d193047d54,L,L,L,H,H,H,H,H,H,H,N,N,no
202032900151,1f30ffc4d661494ba2460dcbd9d9fe72,N,N,N,N,L,L,L,H,H,H,H,H,yes
202032910060,bcd3b9e845524f8c882da48b8e0783cd,L,L,L,L,L,L,L,N,N,H,H,H,yes
202032910071,b5ab8fdf6d5c4ad0ad538cde105afd8f,N,N,N,L,L,L,N,H,H,H,H,H,yes
202032910109,8b8a30535d3a4b6c8daf509e81eaaa47,N,N,N,L,L,L,N,H,H,H,H,H,yes
202042920087,a869738b3ba644d694cd471ba4fc1217,H,L,L,L,L,L,L,L,H,H,N,H,yes
202042920250,df201e07e33d498e88849bae523fe4fb,H,H,H,H,L,N,N,L,L,L,L,H,no
202042930039,4a44c65028c0441ebcec6279f89cd169,N,N,N,N,H,H,H,L,L,N,N,N,yes
202052940093,61c9e748bb344bc3ba535a8178b69293,N,H,L,L,L,N,N,N,N,N,N,N,yes
202052960016,708689c50f3e464baf957a6322770d1f,H,H,H,H,H,N,N,L,L,H,H,H,yes
202052960102,5497e1a94fdd421293c4227a0fe71b31,L,L,N,N,H,H,H,H,H,H,L,N,yes
202052980182,501edaad2ff549519cbf0dc13638bd65,L,L,N,N,H,H,H,H,H,H,L,L,no
202052980446,9e675de9b63c42e7a24eb9a8501cfecd,N,H,H,H,H,L,L,N,N,N,N,N,yes
202052980483,8ddd6c96ab654f27b5c4a57019e4ff26,N,L,N,N,N,H,H,H,H,H,H,H,yes
202203010134,ebb1936f05454d26bbc2e76ecbec96b7,H,H,N,N,N,L,L,L,N,N,N,N,yes
202203010246,e3d894e9e2ac4a19ab0e8d0c0b7c4084,H,N,N,N,L,L,L,H,H,H,H,H,yes
203043150058,05287b8a9b02420aab61f38e7735a661,L,L,L,N,N,N,H,H,H,N,N,N,no
204013290361,d0e7292b2751426d8dbccb604e7a5637,L,L,L,L,H,H,H,H,H,H,N,N,yes
204023310139,82ba414784a74d67a4969642d33547c2,L,L,L,H,H,H,H,H,H,H,N,N,yes
204023310182,012da9e82da04e21a13f1211b30dbac4,N,H,H,H,H,L,L,L,N,N,N,N,yes
204033350225,790820b51ec4480384f763450bb42496,H,H,L,L,N,N,N,L,L,H,H,H,no
204033350258,9e82a1c74f294d6ab25ffe94cd31d07d,H,L,H,H,H,H,L,N,N,N,N,L,yes
204043420247,92c48cd2afff46b5a45a5e28ca882082,H,H,H,N,N,N,L,L,L,L,H,H,no
204073490117,cec7d1c2f9e94674af21c60ec197216b,L,L,L,L,L,H,H,H,H,N,N,N,no
204073490314,55979eee64554e1289d1d0def5e2c98d,H,H,H,L,L,L,L,N,H,H,H,H,yes
204213500237,3c9c87d185594c99acf7801c92890fc7,L,L,L,L,H,H,L,L,L,L,N,N,no
205013520002,c98aa0e64d244cf282e499f933bd9013,H,H,H,H,L,L,L,L,L,L,N,N,yes
205053610028,6893c0ddf8ba4480a581b0e5013b3a58,N,N,N,N,L,L,L,N,H,H,H,H,yes
205053630007,c4a5b9b6955f4b9ebb760011982608f3,H,H,L,L,L,N,N,H,H,H,H,H,yes
205053630038,7c95a7771a7b49d399a16e7f087e6d7a,N,L,L,L,L,L,L,H,H,H,H,N,yes
205063640084,ffbc73c7c17549d2993d0961303bef5e,L,H,N,N,H,H,H,L,L,L,L,L,yes
205073660215,6be01cfaa04340bba2fe0bfaddaea4f7,H,H,H,H,N,L,L,L,L,N,N,H,yes
205073690098,6309510319224b90a8b1c9a7b86d1d8a,N,N,N,N,N,N,N,H,H,H,L,N,no
205093710037,5cd87a3c0e03474aae127305863dab3c,N,N,H,L,L,H,H,L,L,L,L,N,yes
205093710051,13e9088afe9c438cac1a4f7903b6c3d6,N,N,H,H,N,L,L,L,L,H,H,H,yes
205093710189,d5af1a731bea4a6cbaf9626d48a5536b,L,L,L,L,L,N,L,L,H,H,L,L,yes
205203730449,4a5446062c9147b0840e38c0f0f537d7,H,H,H,H,L,L,L,L,L,N,N,H,yes
205213740051,efead557527c4756938f9c6280e9d4f1,L,L,L,L,L,N,N,H,H,H,H,L,yes
205213740258,1be356194ac443a58ce70510ed78b02d,L,L,N,N,N,H,N,N,N,N,N,N,yes
206023810092,19999a7f57e14193a4c9da2c6912cae9,N,N,N,N,H,N,L,N,N,N,N,N,yes
206023810554,f1d320e5dee143feb8d0a61d8a17ac13,N,N,N,N,L,N,H,H,H,N,N,N,no
206104000156,eaff9789680b4089a9ca81168d86577c,L,N,N,N,N,N,N,N,N,H,N,N,yes
207204340029,ab04801d0c304c8d9b9847efd92646d1,N,N,N,N,L,L,L,H,H,H,N,N,yes
208074530245,d42801a9eb0f4ab985798cb018d206e7,N,L,L,N,N,H,H,N,N,N,N,N,yes
208074530303,8b3253a5c03d41eb9aafd4a82925bb87,N,N,H,N,N,L,N,N,N,N,N,N,yes
208074560039,81a57628687f42b982a6f9bc5c4c67dd,L,L,L,L,L,N,N,H,H,H,H,H,yes
209084770336,452339c5e51b4de0b1b5364a06ce2b63,H,N,N,L,N,L,N,N,N,N,N,N,yes
210374850023,727b994c7d5645c79c25721f927f4db6,N,N,N,N,L,L,L,H,H,H,H,H,yes
210374860204,0afa6cb107f04e33a5c49ec8b08c7a13,N,N,N,N,N,L,L,N,H,H,H,N,yes
210554990115,a0c88c606aba4243919fc58a511ecf92,N,H,N,N,N,L,L,L,H,H,H,N,yes
210805070191,ed21f28c6ce84bbbba2e339a1133791e,H,H,H,H,L,L,L,L,N,L,H,H,yes
210805080289,94707d2cf0d0412e89fbac899ad7b35b,N,N,N,H,H,N,N,N,N,L,L,L,no
210865120474,d7b785220d5f4c0f97941d0db6959d61,H,N,N,L,L,L,N,L,H,H,H,H,yes
210875140870,b390fcb5bd0f4a16adc6b6aa9c2ede77,H,H,N,N,L,L,L,L,N,N,H,H,yes
210875150460,190c7b9e5cf54fd29cc63a8c52958266,H,N,N,L,N,N,L,H,H,H,H,H,yes
210875151070,e8705d98dfd04f49a6b97f4e407ba94e,N,N,N,N,N,L,N,N,N,H,N,N,yes
210885170286,7acafc1403574c2698ef86f309ca1fe3,N,N,N,L,L,N,L,N,H,H,H,N,yes
301015200213,b1996666a3424c91ba9b4e65358293f2,N,N,N,N,L,L,L,N,N,H,H,H,yes
301025240017,f461be67c7ff4396b43392d0274e262e,L,L,L,H,N,N,N,N,N,H,H,H,yes
301025240034,8f666486648f44ea8d02359f35a2bd9f,N,H,H,N,N,N,N,L,L,N,N,N,yes
301025240314,3aff34efc5254364b6bceeeb1932b2c4,L,L,N,N,N,H,H,H,N,L,L,L,yes
301035250264,99c9b70b452f42adb3653c2fbdac459f,H,H,N,N,N,N,N,N,N,N,N,L,yes
301035280256,f43028dc885a427aac52422c3df57cf4,N,L,L,L,N,N,N,H,H,H,H,N,yes
301055320260,85bde2595a884ce7b4a397db85b877dd,H,H,H,H,N,N,N,L,L,L,L,H,yes
301065340227,1e3682f76ba944d387b91829b93c0f6f,H,H,H,H,H,L,L,L,N,N,N,N,yes
301065350203,cce2c24618604956b7430f0549b208b3,H,H,L,L,L,L,L,L,N,N,N,H,yes
301085380027,e0834f6a719e4b6a8d46bc4cf7dcebf7,L,L,L,L,N,H,H,H,L,L,L,L,yes
301085380160,776f944f5bef40be9a86bd44244485cf,H,N,N,N,N,N,N,N,N,L,L,N,yes
301095400608,fd4a5b3db7114eac91591333c1294235,L,L,L,N,H,H,H,H,N,N,N,N,yes
301215420031,b4237fc6be1e4fd9b358e91f617a06cd,L,L,N,N,N,H,H,H,N,N,N,L,yes
301215420102,8fe404afd210435ebf7f864bb9439bd9,N,N,N,N,N,H,H,H,N,L,L,N,yes
301215420280,f1b6f0ef573a4c7ebacbb5c7d5b77b82,H,H,N,L,L,L,N,N,N,N,N,H,yes
301215420316,a1b108372db640c6a66e9b79ac79ddb8,H,L,L,L,H,H,H,N,N,N,N,H,yes
301215420387,46a12026a67544e99cd141708ce0698c,N,N,N,N,N,H,H,L,L,N,N,H,yes
301215420565,f0c89d23cb8f422c96d9fff1e9a2982c,L,L,L,N,N,N,N,H,H,H,L,L,yes
302015440278,27c8b4f27c694ba4b642b7519c491401,H,H,H,N,L,L,L,N,N,N,N,N,yes
302035530051,48de4c2b59e84c6993d7b64c853bbfec,N,L,H,H,H,L,L,L,L,N,N,N,yes
302035540030,2ed0c205f1dd42ba938c9bc18c8b4451,H,H,L,L,L,N,N,H,H,N,N,N,yes
302035540045,be0e640433434181b3ab6564a2d60338,N,H,H,H,H,H,N,N,L,L,L,N,yes
302035540060,4bf25f3de9f34ebf91fc9fc3775d4d95,N,N,H,H,H,L,L,L,N,N,N,N,yes
302035540075,00c095c9651d4a71a0c58ce0d2c96b40,N,N,N,L,L,L,N,H,H,H,N,N,yes
302035540090,82db37c27f1a4d3dad081d4698f75d05,N,N,H,H,H,H,H,N,N,N,L,L,yes
302035540196,ac0bc9d9b3264e80bece616687522955,H,H,H,N,N,L,L,N,N,N,N,N,yes
302035540211,942af73fcf754f59b412db31d02c7cc3,L,L,L,L,N,N,N,N,N,N,H,H,yes
302035540256,4956d949fe6d49f69d9ba20a8d4b86a1,H,H,H,H,L,L,L,N,N,N,N,H,yes
302035540271,d7ff56ed5b444e3493fd0b78d27a9cc5,H,N,N,N,N,N,N,N,L,L,N,H,yes
302055560066,98393db9f92b48ddb2967d1a876860d7,H,N,N,N,L,L,L,L,N,H,N,N,yes
302055560090,0da34ccbd1f84c3bbd7b1208c42a9189,H,N,H,H,H,H,N,N,N,L,L,N,yes
302055560470,815ab5adbfb44b2e8fa7993ddccc7d64,N,H,H,H,N,N,N,L,L,N,N,N,yes
302075590004,fb21bda6e97540dc9393e755cf5221de,N,N,H,H,H,H,H,L,L,L,L,L,yes
302075600033,ec27dff59dc04b33b2ca19d9e24ace5a,N,N,N,N,N,N,N,H,H,H,L,L,yes
302075600255,0a4f52e5fc644f849d1a6fbec7e4881d,H,H,H,N,L,L,L,N,N,N,H,H,yes
302085620073,8987c86a34d44006b4ddb42e2e4cf735,N,N,H,H,L,L,N,H,N,N,N,N,yes
302225660115,1761f7fb3e9543ffaefd592cb0889f0b,L,L,L,H,H,H,H,N,N,N,N,L,yes
302225660326,74bc7010bacb4017a8aae5c7777b0798,L,N,N,H,H,H,H,N,N,L,L,L,yes
303015680066,8e25d3aa0ee24f1d99fca279f1f2521e,N,N,H,H,H,H,L,L,L,L,N,N,yes
303015690120,922113266ae24517a43844caa8a37750,H,H,H,H,H,H,H,H,H,H,H,H,no
303025700103,0eb287db17c24a99999f8988247a7abd,N,N,N,L,L,L,H,H,H,N,N,N,yes
303025730018,cceb5c77d3e84c32986566ca1771284d,N,H,H,H,H,H,L,L,L,L,N,N,yes
303025730130,ea35b6b913e24b4693837847c8b344c5,H,H,L,L,N,N,N,N,N,N,N,N,yes
303025730226,b6be6a7b4cfd4d7b95bf635c402234fc,N,N,H,H,H,H,L,L,L,L,N,N,yes
303025730244,91391097bfac4a869bf7a04812e387af,H,H,H,H,L,L,L,H,H,N,N,H,yes
303025730318,31fda59924d7462799196c02098345af,H,H,H,H,H,L,L,L,N,N,N,N,yes
303025730354,c88d0feb34de41e7b29b020fac7d45c2,H,L,H,L,L,H,L,L,H,H,H,N,yes
303055780289,1be1a225a48d412ba1cab999e4834d5d,L,H,H,H,N,N,N,N,N,L,L,L,yes
303055800023,4dd8a0e807d04c03a2bf1155f21b36bb,H,H,N,N,N,L,L,L,L,L,N,N,no
303055820201,b10327d29eda4cd0ae7e6787e55bfbd7,H,H,H,H,H,H,H,L,L,N,N,N,yes
303055820216,7a23a24a40fd4f1d8e9768779ce9fb36,H,H,H,H,H,H,H,H,H,H,H,H,no
304015910149,f33926a19b134198b97cbcc785af0118,H,H,H,H,L,L,L,L,N,N,N,N,yes
304015920124,af4a9f1c63364ea69500412b8f26c274,N,N,L,L,N,N,N,N,N,N,H,H,yes
304025950424,6987648215c242c8b6d495d7142a3237,N,H,H,H,L,L,L,H,H,H,N,N,yes
304025980144,b94c59bd9c184e95ac23128e2295d938,N,N,N,N,N,N,N,N,N,N,N,N,
304036040048,981d44710cb94b1d8014424f53f1c3a0,L,L,L,L,L,.,.,H,H,H,N,N,yes
305016170215,0516be73b8c246a98c954963f4bde6cc,N,N,N,N,L,L,L,H,H,H,N,N,yes
305016190456,d9525b0f771f455096b7c2c792aa21cf,L,L,L,L,L,L,L,H,H,H,N,N,no
306026510196,9d4449ecd0cb48c6a6d42832a895f56f,H,L,L,N,N,N,N,N,N,N,H,H,yes
307016630198,88752c4bfd9f4b93afeb4b9862a23fb3,N,N,N,H,H,H,H,H,L,L,L,N,yes
307056690018,1d49f698513944f38d3dcde0818f5049,N,N,N,N,N,L,L,H,H,H,H,N,yes
307086750075,e0401c946e5c4ba48085bacd60bac87a,N,N,H,N,N,N,N,L,L,N,N,N,yes
307106810150,ce6a8c8a21394f179a66afd1ce6d05d5,H,H,H,H,L,N,L,H,H,H,H,H,no
307106830175,1c161fa67069488e8c3fbecbaa794851,N,N,N,N,L,L,L,N,H,H,N,N,yes
308016880131,91bd639b25704ead98b10eaceba3c32e,N,N,N,N,L,L,L,N,N,H,H,H,no
308057040251,f8d95247df0f4a5fb80ce2e6ae6b0217,H,H,H,H,L,L,L,L,N,N,N,N,yes
308207100056,462be412cdc7434fae547cf40bdcd14e,L,L,L,L,N,N,H,H,H,H,N,N,yes
309017110008,fb9cfecf8ec54a568bb360f6989b7441,N,N,N,H,H,H,L,L,L,L,L,N,yes
309017130078,0efc68515967476cb7731b9a3aa6e407,L,L,N,N,N,H,H,H,H,H,L,L,yes
309017210120,9b4f8d0572834553baa0b8b9d8b23e5c,N,H,H,N,N,L,L,N,N,N,N,N,yes
309017250111,31ff781d12ad47ef913859d5728335c5,N,N,N,N,L,H,N,N,N,N,N,N,yes
309027280038,16e326ad87924bd5941f15f3a800c567,N,N,L,L,L,N,N,H,H,H,N,N,yes
309037320027,e4976bb96e2b4efea6da21ce803ee95f,N,N,L,L,L,N,N,H,H,H,N,N,yes
309037320057,7fb8a91e208e44099f110cc25a37958f,N,L,L,N,N,N,N,H,H,H,H,H,yes
309037320086,db38df48375440688e2b4a99ace3d3e3,N,H,H,H,L,N,N,L,L,H,H,H,yes
309037320145,f4c360a70cf94e36992ea6b95dafeddf,N,N,H,H,H,L,L,L,L,L,L,N,yes
309037320155,df5c912c36334f76954e43a1573b7495,L,L,L,N,N,N,N,N,H,H,H,H,yes
309037330240,d886725771674e3a9d50f600189e4c51,H,H,H,N,L,L,L,N,N,N,N,N,yes
309037330358,ac29c40bd5d145e3abc001c40fb75f97,N,N,H,H,L,L,L,H,H,H,N,N,yes
310017360274,162acaab50714710968e18ba60d29705,H,H,N,N,N,L,N,N,N,N,N,H,yes
310037450096,7153c2c65b0d45e8acce91b1a2318529,L,L,L,N,N,N,N,N,H,H,H,H,yes
310037490103,a69cb4b685ad49d5aca705ae92733104,N,N,L,L,L,L,H,H,H,H,N,N,yes
310077550132,eae7ed540374429c86b201f812121926,H,H,H,H,L,L,L,L,N,N,N,H,yes
310077550352,172e48fd0bfb4a63918d58fad28215fd,H,H,H,H,N,N,N,L,L,L,N,N,yes
311047620222,59af2959373a49688125879137dc025b,H,N,N,N,N,N,N,N,N,N,N,L,yes
311047620238,55528faf2f834dca86748ae2b0071c91,N,N,N,H,H,H,L,L,N,N,N,N,yes
311047630069,8cf75072c8eb4ae78ac071e755650742,N,N,L,L,L,N,N,H,H,H,N,N,yes
311047660049,560b4e33c23942f68dd09fdc7b38cfa4,H,N,N,N,N,N,L,L,N,N,N,N,yes
311047660204,4861d8dd61ff411b8ffb7659ec704227,H,H,H,L,L,L,L,N,N,N,N,H,yes
311047670007,fc0c6c2029ba4946904eeb0f511725eb,H,N,N,N,N,L,L,N,N,H,H,H,yes
311047670022,23854e9fb8674e979c09cc41550e9bbc,N,N,L,L,L,N,N,N,H,H,H,N,yes
311047680199,742c8b9196d14efba5a985ee1efeb29e,H,N,N,N,L,L,L,L,H,H,H,H,yes
311047680229,2269acdf7ce34832985d1e67590ac420,L,L,L,N,N,N,N,H,H,H,H,L,yes
311057710150,a0c68262af9248adbd39f263f4a84599,N,N,N,L,L,N,N,H,H,H,H,H,yes
311057710280,544b3d6ccd84498d85911c4649a17139,H,H,H,L,L,L,N,N,N,N,N,H,yes
311057710308,4658ff81394f4c798120107d9b2bfde2,N,N,N,N,N,N,N,N,N,L,N,H,yes
311067720146,b8d409cb3ee24381ba71da61af33e207,H,H,H,N,L,L,L,N,N,N,N,H,yes
311067720273,70dff86abc944d74bc3ae3486c9c2c64,N,N,N,N,N,H,H,H,L,L,L,N,yes
311067740059,e1748feaa90e4f07b7e37d87d03cf617,H,H,N,N,N,L,N,N,N,N,N,N,yes
311067740080,781c700f8e414a31852de87685434cd7,H,H,H,N,N,L,L,N,N,N,N,H,yes
311067750056,8452d6e2e58d4ef38043d23768dfeb15,N,N,L,L,L,L,L,N,H,H,H,N,yes
311077770214,53d9ca6b84f141adb29292582dbf95f0,H,H,H,N,H,H,H,L,N,N,N,N,yes
312047990066,2ebe9c08289c4087935012dfc9f5ce45,H,H,H,N,N,L,L,L,L,N,N,H,yes
312047990082,02355a1ee3a74b9bb452f5dcdff6b87a,H,N,N,N,L,L,L,H,H,N,N,N,yes
312048040183,5b85b6dcf076416e94caca4e2f8cfdb3,H,H,L,L,L,L,L,N,N,N,N,H,yes
313018070014,090c129e99c04721937dfd9c90edcba2,H,N,N,L,L,N,N,N,H,H,H,H,yes
313018070048,cc01320b172b411681e05f7252144c7d,N,N,N,N,N,N,L,L,N,H,H,N,yes
313018070067,c24c51d7535247bf88d327efaa31a3e5,N,N,N,N,N,N,N,L,L,H,H,H,yes
313038230214,fca3fb36419040eaa13c5bdc2a8b40dd,N,N,L,L,L,N,N,N,N,H,H,H,yes
313068290048,3cfcd91201b54ab883b4b490d6762d10,N,N,N,N,L,L,N,H,H,H,N,N,yes
314318320128,2aba7338613b4eebb963a0cee9c9ab43,N,N,N,L,L,L,L,H,H,H,H,H,yes
314358370415,dd156401fbe44f2db6c547347da9cc79,N,N,N,N,L,L,N,H,H,H,N,N,yes
314378420017,517c7c83d45240b39542015b350195aa,N,H,H,H,H,L,L,L,N,N,N,N,yes
314388430049,1e8e6b36417d4b0b9fff118f9b059117,N,N,N,N,L,L,L,H,N,N,N,N,yes
314388450011,f478fb201e6348658245b54bf778e6aa,N,N,N,L,N,L,L,H,H,H,H,H,no
314428510040,78103eec633f4f3a90cc0cc4d429f1d3,H,H,H,N,N,N,N,L,L,L,L,H,yes
315488730348,9603ffcb28404705b92577e4b8e09bd4,N,N,N,N,N,N,N,N,N,N,N,N,no
